{"loss": 0.07614873170852662, "accuracy": 0.1433333333333333}
{"loss": 0.07530521353085837, "accuracy": 0.3533333333333334}
{"loss": 0.07398598074913024, "accuracy": 0.41166666666666674}
{"loss": 0.07184640288352966, "accuracy": 0.4683333333333334}
{"loss": 0.06857109248638152, "accuracy": 0.5566666666666666}
{"loss": 0.06476663053035736, "accuracy": 0.5616666666666665}
{"loss": 0.05966884156068166, "accuracy": 0.5733333333333334}
{"loss": 0.05462834656238556, "accuracy": 0.5783333333333334}
{"loss": 0.04922065595785777, "accuracy": 0.6016666666666667}
{"loss": 0.04633782883485158, "accuracy": 0.5566666666666666}
{"loss": 0.04167918980121613, "accuracy": 0.6083333333333334}
{"loss": 0.03962287276983261, "accuracy": 0.6216666666666667}
{"loss": 0.03599070101976394, "accuracy": 0.6449999999999999}
{"loss": 0.03517530083656311, "accuracy": 0.6533333333333333}
{"loss": 0.03154222965240479, "accuracy": 0.6783333333333333}
{"loss": 0.03056739866733551, "accuracy": 0.7}
{"loss": 0.029150624970595042, "accuracy": 0.68}
{"loss": 0.027684070467948914, "accuracy": 0.745}
{"loss": 0.027805780867735545, "accuracy": 0.7033333333333334}
{"loss": 0.025485620747009913, "accuracy": 0.7433333333333334}
