{"round": 0, "loss": 0.07212486484050751, "accuracy": 0.0958}
{"round": 1, "loss": 0.07143800930976868, "accuracy": 0.1436}
{"round": 2, "loss": 0.07063410923480988, "accuracy": 0.3801}
{"round": 3, "loss": 0.06933286714553832, "accuracy": 0.4451}
{"round": 4, "loss": 0.06725038638114929, "accuracy": 0.5218}
{"round": 5, "loss": 0.06396353220939636, "accuracy": 0.6006}
{"round": 6, "loss": 0.060144670140743255, "accuracy": 0.6109}
{"round": 7, "loss": 0.05478712595701218, "accuracy": 0.6432}
{"round": 8, "loss": 0.04951542237997055, "accuracy": 0.6217}
{"round": 9, "loss": 0.044179068315029144, "accuracy": 0.6571}
{"round": 10, "loss": 0.040681178122758864, "accuracy": 0.604}
{"round": 11, "loss": 0.036204177874326705, "accuracy": 0.6689}
{"round": 12, "loss": 0.03381369876265526, "accuracy": 0.6691}
{"round": 13, "loss": 0.030696242427825926, "accuracy": 0.6921}
{"round": 14, "loss": 0.029649202531576158, "accuracy": 0.6996}
{"round": 15, "loss": 0.02694904430806637, "accuracy": 0.7164}
{"round": 16, "loss": 0.025622393155097963, "accuracy": 0.7385}
{"round": 17, "loss": 0.024699471348524092, "accuracy": 0.7347}
{"round": 18, "loss": 0.022977795094251633, "accuracy": 0.7641}
{"round": 19, "loss": 0.02398887096941471, "accuracy": 0.7345}
{"round": 20, "loss": 0.021293779581785202, "accuracy": 0.7754}
