{"loss": 0.07649244517087936, "accuracy": 0.159375}
{"loss": 0.07600577995181083, "accuracy": 0.13645833333333335}
{"loss": 0.0748497448861599, "accuracy": 0.2875}
{"loss": 0.07217203378677367, "accuracy": 0.3510416666666666}
{"loss": 0.0671884937832753, "accuracy": 0.36979166666666663}
{"loss": 0.05915403092900912, "accuracy": 0.4552083333333334}
{"loss": 0.050963175110518934, "accuracy": 0.5104166666666666}
{"loss": 0.046924337496360144, "accuracy": 0.5364583333333333}
{"loss": 0.046933345248301825, "accuracy": 0.5666666666666667}
{"loss": 0.05119178971896569, "accuracy": 0.5864583333333333}
{"loss": 0.06121306971957287, "accuracy": 0.5927083333333333}
{"loss": 0.07776418812572956, "accuracy": 0.5822916666666667}
{"loss": 0.102126559180518, "accuracy": 0.5666666666666667}
{"loss": 0.13578188841541608, "accuracy": 0.5479166666666667}
{"loss": 0.181752385571599, "accuracy": 0.5260416666666666}
{"loss": 0.24123014857371647, "accuracy": 0.5145833333333334}
{"loss": 0.316448384275039, "accuracy": 0.48437500000000006}
{"loss": 0.41020347476005553, "accuracy": 0.4666666666666667}
{"loss": 0.5252386644482613, "accuracy": 0.4614583333333333}
{"loss": 0.6655616223812103, "accuracy": 0.4510416666666666}
