{"round": 0, "loss": 0.07214015040397644, "accuracy": 0.0988, "preccision": 0.05287489032142538, "recall": 0.0988, "f1": 0.022887375648145417}
{"round": 1, "loss": 0.07185981488227844, "accuracy": 0.1343, "preccision": 0.06930682316179712, "recall": 0.1343, "f1": 0.060966585569953304}
{"round": 2, "loss": 0.0713579950094223, "accuracy": 0.1372, "preccision": 0.19382871276677055, "recall": 0.1372, "f1": 0.08417884942565702}
{"round": 3, "loss": 0.07022321982383728, "accuracy": 0.2983, "preccision": 0.3348039696228399, "recall": 0.2983, "f1": 0.2481615541567796}
{"round": 4, "loss": 0.06766726772785187, "accuracy": 0.3462, "preccision": 0.29401802311161845, "recall": 0.3462, "f1": 0.27194929771837567}
{"round": 5, "loss": 0.0627415785908699, "accuracy": 0.3673, "preccision": 0.433850980564401, "recall": 0.3673, "f1": 0.2968408092387353}
{"round": 6, "loss": 0.05497486779689789, "accuracy": 0.4601, "preccision": 0.4853502971308022, "recall": 0.4601, "f1": 0.4038242941127396}
{"round": 7, "loss": 0.0469125697016716, "accuracy": 0.514, "preccision": 0.5229706727077728, "recall": 0.514, "f1": 0.4615746907852364}
{"round": 8, "loss": 0.04266517176032066, "accuracy": 0.5455, "preccision": 0.521186125085392, "recall": 0.5455, "f1": 0.49884923942968334}
{"round": 9, "loss": 0.04238185636997223, "accuracy": 0.5762, "preccision": 0.5446413817179501, "recall": 0.5762, "f1": 0.5371202307440507}
{"round": 10, "loss": 0.04596986781358719, "accuracy": 0.5911, "preccision": 0.5609854947518051, "recall": 0.5911, "f1": 0.5624834478850557}
{"round": 11, "loss": 0.054550852698087696, "accuracy": 0.5937, "preccision": 0.5714493106710816, "recall": 0.5937, "f1": 0.5740357015658137}
{"round": 12, "loss": 0.06926672843694687, "accuracy": 0.5868, "preccision": 0.5675367029130457, "recall": 0.5868, "f1": 0.5714324739954246}
{"round": 13, "loss": 0.09135719772577286, "accuracy": 0.5722, "preccision": 0.5578312870880267, "recall": 0.5722, "f1": 0.5611066849886606}
{"round": 14, "loss": 0.12223613183498383, "accuracy": 0.552, "preccision": 0.5411761019334876, "recall": 0.552, "f1": 0.5438530237540092}
{"round": 15, "loss": 0.1635779154777527, "accuracy": 0.532, "preccision": 0.5275299705157901, "recall": 0.532, "f1": 0.5273340876336917}
{"round": 16, "loss": 0.21762611348629, "accuracy": 0.5106, "preccision": 0.5046091607499186, "recall": 0.5106, "f1": 0.5055265597331793}
{"round": 17, "loss": 0.28584121084213254, "accuracy": 0.4906, "preccision": 0.4870933603992273, "recall": 0.4906, "f1": 0.4872858343472228}
{"round": 18, "loss": 0.37088675165176394, "accuracy": 0.4744, "preccision": 0.47176598576209483, "recall": 0.4744, "f1": 0.4713218133918146}
{"round": 19, "loss": 0.47531593308448794, "accuracy": 0.4599, "preccision": 0.4596933826556342, "recall": 0.4599, "f1": 0.4581527827483938}
{"round": 20, "loss": 0.6016535260200501, "accuracy": 0.4474, "preccision": 0.447850844168326, "recall": 0.4474, "f1": 0.44611166832043775}
