{"loss": 0.07616244892279307, "accuracy": 0.17583333333333334}
{"loss": 0.07476958096027374, "accuracy": 0.25833333333333336}
{"loss": 0.07204050978024801, "accuracy": 0.30166666666666664}
{"loss": 0.06812807857990265, "accuracy": 0.3391666666666666}
{"loss": 0.06056520670652389, "accuracy": 0.41916666666666674}
{"loss": 0.0535837326447169, "accuracy": 0.44499999999999995}
{"loss": 0.04956741254954111, "accuracy": 0.49821428571428567}
{"loss": 0.05366408641139666, "accuracy": 0.5275000000000001}
{"loss": 0.06185823500156403, "accuracy": 0.5116666666666666}
{"loss": 0.07239444136619569, "accuracy": 0.5391666666666668}
{"loss": 0.09447586486736932, "accuracy": 0.5166666666666666}
{"loss": 0.11723434329032897, "accuracy": 0.5383333333333333}
{"loss": 0.16463171541690827, "accuracy": 0.5250000000000001}
{"loss": 0.22026116073131558, "accuracy": 0.5}
{"loss": 0.2544427917400996, "accuracy": 0.5241666666666667}
{"loss": 0.3560498078664143, "accuracy": 0.47916666666666663}
{"loss": 0.46261796792348225, "accuracy": 0.45916666666666667}
{"loss": 0.5766376622517905, "accuracy": 0.45}
{"loss": 0.7300079735120137, "accuracy": 0.41999999999999993}
{"loss": 0.8788789537217884, "accuracy": 0.4055555555555556}
