{"round": 0, "loss": 0.07237841854095459, "accuracy": 0.0628, "preccision": 0.024559532652178438, "recall": 0.0628, "f1": 0.03398203225203176}
{"round": 1, "loss": 0.07155173840522766, "accuracy": 0.1647, "preccision": 0.11108897563294051, "recall": 0.1647, "f1": 0.072194922488855}
{"round": 2, "loss": 0.07021661972999572, "accuracy": 0.2657, "preccision": 0.24321001534888245, "recall": 0.2657, "f1": 0.1639582919593091}
{"round": 3, "loss": 0.0677491081237793, "accuracy": 0.3144, "preccision": 0.365236989548724, "recall": 0.3144, "f1": 0.2652483670235065}
{"round": 4, "loss": 0.06366564192771912, "accuracy": 0.3506, "preccision": 0.41638284767681305, "recall": 0.3506, "f1": 0.2915051567587522}
{"round": 5, "loss": 0.05677099019289017, "accuracy": 0.4297, "preccision": 0.40594631669920556, "recall": 0.4297, "f1": 0.371076296870066}
{"round": 6, "loss": 0.050090116989612576, "accuracy": 0.4616, "preccision": 0.4564230354835273, "recall": 0.4616, "f1": 0.3961621158078943}
{"round": 7, "loss": 0.046225261932611464, "accuracy": 0.4996, "preccision": 0.461405869863743, "recall": 0.4996, "f1": 0.45317506736574126}
{"round": 8, "loss": 0.05132617699503898, "accuracy": 0.5101, "preccision": 0.47591395248789403, "recall": 0.5101, "f1": 0.45151031035930894}
{"round": 9, "loss": 0.0563185615837574, "accuracy": 0.532, "preccision": 0.499690858063049, "recall": 0.532, "f1": 0.49298634809699104}
{"round": 10, "loss": 0.06940128839612007, "accuracy": 0.5313, "preccision": 0.5066648713231119, "recall": 0.5313, "f1": 0.4985988863043609}
{"round": 11, "loss": 0.08640670173168183, "accuracy": 0.5369, "preccision": 0.5218322672944062, "recall": 0.5369, "f1": 0.5134765504137712}
{"round": 12, "loss": 0.11356704491376877, "accuracy": 0.5285, "preccision": 0.5045972603938177, "recall": 0.5285, "f1": 0.500175382406072}
{"round": 13, "loss": 0.1415572630405426, "accuracy": 0.5277, "preccision": 0.5098994349705049, "recall": 0.5277, "f1": 0.5126139507703706}
{"round": 14, "loss": 0.19276302955150604, "accuracy": 0.5129, "preccision": 0.4951412395973469, "recall": 0.5129, "f1": 0.49308770485699377}
{"round": 15, "loss": 0.24467214403152465, "accuracy": 0.5038, "preccision": 0.48564774386296233, "recall": 0.5038, "f1": 0.48985669729888487}
{"round": 16, "loss": 0.3268072260379791, "accuracy": 0.4827, "preccision": 0.4659384585160923, "recall": 0.4827, "f1": 0.4669491950298287}
{"round": 17, "loss": 0.421943737077713, "accuracy": 0.4767, "preccision": 0.45711773561977687, "recall": 0.4767, "f1": 0.4599128536024564}
{"round": 18, "loss": 0.5360803673267365, "accuracy": 0.4568, "preccision": 0.4458082121031517, "recall": 0.4568, "f1": 0.4464579907811245}
{"round": 19, "loss": 0.6701043707847595, "accuracy": 0.445, "preccision": 0.4330756913311912, "recall": 0.445, "f1": 0.4363170211726459}
{"round": 20, "loss": 0.8415839845657349, "accuracy": 0.4332, "preccision": 0.42137849671089206, "recall": 0.4332, "f1": 0.42414069305060664}
