{"loss": 0.07611048618952433, "accuracy": 0.23416666666666672}
{"loss": 0.07503024379412335, "accuracy": 0.2958333333333333}
{"loss": 0.07259962379932403, "accuracy": 0.3758333333333333}
{"loss": 0.068467771311601, "accuracy": 0.41583333333333333}
{"loss": 0.0619735062122345, "accuracy": 0.46166666666666656}
{"loss": 0.054053668479124704, "accuracy": 0.5116666666666666}
{"loss": 0.05137286767363548, "accuracy": 0.5216666666666666}
{"loss": 0.056757974723974855, "accuracy": 0.5358333333333334}
{"loss": 0.06843942140539487, "accuracy": 0.545}
{"loss": 0.08897884796063106, "accuracy": 0.5425000000000001}
{"loss": 0.11890534549951555, "accuracy": 0.5391666666666668}
{"loss": 0.16032266358534494, "accuracy": 0.5225}
{"loss": 0.21934880415598554, "accuracy": 0.5025}
{"loss": 0.29764952659606936, "accuracy": 0.4883333333333334}
{"loss": 0.3982202450434366, "accuracy": 0.47416666666666674}
{"loss": 0.5210332282384236, "accuracy": 0.4591666666666668}
{"loss": 0.6750918992360433, "accuracy": 0.44333333333333325}
{"loss": 0.86482328414917, "accuracy": 0.43416666666666676}
{"loss": 1.1008755270640056, "accuracy": 0.4216666666666667}
{"loss": 1.3876033957799276, "accuracy": 0.41999999999999993}
