{"round": 0, "loss": 0.07204539165496826, "accuracy": 0.1096, "preccision": 0.09697667574561834, "recall": 0.1096, "f1": 0.06719632393106954}
{"round": 1, "loss": 0.07140321807861329, "accuracy": 0.2394, "preccision": 0.19075341982116925, "recall": 0.2394, "f1": 0.13774463846866847}
{"round": 2, "loss": 0.07022578337192535, "accuracy": 0.3175, "preccision": 0.2826569856108408, "recall": 0.3175, "f1": 0.23022422963849867}
{"round": 3, "loss": 0.06769527919292449, "accuracy": 0.3986, "preccision": 0.4040654105747635, "recall": 0.3986, "f1": 0.3218313444663583}
{"round": 4, "loss": 0.06360028890371322, "accuracy": 0.4146, "preccision": 0.5093087143489967, "recall": 0.4146, "f1": 0.3428042906352764}
{"round": 5, "loss": 0.05758244378566742, "accuracy": 0.4484, "preccision": 0.4806376087394041, "recall": 0.4484, "f1": 0.38037206285570796}
{"round": 6, "loss": 0.050601014029979706, "accuracy": 0.4911, "preccision": 0.4789167931435126, "recall": 0.4911, "f1": 0.4360750776210064}
{"round": 7, "loss": 0.048794872206449506, "accuracy": 0.5034, "preccision": 0.48172975027053483, "recall": 0.5034, "f1": 0.45811517256489126}
{"round": 8, "loss": 0.054732173138856886, "accuracy": 0.5161, "preccision": 0.4963492735732379, "recall": 0.5161, "f1": 0.4813885482094795}
{"round": 9, "loss": 0.06706960164308548, "accuracy": 0.5243, "preccision": 0.5038391082650259, "recall": 0.5243, "f1": 0.4986166743108881}
{"round": 10, "loss": 0.08763961073160172, "accuracy": 0.5262, "preccision": 0.5073777497065763, "recall": 0.5262, "f1": 0.5054282843665638}
{"round": 11, "loss": 0.11751567113399505, "accuracy": 0.5165, "preccision": 0.5025329018853174, "recall": 0.5165, "f1": 0.5010623620636252}
{"round": 12, "loss": 0.15815819284915925, "accuracy": 0.5089, "preccision": 0.49694724054813194, "recall": 0.5089, "f1": 0.4969573524334884}
{"round": 13, "loss": 0.2157524977207184, "accuracy": 0.4921, "preccision": 0.4827654833711759, "recall": 0.4921, "f1": 0.48229280039408096}
{"round": 14, "loss": 0.2907898057937622, "accuracy": 0.4796, "preccision": 0.4735927373830297, "recall": 0.4796, "f1": 0.47218412597848436}
{"round": 15, "loss": 0.3871436516284943, "accuracy": 0.4631, "preccision": 0.45962504646787666, "recall": 0.4631, "f1": 0.4577932945646605}
{"round": 16, "loss": 0.5077505207061768, "accuracy": 0.4503, "preccision": 0.4495421515363939, "recall": 0.4503, "f1": 0.4469388242751358}
{"round": 17, "loss": 0.6593671998023987, "accuracy": 0.4378, "preccision": 0.43846033711839666, "recall": 0.4378, "f1": 0.4349831481626505}
{"round": 18, "loss": 0.8443521802902222, "accuracy": 0.4319, "preccision": 0.4327875843357565, "recall": 0.4319, "f1": 0.4294222308498652}
{"round": 19, "loss": 1.0672741703033448, "accuracy": 0.419, "preccision": 0.4206760251853564, "recall": 0.419, "f1": 0.4171763460877568}
{"round": 20, "loss": 1.336182389640808, "accuracy": 0.412, "preccision": 0.4152322317488777, "recall": 0.412, "f1": 0.41062358592790527}
