{"loss": 0.07632120162248611, "accuracy": 0.21583333333333332}
{"loss": 0.07569249600172046, "accuracy": 0.2695833333333334}
{"loss": 0.07468514223893485, "accuracy": 0.28750000000000003}
{"loss": 0.07300322900215786, "accuracy": 0.40916666666666657}
{"loss": 0.07004836425185204, "accuracy": 0.44499999999999995}
{"loss": 0.0659049805998802, "accuracy": 0.47458333333333325}
{"loss": 0.0612593543032805, "accuracy": 0.4958333333333334}
{"loss": 0.056181402852137886, "accuracy": 0.5075000000000001}
{"loss": 0.051908869345982864, "accuracy": 0.5204166666666665}
{"loss": 0.048372297237316765, "accuracy": 0.52}
{"loss": 0.045047226498524356, "accuracy": 0.56875}
{"loss": 0.04249810655911763, "accuracy": 0.5879166666666666}
{"loss": 0.040051479041576375, "accuracy": 0.6020833333333333}
{"loss": 0.03859881353875001, "accuracy": 0.615}
{"loss": 0.036598060950636876, "accuracy": 0.6333333333333335}
{"loss": 0.035249853779872255, "accuracy": 0.6429166666666667}
{"loss": 0.03370998288194339, "accuracy": 0.6720833333333334}
{"loss": 0.03262622004995743, "accuracy": 0.67625}
{"loss": 0.032194631360471244, "accuracy": 0.6779166666666667}
{"loss": 0.030936940672496954, "accuracy": 0.7020833333333333}
