{"round": 0, "loss": 0.07218380236625671, "accuracy": 0.0859}
{"round": 1, "loss": 0.07167318060398102, "accuracy": 0.2201}
{"round": 2, "loss": 0.0710666330575943, "accuracy": 0.2588}
{"round": 3, "loss": 0.07010948314666748, "accuracy": 0.2767}
{"round": 4, "loss": 0.06850439450740814, "accuracy": 0.3968}
{"round": 5, "loss": 0.06570153449773788, "accuracy": 0.4448}
{"round": 6, "loss": 0.06174343959093094, "accuracy": 0.4851}
{"round": 7, "loss": 0.05731950682401657, "accuracy": 0.5073}
{"round": 8, "loss": 0.052476618242263795, "accuracy": 0.5074}
{"round": 9, "loss": 0.04839369415044784, "accuracy": 0.5187}
{"round": 10, "loss": 0.04500493394732475, "accuracy": 0.5238}
{"round": 11, "loss": 0.041850493198633196, "accuracy": 0.56}
{"round": 12, "loss": 0.03939923682808876, "accuracy": 0.5858}
{"round": 13, "loss": 0.037105936843156814, "accuracy": 0.5989}
{"round": 14, "loss": 0.03569263159632683, "accuracy": 0.6076}
{"round": 15, "loss": 0.033833564525842665, "accuracy": 0.6303}
{"round": 16, "loss": 0.03265172865986824, "accuracy": 0.6338}
{"round": 17, "loss": 0.031171871811151504, "accuracy": 0.6648}
{"round": 18, "loss": 0.03015904667377472, "accuracy": 0.6677}
{"round": 19, "loss": 0.029756926333904265, "accuracy": 0.6692}
{"round": 20, "loss": 0.028713441529870033, "accuracy": 0.6861}
