{"loss": 0.07614982664585111, "accuracy": 0.23816666666666667}
{"loss": 0.07528678917884828, "accuracy": 0.39616666666666667}
{"loss": 0.07374838825066886, "accuracy": 0.4705}
{"loss": 0.07126617383956908, "accuracy": 0.5158333333333333}
{"loss": 0.0673989272912343, "accuracy": 0.5311666666666667}
{"loss": 0.062053157250086484, "accuracy": 0.5574999999999999}
{"loss": 0.0557836361924807, "accuracy": 0.5730000000000001}
{"loss": 0.04933339430888495, "accuracy": 0.6054999999999998}
{"loss": 0.043925422300895064, "accuracy": 0.6275000000000002}
{"loss": 0.03938393303751947, "accuracy": 0.652}
{"loss": 0.035401014606157945, "accuracy": 0.6779999999999998}
{"loss": 0.032073462009429926, "accuracy": 0.7051666666666668}
{"loss": 0.029421038766702018, "accuracy": 0.7171666666666667}
{"loss": 0.027521579951047904, "accuracy": 0.7275}
{"loss": 0.02564224369327227, "accuracy": 0.743}
{"loss": 0.024605448976159097, "accuracy": 0.7498333333333332}
{"loss": 0.02314640883107979, "accuracy": 0.7638333333333333}
{"loss": 0.022335704808433852, "accuracy": 0.7746666666666668}
{"loss": 0.021249093284209576, "accuracy": 0.7859999999999999}
{"loss": 0.020923770368099212, "accuracy": 0.7893333333333333}
