{"round": 0, "loss": 0.07204539165496826, "accuracy": 0.1096}
{"round": 1, "loss": 0.0714976044178009, "accuracy": 0.245}
{"round": 2, "loss": 0.07066993815898895, "accuracy": 0.4055}
{"round": 3, "loss": 0.0691953579902649, "accuracy": 0.4748}
{"round": 4, "loss": 0.06680940644741058, "accuracy": 0.5238}
{"round": 5, "loss": 0.06312296009063721, "accuracy": 0.5395}
{"round": 6, "loss": 0.05801150817871094, "accuracy": 0.565}
{"round": 7, "loss": 0.051999486649036405, "accuracy": 0.5811}
{"round": 8, "loss": 0.045797788774967194, "accuracy": 0.6163}
{"round": 9, "loss": 0.04052944906949997, "accuracy": 0.6363}
{"round": 10, "loss": 0.036073502820730206, "accuracy": 0.663}
{"round": 11, "loss": 0.032298041421175004, "accuracy": 0.6863}
{"round": 12, "loss": 0.02901716891527176, "accuracy": 0.7207}
{"round": 13, "loss": 0.026543732261657713, "accuracy": 0.7336}
{"round": 14, "loss": 0.02478739829361439, "accuracy": 0.7427}
{"round": 15, "loss": 0.023053438401222228, "accuracy": 0.7625}
{"round": 16, "loss": 0.02214080150425434, "accuracy": 0.7651}
{"round": 17, "loss": 0.020758422148227693, "accuracy": 0.7828}
{"round": 18, "loss": 0.019995066702365876, "accuracy": 0.7918}
{"round": 19, "loss": 0.019012596642971037, "accuracy": 0.8019}
{"round": 20, "loss": 0.018697882637381553, "accuracy": 0.8059}
