{"loss": 0.07610125616192817, "accuracy": 0.2458333333333333}
{"loss": 0.07473720833659173, "accuracy": 0.29583333333333334}
{"loss": 0.07135718787709872, "accuracy": 0.34270833333333334}
{"loss": 0.06506106381615002, "accuracy": 0.36770833333333336}
{"loss": 0.054702190309762956, "accuracy": 0.4760416666666667}
{"loss": 0.04731333466867606, "accuracy": 0.5020833333333333}
{"loss": 0.04437884241342544, "accuracy": 0.534375}
{"loss": 0.03987375665456057, "accuracy": 0.6041666666666666}
{"loss": 0.04374316539615393, "accuracy": 0.6041666666666665}
{"loss": 0.049525591917335986, "accuracy": 0.634375}
{"loss": 0.06040640311936537, "accuracy": 0.6354166666666667}
{"loss": 0.08049795211603245, "accuracy": 0.625}
{"loss": 0.10516180843114854, "accuracy": 0.6013888888888889}
{"loss": 0.13420610750714937, "accuracy": 0.6020833333333333}
{"loss": 0.19292298816144465, "accuracy": 0.5864583333333333}
{"loss": 0.23257817961275576, "accuracy": 0.5604166666666667}
{"loss": 0.2995659616860476, "accuracy": 0.5537878787878788}
{"loss": 0.3837938127418359, "accuracy": 0.5572916666666666}
{"loss": 0.4796915103991827, "accuracy": 0.53125}
{"loss": 0.5786604036887487, "accuracy": 0.5145833333333334}
