{"round": 0, "loss": 0.07204539165496826, "accuracy": 0.1096, "preccision": 0.09697667574561834, "recall": 0.1096, "f1": 0.06719632393106954}
{"round": 1, "loss": 0.07139653286933899, "accuracy": 0.2556, "preccision": 0.1595049009877208, "recall": 0.2556, "f1": 0.14470968934323233}
{"round": 2, "loss": 0.07013510203361512, "accuracy": 0.3147, "preccision": 0.25890581891441294, "recall": 0.3147, "f1": 0.22434875261576695}
{"round": 3, "loss": 0.06674525961875916, "accuracy": 0.3569, "preccision": 0.27412789451628844, "recall": 0.3569, "f1": 0.2457689868425692}
{"round": 4, "loss": 0.0603646980047226, "accuracy": 0.3977, "preccision": 0.44040927222111187, "recall": 0.3977, "f1": 0.29978559074112}
{"round": 5, "loss": 0.05164565191268921, "accuracy": 0.4651, "preccision": 0.44207215158760155, "recall": 0.4651, "f1": 0.3949470570488388}
{"round": 6, "loss": 0.044668116122484204, "accuracy": 0.5031, "preccision": 0.4810450126508075, "recall": 0.5031, "f1": 0.4519675328583452}
{"round": 7, "loss": 0.03941854745745659, "accuracy": 0.5533, "preccision": 0.5259710867684181, "recall": 0.5533, "f1": 0.5129154379281958}
{"round": 8, "loss": 0.0395248275578022, "accuracy": 0.5839, "preccision": 0.5392086690083203, "recall": 0.5839, "f1": 0.5425000810030256}
{"round": 9, "loss": 0.043196761357784275, "accuracy": 0.5971, "preccision": 0.5732461435651887, "recall": 0.5971, "f1": 0.5689550670537737}
{"round": 10, "loss": 0.0493228225171566, "accuracy": 0.6196, "preccision": 0.5989622487091694, "recall": 0.6196, "f1": 0.5966856536886916}
{"round": 11, "loss": 0.05849969929456711, "accuracy": 0.6342, "preccision": 0.6206357629136181, "recall": 0.6342, "f1": 0.6202938035275684}
{"round": 12, "loss": 0.07387938631176949, "accuracy": 0.6271, "preccision": 0.6261736825333448, "recall": 0.6271, "f1": 0.6201978850277147}
{"round": 13, "loss": 0.09565156913995743, "accuracy": 0.6188, "preccision": 0.6100170735843281, "recall": 0.6188, "f1": 0.610143594902325}
{"round": 14, "loss": 0.1262846954345703, "accuracy": 0.6, "preccision": 0.5983860385428705, "recall": 0.6, "f1": 0.5943989344522179}
{"round": 15, "loss": 0.16765620908737183, "accuracy": 0.5862, "preccision": 0.5862740209639203, "recall": 0.5862, "f1": 0.5810418278240749}
{"round": 16, "loss": 0.21671758464574814, "accuracy": 0.5734, "preccision": 0.5705145379475993, "recall": 0.5734, "f1": 0.5683890375814844}
{"round": 17, "loss": 0.28079922776222227, "accuracy": 0.558, "preccision": 0.5622609246572625, "recall": 0.558, "f1": 0.5562690481922031}
{"round": 18, "loss": 0.3629884778738022, "accuracy": 0.5471, "preccision": 0.5506821044680974, "recall": 0.5471, "f1": 0.542434302673602}
{"round": 19, "loss": 0.4562057789325714, "accuracy": 0.5327, "preccision": 0.5366144733225495, "recall": 0.5327, "f1": 0.5308826065059167}
{"round": 20, "loss": 0.565262300157547, "accuracy": 0.5233, "preccision": 0.5274537027114583, "recall": 0.5233, "f1": 0.5226490945842173}
