{"loss": 0.07650040984153747, "accuracy": 0.13166666666666665}
{"loss": 0.07609652956326803, "accuracy": 0.19499999999999998}
{"loss": 0.07554545839627583, "accuracy": 0.30333333333333334}
{"loss": 0.07445387760798136, "accuracy": 0.2833333333333333}
{"loss": 0.0727204978466034, "accuracy": 0.30166666666666664}
{"loss": 0.06957566380500793, "accuracy": 0.395}
{"loss": 0.0653832338253657, "accuracy": 0.485}
{"loss": 0.05974810322125752, "accuracy": 0.6016666666666667}
{"loss": 0.05377500593662262, "accuracy": 0.6100000000000001}
{"loss": 0.04805631657441457, "accuracy": 0.6050000000000001}
{"loss": 0.043176291187604264, "accuracy": 0.6083333333333334}
{"loss": 0.03820145746072133, "accuracy": 0.6633333333333333}
{"loss": 0.03426502813895543, "accuracy": 0.6733333333333332}
{"loss": 0.03130078057448069, "accuracy": 0.7116666666666667}
{"loss": 0.029214626252651216, "accuracy": 0.6983333333333335}
{"loss": 0.026803962339957556, "accuracy": 0.7366666666666667}
{"loss": 0.025983570714791616, "accuracy": 0.7283333333333333}
{"loss": 0.024842169086138406, "accuracy": 0.735}
{"loss": 0.024207880447308223, "accuracy": 0.7433333333333334}
{"loss": 0.022424803773562117, "accuracy": 0.78}
