{"round": 0, "loss": 0.0721090440750122, "accuracy": 0.0788}
{"round": 1, "loss": 0.07172661113739014, "accuracy": 0.1509}
{"round": 2, "loss": 0.0713388872385025, "accuracy": 0.2186}
{"round": 3, "loss": 0.0707858766078949, "accuracy": 0.3217}
{"round": 4, "loss": 0.06969851710796356, "accuracy": 0.3085}
{"round": 5, "loss": 0.06798131697177887, "accuracy": 0.3207}
{"round": 6, "loss": 0.06483840190172195, "accuracy": 0.4208}
{"round": 7, "loss": 0.060516074442863464, "accuracy": 0.5111}
{"round": 8, "loss": 0.05484410586357117, "accuracy": 0.6234}
{"round": 9, "loss": 0.04873412008285522, "accuracy": 0.6538}
{"round": 10, "loss": 0.04290163871645927, "accuracy": 0.6452}
{"round": 11, "loss": 0.038028531062603, "accuracy": 0.6584}
{"round": 12, "loss": 0.0334307641685009, "accuracy": 0.7001}
{"round": 13, "loss": 0.02958625618517399, "accuracy": 0.712}
{"round": 14, "loss": 0.027031176447868347, "accuracy": 0.7412}
{"round": 15, "loss": 0.025010028541088105, "accuracy": 0.7416}
{"round": 16, "loss": 0.02302060461938381, "accuracy": 0.7683}
{"round": 17, "loss": 0.022128470447659494, "accuracy": 0.7624}
{"round": 18, "loss": 0.021043433824181557, "accuracy": 0.774}
{"round": 19, "loss": 0.020643733231723308, "accuracy": 0.7804}
{"round": 20, "loss": 0.01941925994157791, "accuracy": 0.8007}
