{"loss": 0.07669352293014527, "accuracy": 0.09166666666666667}
{"loss": 0.07655010422070821, "accuracy": 0.1375}
{"loss": 0.07638051907221477, "accuracy": 0.16666666666666666}
{"loss": 0.07612256407737732, "accuracy": 0.20833333333333334}
{"loss": 0.07571962078412374, "accuracy": 0.20833333333333334}
{"loss": 0.07483674784501393, "accuracy": 0.32916666666666666}
{"loss": 0.07300750712553661, "accuracy": 0.44166666666666665}
{"loss": 0.0702625960111618, "accuracy": 0.48333333333333334}
{"loss": 0.06589375386635463, "accuracy": 0.55}
{"loss": 0.060175859928131105, "accuracy": 0.5333333333333333}
{"loss": 0.05449703286091487, "accuracy": 0.5333333333333333}
{"loss": 0.047599777579307556, "accuracy": 0.5666666666666667}
{"loss": 0.042534490426381424, "accuracy": 0.6125}
{"loss": 0.039633535345395404, "accuracy": 0.6083333333333334}
{"loss": 0.036678373068571093, "accuracy": 0.6125}
{"loss": 0.03452873900532723, "accuracy": 0.6875}
{"loss": 0.03375525772571564, "accuracy": 0.6458333333333334}
{"loss": 0.03396010100841522, "accuracy": 0.6416666666666666}
{"loss": 0.030010749648014704, "accuracy": 0.7291666666666666}
{"loss": 0.03263716424504916, "accuracy": 0.6625000000000001}
