{"round": 0, "loss": 0.07228001170158387, "accuracy": 0.1135}
{"round": 1, "loss": 0.07200163428783417, "accuracy": 0.114}
{"round": 2, "loss": 0.07184858317375183, "accuracy": 0.1444}
{"round": 3, "loss": 0.07169496126174926, "accuracy": 0.1746}
{"round": 4, "loss": 0.07136710662841797, "accuracy": 0.2314}
{"round": 5, "loss": 0.07089697918891907, "accuracy": 0.2329}
{"round": 6, "loss": 0.06998981118202209, "accuracy": 0.3772}
{"round": 7, "loss": 0.06804657325744629, "accuracy": 0.4681}
{"round": 8, "loss": 0.0652579759478569, "accuracy": 0.5087}
{"round": 9, "loss": 0.06070074956417084, "accuracy": 0.5594}
{"round": 10, "loss": 0.05476597629785538, "accuracy": 0.566}
{"round": 11, "loss": 0.048822166323661806, "accuracy": 0.5742}
{"round": 12, "loss": 0.042426066941022876, "accuracy": 0.6016}
{"round": 13, "loss": 0.037425903791189194, "accuracy": 0.6244}
{"round": 14, "loss": 0.0346646267414093, "accuracy": 0.6374}
{"round": 15, "loss": 0.03271455153822899, "accuracy": 0.6615}
{"round": 16, "loss": 0.028738851135969162, "accuracy": 0.7056}
{"round": 17, "loss": 0.02838647587299347, "accuracy": 0.6923}
{"round": 18, "loss": 0.02833598812520504, "accuracy": 0.6826}
{"round": 19, "loss": 0.02452545194029808, "accuracy": 0.7446}
{"round": 20, "loss": 0.026808169561624528, "accuracy": 0.7156}
