{"loss": 0.0762624979019165, "accuracy": 0.23833333333333334}
{"loss": 0.0755472715695699, "accuracy": 0.29333333333333333}
{"loss": 0.07427290519078572, "accuracy": 0.385}
{"loss": 0.07210019826889039, "accuracy": 0.43833333333333335}
{"loss": 0.06837334295113881, "accuracy": 0.48500000000000004}
{"loss": 0.06319481094678243, "accuracy": 0.5216666666666667}
{"loss": 0.05722471356391906, "accuracy": 0.5283333333333333}
{"loss": 0.05096172372500102, "accuracy": 0.5716666666666667}
{"loss": 0.04604927778244019, "accuracy": 0.5833333333333334}
{"loss": 0.04248563329378764, "accuracy": 0.5733333333333335}
{"loss": 0.037916086812814075, "accuracy": 0.6216666666666667}
{"loss": 0.03492045472065608, "accuracy": 0.6466666666666667}
{"loss": 0.03205535938342412, "accuracy": 0.67}
{"loss": 0.029851380189259848, "accuracy": 0.6849999999999999}
{"loss": 0.027314070165157318, "accuracy": 0.7183333333333333}
{"loss": 0.02792492608229319, "accuracy": 0.6866666666666666}
{"loss": 0.02452564716339111, "accuracy": 0.7616666666666666}
{"loss": 0.02357473169763883, "accuracy": 0.7516666666666667}
{"loss": 0.022978309641281766, "accuracy": 0.7533333333333333}
{"loss": 0.02187221179405848, "accuracy": 0.795}
