{"round": 0, "loss": 0.07204539165496826, "accuracy": 0.1096}
{"round": 1, "loss": 0.07150494313240051, "accuracy": 0.2698}
{"round": 2, "loss": 0.07071079773902893, "accuracy": 0.32}
{"round": 3, "loss": 0.06937789001464843, "accuracy": 0.4151}
{"round": 4, "loss": 0.06718262536525726, "accuracy": 0.4752}
{"round": 5, "loss": 0.06336886937618255, "accuracy": 0.5259}
{"round": 6, "loss": 0.058116455221176144, "accuracy": 0.567}
{"round": 7, "loss": 0.05187822374105454, "accuracy": 0.5644}
{"round": 8, "loss": 0.04568042451143265, "accuracy": 0.6137}
{"round": 9, "loss": 0.0407173208296299, "accuracy": 0.6234}
{"round": 10, "loss": 0.03725847069025039, "accuracy": 0.6105}
{"round": 11, "loss": 0.03291006389260292, "accuracy": 0.6566}
{"round": 12, "loss": 0.030174474889039994, "accuracy": 0.6791}
{"round": 13, "loss": 0.027704361951351165, "accuracy": 0.7049}
{"round": 14, "loss": 0.025916307130455972, "accuracy": 0.6947}
{"round": 15, "loss": 0.023452061080932618, "accuracy": 0.7522}
{"round": 16, "loss": 0.024207548624277115, "accuracy": 0.7069}
{"round": 17, "loss": 0.02105731539130211, "accuracy": 0.7775}
{"round": 18, "loss": 0.020246546530723573, "accuracy": 0.7832}
{"round": 19, "loss": 0.019782406458258628, "accuracy": 0.7894}
{"round": 20, "loss": 0.018700376453995703, "accuracy": 0.8091}
