{"loss": 0.07607940832773845, "accuracy": 0.11388888888888889}
{"loss": 0.07461290583014489, "accuracy": 0.13333333333333336}
{"loss": 0.0722402314345042, "accuracy": 0.24791666666666667}
{"loss": 0.06676801592111586, "accuracy": 0.41354166666666664}
{"loss": 0.057671999310453734, "accuracy": 0.4760416666666667}
{"loss": 0.04956879007319609, "accuracy": 0.5333333333333333}
{"loss": 0.04244574457406997, "accuracy": 0.5854166666666667}
{"loss": 0.042402745038270954, "accuracy": 0.5895833333333332}
{"loss": 0.04699863946686189, "accuracy": 0.5989583333333334}
{"loss": 0.06211079141745965, "accuracy": 0.5927083333333334}
{"loss": 0.08156132784982523, "accuracy": 0.5666666666666667}
{"loss": 0.10446472888191541, "accuracy": 0.5635416666666666}
{"loss": 0.15265205800533294, "accuracy": 0.5374999999999999}
{"loss": 0.1912848174571991, "accuracy": 0.5239583333333333}
{"loss": 0.2712898758550485, "accuracy": 0.5}
{"loss": 0.3259734660387039, "accuracy": 0.49375}
{"loss": 0.4176033313075701, "accuracy": 0.49895833333333334}
{"loss": 0.5990629012386004, "accuracy": 0.4354166666666667}
{"loss": 0.7129349758227667, "accuracy": 0.45208333333333334}
{"loss": 0.890809459487597, "accuracy": 0.43124999999999997}
