{"round": 0, "loss": 0.07224980416297913, "accuracy": 0.0822, "preccision": 0.02989568020298709, "recall": 0.0822, "f1": 0.03414983823501607}
{"round": 1, "loss": 0.07148089396953583, "accuracy": 0.1206, "preccision": 0.1732155311784567, "recall": 0.1206, "f1": 0.03649185648708251}
{"round": 2, "loss": 0.07032435784339905, "accuracy": 0.1145, "preccision": 0.12284260396792158, "recall": 0.1145, "f1": 0.025180713520088226}
{"round": 3, "loss": 0.06766481306552886, "accuracy": 0.2474, "preccision": 0.4308880181019718, "recall": 0.2474, "f1": 0.17575168777081224}
{"round": 4, "loss": 0.06244533394575119, "accuracy": 0.4062, "preccision": 0.5387925944382498, "recall": 0.4062, "f1": 0.32178168393674983}
{"round": 5, "loss": 0.054540136551856994, "accuracy": 0.468, "preccision": 0.5682828406598909, "recall": 0.468, "f1": 0.42421434726362967}
{"round": 6, "loss": 0.046232570910453796, "accuracy": 0.5286, "preccision": 0.5584179774946487, "recall": 0.5286, "f1": 0.49837364082169416}
{"round": 7, "loss": 0.04026023377776146, "accuracy": 0.5696, "preccision": 0.5778898353552409, "recall": 0.5696, "f1": 0.5452478445268962}
{"round": 8, "loss": 0.04045382528305054, "accuracy": 0.5893, "preccision": 0.5791245055367593, "recall": 0.5893, "f1": 0.5721162528471003}
{"round": 9, "loss": 0.046433532255887984, "accuracy": 0.5946, "preccision": 0.5876490910391371, "recall": 0.5946, "f1": 0.5807927361049571}
{"round": 10, "loss": 0.05892638818621635, "accuracy": 0.5896, "preccision": 0.5785781556441294, "recall": 0.5896, "f1": 0.5762639586415158}
{"round": 11, "loss": 0.07663004027605057, "accuracy": 0.5861, "preccision": 0.5827140601270585, "recall": 0.5861, "f1": 0.5782321155527523}
{"round": 12, "loss": 0.10173379662036895, "accuracy": 0.576, "preccision": 0.5643725259215319, "recall": 0.576, "f1": 0.5670297088804483}
{"round": 13, "loss": 0.13825013537406922, "accuracy": 0.5586, "preccision": 0.5443231118512389, "recall": 0.5586, "f1": 0.5469315716713127}
{"round": 14, "loss": 0.18355051186084748, "accuracy": 0.5375, "preccision": 0.5249192680665067, "recall": 0.5375, "f1": 0.5276701743406098}
{"round": 15, "loss": 0.24282639074325563, "accuracy": 0.5219, "preccision": 0.508962402445592, "recall": 0.5219, "f1": 0.512951852845013}
{"round": 16, "loss": 0.31897131695747377, "accuracy": 0.5052, "preccision": 0.49433485455420134, "recall": 0.5052, "f1": 0.497049558088852}
{"round": 17, "loss": 0.41370379848480227, "accuracy": 0.4885, "preccision": 0.48261630143675777, "recall": 0.4885, "f1": 0.48231772314227056}
{"round": 18, "loss": 0.5258162619113922, "accuracy": 0.4751, "preccision": 0.46670009287257763, "recall": 0.4751, "f1": 0.46862374249714883}
{"round": 19, "loss": 0.6609576082229615, "accuracy": 0.4639, "preccision": 0.4571126104901927, "recall": 0.4639, "f1": 0.4593310295004702}
{"round": 20, "loss": 0.8261786907196045, "accuracy": 0.455, "preccision": 0.44799812338881384, "recall": 0.455, "f1": 0.4497361903737532}
