{"loss": 0.07668149669965109, "accuracy": 0.17083333333333334}
{"loss": 0.07652134497960408, "accuracy": 0.20833333333333334}
{"loss": 0.07593381404876709, "accuracy": 0.22916666666666669}
{"loss": 0.07506247063477833, "accuracy": 0.24166666666666667}
{"loss": 0.07351270020008088, "accuracy": 0.275}
{"loss": 0.07119799852371217, "accuracy": 0.3333333333333333}
{"loss": 0.06785081724325816, "accuracy": 0.4875}
{"loss": 0.06345174908638, "accuracy": 0.5}
{"loss": 0.05859005848566691, "accuracy": 0.5041666666666667}
{"loss": 0.05305078526337942, "accuracy": 0.5583333333333333}
{"loss": 0.048449737330277756, "accuracy": 0.5666666666666667}
{"loss": 0.04527896294991175, "accuracy": 0.575}
{"loss": 0.0393647626042366, "accuracy": 0.65}
{"loss": 0.036949744820594786, "accuracy": 0.6333333333333333}
{"loss": 0.03589565753936767, "accuracy": 0.6541666666666667}
{"loss": 0.033175011972586314, "accuracy": 0.7083333333333333}
{"loss": 0.031081639726956684, "accuracy": 0.7208333333333333}
{"loss": 0.0343583973745505, "accuracy": 0.675}
{"loss": 0.028936950862407683, "accuracy": 0.7458333333333333}
{"loss": 0.031208564837773643, "accuracy": 0.6875}
