{"round": 0, "loss": 0.07214015040397644, "accuracy": 0.0988}
{"round": 1, "loss": 0.07195173420906067, "accuracy": 0.1337}
{"round": 2, "loss": 0.07168179032802582, "accuracy": 0.1959}
{"round": 3, "loss": 0.07115002262592315, "accuracy": 0.2229}
{"round": 4, "loss": 0.07026925332546234, "accuracy": 0.253}
{"round": 5, "loss": 0.06861955115795136, "accuracy": 0.2903}
{"round": 6, "loss": 0.0663555700302124, "accuracy": 0.3238}
{"round": 7, "loss": 0.06274171565771103, "accuracy": 0.5033}
{"round": 8, "loss": 0.05796080046892166, "accuracy": 0.517}
{"round": 9, "loss": 0.052768214178085325, "accuracy": 0.5328}
{"round": 10, "loss": 0.046997996973991395, "accuracy": 0.5788}
{"round": 11, "loss": 0.04251132183074951, "accuracy": 0.5794}
{"round": 12, "loss": 0.0386007390499115, "accuracy": 0.593}
{"round": 13, "loss": 0.03381533294320106, "accuracy": 0.6615}
{"round": 14, "loss": 0.030744495332241058, "accuracy": 0.6747}
{"round": 15, "loss": 0.029669176882505418, "accuracy": 0.6848}
{"round": 16, "loss": 0.02687375254034996, "accuracy": 0.7191}
{"round": 17, "loss": 0.026144813361763955, "accuracy": 0.7142}
{"round": 18, "loss": 0.02841645511686802, "accuracy": 0.6787}
{"round": 19, "loss": 0.022516155076026917, "accuracy": 0.7548}
{"round": 20, "loss": 0.024578804793953895, "accuracy": 0.723}
