{"loss": 0.07646599296728769, "accuracy": 0.1611666666666667}
{"loss": 0.07597617085774738, "accuracy": 0.21400000000000005}
{"loss": 0.07487594278653462, "accuracy": 0.2825000000000001}
{"loss": 0.07234850482145946, "accuracy": 0.3238333333333333}
{"loss": 0.06714581348498663, "accuracy": 0.4048333333333333}
{"loss": 0.05814502551158268, "accuracy": 0.5071666666666667}
{"loss": 0.04772587400674821, "accuracy": 0.5578333333333334}
{"loss": 0.04168285994728407, "accuracy": 0.5876666666666668}
{"loss": 0.03925078787406286, "accuracy": 0.6303333333333332}
{"loss": 0.041329757004976264, "accuracy": 0.6510000000000002}
{"loss": 0.04693299276630085, "accuracy": 0.66}
{"loss": 0.055753389547268536, "accuracy": 0.6619999999999999}
{"loss": 0.06796567404270172, "accuracy": 0.6575000000000002}
{"loss": 0.08403780461351078, "accuracy": 0.6510000000000001}
{"loss": 0.10493034261465076, "accuracy": 0.6378333333333334}
{"loss": 0.131821436047554, "accuracy": 0.6266666666666666}
{"loss": 0.16604254094759624, "accuracy": 0.6135000000000003}
{"loss": 0.2084453205664953, "accuracy": 0.6086666666666665}
{"loss": 0.260378700097402, "accuracy": 0.5913333333333334}
{"loss": 0.3230454790989557, "accuracy": 0.5853333333333332}
