{"round": 0, "loss": 0.07210463590621949, "accuracy": 0.0953, "preccision": 0.08720333535537352, "recall": 0.0953, "f1": 0.06449457672192811}
{"round": 1, "loss": 0.07182131235599518, "accuracy": 0.1656, "preccision": 0.1824886715215838, "recall": 0.1656, "f1": 0.08273520118734207}
{"round": 2, "loss": 0.07134943189620972, "accuracy": 0.211, "preccision": 0.1582773486948987, "recall": 0.211, "f1": 0.1465900307994986}
{"round": 3, "loss": 0.07026981167793274, "accuracy": 0.2799, "preccision": 0.2272635311849254, "recall": 0.2799, "f1": 0.16623435980408532}
{"round": 4, "loss": 0.06779202313423156, "accuracy": 0.3246, "preccision": 0.49276858471860085, "recall": 0.3246, "f1": 0.21507404340031538}
{"round": 5, "loss": 0.06273454176187515, "accuracy": 0.4162, "preccision": 0.561575320700503, "recall": 0.4162, "f1": 0.3397695866989986}
{"round": 6, "loss": 0.054020970451831817, "accuracy": 0.5239, "preccision": 0.5719357428760654, "recall": 0.5239, "f1": 0.47754683796359193}
{"round": 7, "loss": 0.043873202538490294, "accuracy": 0.5739, "preccision": 0.5982250778624827, "recall": 0.5739, "f1": 0.5389923478298733}
{"round": 8, "loss": 0.037745492649078366, "accuracy": 0.6105, "preccision": 0.6221313354839022, "recall": 0.6105, "f1": 0.5880311974467983}
{"round": 9, "loss": 0.03535524604916573, "accuracy": 0.6452, "preccision": 0.641603118516194, "recall": 0.6452, "f1": 0.631034032407865}
{"round": 10, "loss": 0.03712088120877743, "accuracy": 0.6625, "preccision": 0.6559010209671127, "recall": 0.6625, "f1": 0.6524229728377947}
{"round": 11, "loss": 0.042098418629169465, "accuracy": 0.6697, "preccision": 0.6631994897622525, "recall": 0.6697, "f1": 0.6620723001075686}
{"round": 12, "loss": 0.05013675280213356, "accuracy": 0.6685, "preccision": 0.6620819551502132, "recall": 0.6685, "f1": 0.6625459591149895}
{"round": 13, "loss": 0.0613436219394207, "accuracy": 0.6654, "preccision": 0.6596606371794298, "recall": 0.6654, "f1": 0.6604207613641949}
{"round": 14, "loss": 0.07641821874380111, "accuracy": 0.6582, "preccision": 0.6534781389609812, "recall": 0.6582, "f1": 0.6542712292021607}
{"round": 15, "loss": 0.09633450975418091, "accuracy": 0.6465, "preccision": 0.6425182139531894, "recall": 0.6465, "f1": 0.6429907703349412}
{"round": 16, "loss": 0.12217858645915985, "accuracy": 0.6329, "preccision": 0.6295331741188511, "recall": 0.6329, "f1": 0.6298474335369342}
{"round": 17, "loss": 0.15493505024909973, "accuracy": 0.6204, "preccision": 0.6172618422700579, "recall": 0.6204, "f1": 0.6174726862543113}
{"round": 18, "loss": 0.19558166716098785, "accuracy": 0.6081, "preccision": 0.604830076683429, "recall": 0.6081, "f1": 0.6051761379727122}
{"round": 19, "loss": 0.2448354452610016, "accuracy": 0.5943, "preccision": 0.5920232547188429, "recall": 0.5943, "f1": 0.5919417093005012}
{"round": 20, "loss": 0.3042501812934876, "accuracy": 0.5812, "preccision": 0.5792731061394872, "recall": 0.5812, "f1": 0.5790466652323311}
