{"loss": 0.07690874735514323, "accuracy": 0.09166666666666667}
{"loss": 0.07690874735514323, "accuracy": 0.09166666666666667}
{"loss": 0.07690874735514323, "accuracy": 0.09166666666666667}
{"loss": 0.07690874735514323, "accuracy": 0.09166666666666667}
{"loss": 0.07690874735514323, "accuracy": 0.09166666666666667}
{"loss": 0.07690874735514323, "accuracy": 0.09166666666666667}
{"loss": 0.07690874735514323, "accuracy": 0.09166666666666667}
{"loss": 0.0767542690038681, "accuracy": 0.09166666666666667}
{"loss": 0.018893286425154657, "accuracy": 0.8580833333333332}
