{"round": 0, "loss": 0.07228001170158387, "accuracy": 0.1135, "preccision": 0.012883538353835385, "recall": 0.1135, "f1": 0.02314038081552003}
{"round": 1, "loss": 0.07228001170158387, "accuracy": 0.1135, "preccision": 0.012883538353835385, "recall": 0.1135, "f1": 0.02314038081552003}
{"round": 0, "loss": 0.07228001170158387, "accuracy": 0.1135, "preccision": 0.012883538353835385, "recall": 0.1135, "f1": 0.02314038081552003}
{"round": 1, "loss": 0.07228001170158387, "accuracy": 0.1135, "preccision": 0.012883538353835385, "recall": 0.1135, "f1": 0.02314038081552003}
{"round": 0, "loss": 0.07228001170158387, "accuracy": 0.1135, "preccision": 0.012883538353835385, "recall": 0.1135, "f1": 0.02314038081552003}
{"round": 1, "loss": 0.07228001170158387, "accuracy": 0.1135, "preccision": 0.012883538353835385, "recall": 0.1135, "f1": 0.02314038081552003}
{"round": 0, "loss": 0.07228001170158387, "accuracy": 0.1135, "preccision": 0.012883538353835385, "recall": 0.1135, "f1": 0.02314038081552003}
{"round": 1, "loss": 0.07228001170158387, "accuracy": 0.1135, "preccision": 0.012883538353835385, "recall": 0.1135, "f1": 0.02314038081552003}
{"round": 0, "loss": 0.07228001170158387, "accuracy": 0.1135, "preccision": 0.012883538353835385, "recall": 0.1135, "f1": 0.02314038081552003}
{"round": 1, "loss": 0.07228001170158387, "accuracy": 0.1135, "preccision": 0.012883538353835385, "recall": 0.1135, "f1": 0.02314038081552003}
{"round": 0, "loss": 0.07228001170158387, "accuracy": 0.1135, "preccision": 0.012883538353835385, "recall": 0.1135, "f1": 0.02314038081552003}
{"round": 1, "loss": 0.07228001170158387, "accuracy": 0.1135, "preccision": 0.012883538353835385, "recall": 0.1135, "f1": 0.02314038081552003}
{"round": 0, "loss": 0.07228001170158387, "accuracy": 0.1135, "preccision": 0.012883538353835385, "recall": 0.1135, "f1": 0.02314038081552003}
{"round": 1, "loss": 0.07228001170158387, "accuracy": 0.1135, "preccision": 0.012883538353835385, "recall": 0.1135, "f1": 0.02314038081552003}
{"round": 0, "loss": 0.07228001170158387, "accuracy": 0.1135, "preccision": 0.012883538353835385, "recall": 0.1135, "f1": 0.02314038081552003}
{"round": 0, "loss": 0.07228001170158387, "accuracy": 0.1135, "preccision": 0.012883538353835385, "recall": 0.1135, "f1": 0.02314038081552003}
{"round": 1, "loss": 0.07210063960552215, "accuracy": 0.1135, "preccision": 0.01288225, "recall": 0.1135, "f1": 0.023138302649304}
{"round": 0, "loss": 0.07228001170158387, "accuracy": 0.1135, "preccision": 0.012883538353835385, "recall": 0.1135, "f1": 0.02314038081552003}
{"round": 1, "loss": 0.017966982576809825, "accuracy": 0.8686, "preccision": 0.868178595009736, "recall": 0.8686, "f1": 0.8674108671796265}
