{"loss": 0.07618730694055556, "accuracy": 0.12375}
{"loss": 0.0753532369931539, "accuracy": 0.2741666666666667}
{"loss": 0.07402383128801983, "accuracy": 0.3908333333333334}
{"loss": 0.07192790935436885, "accuracy": 0.4620833333333333}
{"loss": 0.0687303941945235, "accuracy": 0.5570833333333334}
{"loss": 0.06409346386790275, "accuracy": 0.5974999999999999}
{"loss": 0.05862568726142248, "accuracy": 0.62125}
{"loss": 0.052746753146251046, "accuracy": 0.615}
{"loss": 0.0469969387849172, "accuracy": 0.6216666666666667}
{"loss": 0.042591683318217596, "accuracy": 0.6383333333333334}
{"loss": 0.03926392835875352, "accuracy": 0.6525000000000001}
{"loss": 0.0359264986217022, "accuracy": 0.6554166666666666}
{"loss": 0.03330112136900425, "accuracy": 0.66125}
{"loss": 0.030869931553800894, "accuracy": 0.6808333333333334}
{"loss": 0.028977044671773915, "accuracy": 0.70375}
{"loss": 0.02754125437388818, "accuracy": 0.7083333333333334}
{"loss": 0.02616787936538458, "accuracy": 0.7225000000000001}
{"loss": 0.025040664610763385, "accuracy": 0.7483333333333333}
{"loss": 0.024538607547680537, "accuracy": 0.7454166666666667}
{"loss": 0.02384843574215969, "accuracy": 0.75625}
