{"round": 0, "loss": 0.07212486484050751, "accuracy": 0.0958}
{"round": 1, "loss": 0.07147369666099548, "accuracy": 0.1248}
{"round": 2, "loss": 0.0706770703792572, "accuracy": 0.2775}
{"round": 3, "loss": 0.06939228265285492, "accuracy": 0.4037}
{"round": 4, "loss": 0.06740407202243805, "accuracy": 0.4768}
{"round": 5, "loss": 0.06435328602790832, "accuracy": 0.5622}
{"round": 6, "loss": 0.05995624951124191, "accuracy": 0.6136}
{"round": 7, "loss": 0.05476003178358078, "accuracy": 0.631}
{"round": 8, "loss": 0.04918697017431259, "accuracy": 0.6265}
{"round": 9, "loss": 0.04368245133161545, "accuracy": 0.6322}
{"round": 10, "loss": 0.03940908694267273, "accuracy": 0.6446}
{"round": 11, "loss": 0.03620622424483299, "accuracy": 0.6579}
{"round": 12, "loss": 0.03302808871269226, "accuracy": 0.6675}
{"round": 13, "loss": 0.030554203510284424, "accuracy": 0.6742}
{"round": 14, "loss": 0.028291109877824783, "accuracy": 0.6944}
{"round": 15, "loss": 0.02650721418261528, "accuracy": 0.717}
{"round": 16, "loss": 0.02527375143766403, "accuracy": 0.7194}
{"round": 17, "loss": 0.024083069172501564, "accuracy": 0.729}
{"round": 18, "loss": 0.023101568758487703, "accuracy": 0.7481}
{"round": 19, "loss": 0.02265945374071598, "accuracy": 0.7455}
{"round": 20, "loss": 0.022072812274098397, "accuracy": 0.7535}
