{"loss": 0.07619493226210276, "accuracy": 0.12999999999999998}
{"loss": 0.07497270743052165, "accuracy": 0.18749999999999997}
{"loss": 0.07155584255854289, "accuracy": 0.285}
{"loss": 0.06407646516958873, "accuracy": 0.3675}
{"loss": 0.05565409451723099, "accuracy": 0.43666666666666665}
{"loss": 0.057364489138126376, "accuracy": 0.46749999999999997}
{"loss": 0.06927728667855264, "accuracy": 0.4883333333333333}
{"loss": 0.09649519324302674, "accuracy": 0.49333333333333335}
{"loss": 0.14301043291886645, "accuracy": 0.4916666666666666}
{"loss": 0.21792076071103414, "accuracy": 0.48500000000000004}
{"loss": 0.32798711776733397, "accuracy": 0.47750000000000004}
{"loss": 0.4862182803948721, "accuracy": 0.4625000000000001}
{"loss": 0.7066597175598145, "accuracy": 0.44416666666666665}
{"loss": 1.0003455034891764, "accuracy": 0.43000000000000005}
{"loss": 1.3832051610946656, "accuracy": 0.4166666666666667}
{"loss": 1.878832228978475, "accuracy": 0.41166666666666674}
{"loss": 2.5060382016499836, "accuracy": 0.40499999999999997}
{"loss": 3.291877822875976, "accuracy": 0.3975}
{"loss": 4.262181809743245, "accuracy": 0.39666666666666667}
{"loss": 5.453625202178954, "accuracy": 0.39}
