{"round": 0, "loss": 0.07207710530757903, "accuracy": 0.1028, "preccision": 0.010569953990798159, "recall": 0.1028, "f1": 0.019168946127335388}
{"round": 1, "loss": 0.07157577357292175, "accuracy": 0.1256, "preccision": 0.03593298479083347, "recall": 0.1256, "f1": 0.045075359170684705}
{"round": 2, "loss": 0.07046168892383575, "accuracy": 0.1651, "preccision": 0.150744151288738, "recall": 0.1651, "f1": 0.09192168387674117}
{"round": 3, "loss": 0.06730262773036957, "accuracy": 0.2713, "preccision": 0.3029195103139768, "recall": 0.2713, "f1": 0.19835909490878964}
{"round": 4, "loss": 0.0601392959356308, "accuracy": 0.371, "preccision": 0.36664692431932744, "recall": 0.371, "f1": 0.33220343506165123}
{"round": 5, "loss": 0.0519977996468544, "accuracy": 0.4372, "preccision": 0.4129942447954298, "recall": 0.4372, "f1": 0.40733736613512483}
{"round": 6, "loss": 0.05355275733470917, "accuracy": 0.468, "preccision": 0.4420270143745569, "recall": 0.468, "f1": 0.4389793072896074}
{"round": 7, "loss": 0.06573536968827248, "accuracy": 0.4906, "preccision": 0.4670032472525425, "recall": 0.4906, "f1": 0.4685784529420789}
{"round": 8, "loss": 0.09227946385741234, "accuracy": 0.4952, "preccision": 0.47441458270591713, "recall": 0.4952, "f1": 0.4787929410542374}
{"round": 9, "loss": 0.13756826832294464, "accuracy": 0.4945, "preccision": 0.48066829931051097, "recall": 0.4945, "f1": 0.48406459352843606}
{"round": 10, "loss": 0.20987356860637665, "accuracy": 0.4806, "preccision": 0.468665968441496, "recall": 0.4806, "f1": 0.4717909641420545}
{"round": 11, "loss": 0.3154126971244812, "accuracy": 0.4683, "preccision": 0.45918569944691773, "recall": 0.4683, "f1": 0.46155010241057437}
{"round": 12, "loss": 0.4659705714702606, "accuracy": 0.4565, "preccision": 0.4503315783442089, "recall": 0.4565, "f1": 0.45096331459829725}
{"round": 13, "loss": 0.6709278087615966, "accuracy": 0.4421, "preccision": 0.4354106912315043, "recall": 0.4421, "f1": 0.4364337654121135}
{"round": 14, "loss": 0.944048407459259, "accuracy": 0.4317, "preccision": 0.4257235252620466, "recall": 0.4317, "f1": 0.42639693283558483}
{"round": 15, "loss": 1.298604481124878, "accuracy": 0.4189, "preccision": 0.4145868812358579, "recall": 0.4189, "f1": 0.41432461424627226}
{"round": 16, "loss": 1.7557166744232178, "accuracy": 0.4128, "preccision": 0.4091232287833687, "recall": 0.4128, "f1": 0.40854929359907155}
{"round": 17, "loss": 2.3269722229003906, "accuracy": 0.4081, "preccision": 0.40355982788837813, "recall": 0.4081, "f1": 0.4037070630405724}
{"round": 18, "loss": 3.0437989162445067, "accuracy": 0.4024, "preccision": 0.39653659407675224, "recall": 0.4024, "f1": 0.3973052547229571}
{"round": 19, "loss": 3.925555556488037, "accuracy": 0.3973, "preccision": 0.3919119576963204, "recall": 0.3973, "f1": 0.39237029636646187}
{"round": 20, "loss": 4.999639797210693, "accuracy": 0.3962, "preccision": 0.39023755071154714, "recall": 0.3962, "f1": 0.39103213383343943}
