{"loss": 0.07610183457533519, "accuracy": 0.175}
{"loss": 0.07538730998833974, "accuracy": 0.2916666666666667}
{"loss": 0.07435662150382996, "accuracy": 0.30833333333333335}
{"loss": 0.07221669753392537, "accuracy": 0.36250000000000004}
{"loss": 0.06952342092990876, "accuracy": 0.43333333333333335}
{"loss": 0.0660312682390213, "accuracy": 0.44999999999999996}
{"loss": 0.06233431200186411, "accuracy": 0.4833333333333333}
{"loss": 0.057081199189027154, "accuracy": 0.5416666666666667}
{"loss": 0.05311646660168966, "accuracy": 0.5333333333333333}
{"loss": 0.048200530807177226, "accuracy": 0.6041666666666666}
{"loss": 0.04496932079394658, "accuracy": 0.5666666666666667}
{"loss": 0.0438818966348966, "accuracy": 0.5791666666666666}
{"loss": 0.03822169800599416, "accuracy": 0.6333333333333333}
{"loss": 0.03821933393677075, "accuracy": 0.6625}
{"loss": 0.03363181451956431, "accuracy": 0.6791666666666667}
{"loss": 0.034583292156457904, "accuracy": 0.6666666666666666}
{"loss": 0.03269137367606163, "accuracy": 0.6708333333333334}
{"loss": 0.03334915935993194, "accuracy": 0.6958333333333333}
{"loss": 0.03308470124999682, "accuracy": 0.675}
{"loss": 0.030070652316013975, "accuracy": 0.7291666666666667}
