{"round": 0, "loss": 0.07212486484050751, "accuracy": 0.0958}
{"round": 1, "loss": 0.0715071180820465, "accuracy": 0.1682}
{"round": 2, "loss": 0.0707929276227951, "accuracy": 0.2718}
{"round": 3, "loss": 0.06965257909297944, "accuracy": 0.3635}
{"round": 4, "loss": 0.06749770748615265, "accuracy": 0.4214}
{"round": 5, "loss": 0.06481699385643006, "accuracy": 0.4812}
{"round": 6, "loss": 0.060625694847106934, "accuracy": 0.5068}
{"round": 7, "loss": 0.05615055556297302, "accuracy": 0.5763}
{"round": 8, "loss": 0.050232299506664274, "accuracy": 0.5923}
{"round": 9, "loss": 0.04583978441953659, "accuracy": 0.5817}
{"round": 10, "loss": 0.04131192837953568, "accuracy": 0.6301}
{"round": 11, "loss": 0.036920851385593416, "accuracy": 0.6339}
{"round": 12, "loss": 0.03573647908568382, "accuracy": 0.6392}
{"round": 13, "loss": 0.03016372416615486, "accuracy": 0.698}
{"round": 14, "loss": 0.02925919506549835, "accuracy": 0.6874}
{"round": 15, "loss": 0.027101132625341414, "accuracy": 0.7171}
{"round": 16, "loss": 0.025756779220700264, "accuracy": 0.7291}
{"round": 17, "loss": 0.025834890487790106, "accuracy": 0.7367}
{"round": 18, "loss": 0.023986341446638106, "accuracy": 0.7526}
{"round": 19, "loss": 0.026145464992523192, "accuracy": 0.7328}
{"round": 20, "loss": 0.022480072483420373, "accuracy": 0.7629}
