{"loss": 0.07611706058184306, "accuracy": 0.2141666666666667}
{"loss": 0.07494701047738392, "accuracy": 0.26916666666666667}
{"loss": 0.07239192148049672, "accuracy": 0.3483333333333333}
{"loss": 0.06830960631370545, "accuracy": 0.37666666666666665}
{"loss": 0.061899652083714805, "accuracy": 0.43166666666666675}
{"loss": 0.06203203250964483, "accuracy": 0.46749999999999997}
{"loss": 0.07869878133138021, "accuracy": 0.4791666666666667}
{"loss": 0.1087521689136823, "accuracy": 0.48166666666666663}
{"loss": 0.160697013537089, "accuracy": 0.46333333333333326}
{"loss": 0.23822869261105856, "accuracy": 0.4408333333333333}
{"loss": 0.3494327970913478, "accuracy": 0.4297619047619047}
{"loss": 0.5002604007720948, "accuracy": 0.4125}
{"loss": 0.7106709297498067, "accuracy": 0.4058333333333334}
{"loss": 0.9866862249374388, "accuracy": 0.38999999999999996}
{"loss": 1.3538630374272664, "accuracy": 0.3808333333333333}
{"loss": 1.8328157107035317, "accuracy": 0.3675}
{"loss": 2.4345014890034995, "accuracy": 0.3616666666666667}
{"loss": 3.1924263159434, "accuracy": 0.3625}
{"loss": 4.110333970387776, "accuracy": 0.35833333333333334}
{"loss": 5.232224807739258, "accuracy": 0.35666666666666674}
