{"round": 0, "loss": 0.07204539165496826, "accuracy": 0.1096, "preccision": 0.09697667574561834, "recall": 0.1096, "f1": 0.06719632393106954}
{"round": 1, "loss": 0.07138892478942871, "accuracy": 0.2161, "preccision": 0.1645964384709019, "recall": 0.2161, "f1": 0.11678588789840251}
{"round": 2, "loss": 0.07007967958450317, "accuracy": 0.2848, "preccision": 0.26078105690824843, "recall": 0.2848, "f1": 0.19336652447874486}
{"round": 3, "loss": 0.06743518178462982, "accuracy": 0.3497, "preccision": 0.3422022317538794, "recall": 0.3497, "f1": 0.2770357336207328}
{"round": 4, "loss": 0.06361267669200897, "accuracy": 0.3713, "preccision": 0.4105527665320815, "recall": 0.3713, "f1": 0.29920174910077213}
{"round": 5, "loss": 0.05783917311429977, "accuracy": 0.4235, "preccision": 0.4070306355226251, "recall": 0.4235, "f1": 0.3620468833269494}
{"round": 6, "loss": 0.05887424921989441, "accuracy": 0.4522, "preccision": 0.4284308671461451, "recall": 0.4522, "f1": 0.4033879810035443}
{"round": 7, "loss": 0.07568494112491608, "accuracy": 0.4607, "preccision": 0.434290642033638, "recall": 0.4607, "f1": 0.42103247700603635}
{"round": 8, "loss": 0.10514409980773926, "accuracy": 0.4668, "preccision": 0.4461140049667518, "recall": 0.4668, "f1": 0.4410310331929441}
{"round": 9, "loss": 0.15457216604948043, "accuracy": 0.4614, "preccision": 0.4455711498152183, "recall": 0.4614, "f1": 0.4426992355776424}
{"round": 10, "loss": 0.2281421519756317, "accuracy": 0.4447, "preccision": 0.4302981454848963, "recall": 0.4447, "f1": 0.43083956738531387}
{"round": 11, "loss": 0.33373311076164247, "accuracy": 0.4309, "preccision": 0.4214102238626555, "recall": 0.4309, "f1": 0.4216100956868009}
{"round": 12, "loss": 0.4786702585697174, "accuracy": 0.4167, "preccision": 0.4112045749681426, "recall": 0.4167, "f1": 0.4104169480007019}
{"round": 13, "loss": 0.676754530620575, "accuracy": 0.402, "preccision": 0.3997589736221377, "recall": 0.402, "f1": 0.3971788838815729}
{"round": 14, "loss": 0.9367212267875671, "accuracy": 0.396, "preccision": 0.3964705401218876, "recall": 0.396, "f1": 0.39274107085558596}
{"round": 15, "loss": 1.2754944820404053, "accuracy": 0.3895, "preccision": 0.39207717228286565, "recall": 0.3895, "f1": 0.3869987126980585}
{"round": 16, "loss": 1.7151289346694947, "accuracy": 0.3836, "preccision": 0.38664314627576274, "recall": 0.3836, "f1": 0.38105627211115806}
{"round": 17, "loss": 2.265795802307129, "accuracy": 0.3809, "preccision": 0.38288522755773324, "recall": 0.3809, "f1": 0.3780422491956615}
{"round": 18, "loss": 2.9595915660858156, "accuracy": 0.3798, "preccision": 0.38205312640431077, "recall": 0.3798, "f1": 0.3768075038875863}
{"round": 19, "loss": 3.8006108165740966, "accuracy": 0.3766, "preccision": 0.38113934690721024, "recall": 0.3766, "f1": 0.37490694986756307}
{"round": 20, "loss": 4.826972286605835, "accuracy": 0.3741, "preccision": 0.37927340823569244, "recall": 0.3741, "f1": 0.37288980967713853}
