{"loss": 0.07638222674528758, "accuracy": 0.18833333333333332}
{"loss": 0.0755471662680308, "accuracy": 0.25083333333333335}
{"loss": 0.07404825568199157, "accuracy": 0.32666666666666666}
{"loss": 0.0709597671031952, "accuracy": 0.39499999999999996}
{"loss": 0.06537986169258754, "accuracy": 0.4583333333333333}
{"loss": 0.057125410238901775, "accuracy": 0.5325}
{"loss": 0.0483125713467598, "accuracy": 0.555}
{"loss": 0.043338978687922164, "accuracy": 0.5675}
{"loss": 0.04164531692862511, "accuracy": 0.6016666666666667}
{"loss": 0.04299203691383203, "accuracy": 0.6233333333333334}
{"loss": 0.04854442747930686, "accuracy": 0.6275000000000001}
{"loss": 0.05798954193790754, "accuracy": 0.625}
{"loss": 0.07175047531723974, "accuracy": 0.6183333333333334}
{"loss": 0.09067115580042204, "accuracy": 0.6116666666666666}
{"loss": 0.11584818740685783, "accuracy": 0.5933333333333334}
{"loss": 0.1481140093008677, "accuracy": 0.5800000000000001}
{"loss": 0.18915064056714376, "accuracy": 0.5558333333333334}
{"loss": 0.23976305067539214, "accuracy": 0.5341666666666666}
{"loss": 0.3027079615990321, "accuracy": 0.52}
{"loss": 0.3785736680030822, "accuracy": 0.5091666666666665}
