{"round": 0, "loss": 0.07237841854095459, "accuracy": 0.0628, "preccision": 0.024559532652178438, "recall": 0.0628, "f1": 0.03398203225203176}
{"round": 1, "loss": 0.07164137234687805, "accuracy": 0.1742, "preccision": 0.12035390638230346, "recall": 0.1742, "f1": 0.08617686475113819}
{"round": 2, "loss": 0.07085938069820404, "accuracy": 0.2461, "preccision": 0.16524536169558224, "recall": 0.2461, "f1": 0.16686370236444176}
{"round": 3, "loss": 0.0694284102678299, "accuracy": 0.3257, "preccision": 0.420229329921263, "recall": 0.3257, "f1": 0.26839897972630916}
{"round": 4, "loss": 0.06644877095222473, "accuracy": 0.3964, "preccision": 0.4372253548248746, "recall": 0.3964, "f1": 0.3304882417603686}
{"round": 5, "loss": 0.060932054793834685, "accuracy": 0.455, "preccision": 0.4995615292184487, "recall": 0.455, "f1": 0.405749738324908}
{"round": 6, "loss": 0.05268532880544662, "accuracy": 0.5472, "preccision": 0.5326359723119249, "recall": 0.5472, "f1": 0.49195575366650207}
{"round": 7, "loss": 0.0440220475435257, "accuracy": 0.5793, "preccision": 0.5729409456654477, "recall": 0.5793, "f1": 0.5258722239343145}
{"round": 8, "loss": 0.039034076571464536, "accuracy": 0.5986, "preccision": 0.5918670330969227, "recall": 0.5986, "f1": 0.5491599030703417}
{"round": 9, "loss": 0.037130385088920595, "accuracy": 0.626, "preccision": 0.6110780372785117, "recall": 0.626, "f1": 0.588561547630535}
{"round": 10, "loss": 0.03844370397925377, "accuracy": 0.645, "preccision": 0.6298733680713516, "recall": 0.645, "f1": 0.618198315216518}
{"round": 11, "loss": 0.043491725981235504, "accuracy": 0.6478, "preccision": 0.6352903485339472, "recall": 0.6478, "f1": 0.6294981376573697}
{"round": 12, "loss": 0.05196981800794601, "accuracy": 0.6426, "preccision": 0.6329904446116338, "recall": 0.6426, "f1": 0.6296398685635277}
{"round": 13, "loss": 0.06435967844724655, "accuracy": 0.6313, "preccision": 0.6250752814527137, "recall": 0.6313, "f1": 0.6225902519553773}
{"round": 14, "loss": 0.08103436734080315, "accuracy": 0.616, "preccision": 0.6128284209065266, "recall": 0.616, "f1": 0.6104884464999549}
{"round": 15, "loss": 0.10294537661075592, "accuracy": 0.6016, "preccision": 0.5992013572078513, "recall": 0.6016, "f1": 0.5970798454782043}
{"round": 16, "loss": 0.13092965945005416, "accuracy": 0.587, "preccision": 0.5877328466900859, "recall": 0.587, "f1": 0.5847761128576596}
{"round": 17, "loss": 0.16632903451919556, "accuracy": 0.5707, "preccision": 0.5688178702366218, "recall": 0.5707, "f1": 0.5672727770682388}
{"round": 18, "loss": 0.20922054319381714, "accuracy": 0.5543, "preccision": 0.5543806967873561, "recall": 0.5543, "f1": 0.5524707740699291}
{"round": 19, "loss": 0.26265740082263944, "accuracy": 0.5403, "preccision": 0.541665536835095, "recall": 0.5403, "f1": 0.5391274658481001}
{"round": 20, "loss": 0.32753600978851316, "accuracy": 0.5245, "preccision": 0.525619005164484, "recall": 0.5245, "f1": 0.5231119355965996}
