{"loss": 0.0764959486722946, "accuracy": 0.138}
{"loss": 0.07575351695219677, "accuracy": 0.1818333333333333}
{"loss": 0.07419546020030975, "accuracy": 0.17566666666666675}
{"loss": 0.07119587143262229, "accuracy": 0.291}
{"loss": 0.06533428512016934, "accuracy": 0.4370000000000001}
{"loss": 0.05621229791641233, "accuracy": 0.532}
{"loss": 0.047073822339375807, "accuracy": 0.5751666666666666}
{"loss": 0.041152526934941626, "accuracy": 0.602}
{"loss": 0.038293723056713753, "accuracy": 0.6328333333333335}
{"loss": 0.04031722983717919, "accuracy": 0.6461666666666664}
{"loss": 0.0459965028911829, "accuracy": 0.6525000000000002}
{"loss": 0.05540506461759406, "accuracy": 0.6481666666666667}
{"loss": 0.06915404098232587, "accuracy": 0.6389999999999998}
{"loss": 0.08770627158880234, "accuracy": 0.6268333333333334}
{"loss": 0.11210043025016785, "accuracy": 0.6193333333333334}
{"loss": 0.1437246549129486, "accuracy": 0.6043333333333333}
{"loss": 0.18386111354827883, "accuracy": 0.5950000000000001}
{"loss": 0.233628848473231, "accuracy": 0.5820000000000001}
{"loss": 0.29454260090986883, "accuracy": 0.5730000000000001}
{"loss": 0.3683193043073018, "accuracy": 0.5615}
