{"round": 0, "loss": 0.07225919997692108, "accuracy": 0.09, "preccision": 0.01089712700949516, "recall": 0.09, "f1": 0.01639690578512015}
{"round": 1, "loss": 0.07181749672889709, "accuracy": 0.1363, "preccision": 0.18751185067240247, "recall": 0.1363, "f1": 0.05502959331469067}
{"round": 2, "loss": 0.0711224455833435, "accuracy": 0.1822, "preccision": 0.2370396177874846, "recall": 0.1822, "f1": 0.06758050143398421}
{"round": 3, "loss": 0.06965973181724548, "accuracy": 0.169, "preccision": 0.40553270595387053, "recall": 0.169, "f1": 0.10582724023088853}
{"round": 4, "loss": 0.06687340681552886, "accuracy": 0.286, "preccision": 0.5077306454635172, "recall": 0.286, "f1": 0.244582175515613}
{"round": 5, "loss": 0.06138844958543777, "accuracy": 0.4332, "preccision": 0.5262111583178238, "recall": 0.4332, "f1": 0.37046479978037583}
{"round": 6, "loss": 0.0528171182513237, "accuracy": 0.5382, "preccision": 0.5527043581734146, "recall": 0.5382, "f1": 0.5027322059007129}
{"round": 7, "loss": 0.04414874457120895, "accuracy": 0.5767, "preccision": 0.5696725930324459, "recall": 0.5767, "f1": 0.548623597533124}
{"round": 8, "loss": 0.03847818259596825, "accuracy": 0.6057, "preccision": 0.5915087091448847, "recall": 0.6057, "f1": 0.5813645442447584}
{"round": 9, "loss": 0.03596481304168701, "accuracy": 0.6312, "preccision": 0.6156309458997116, "recall": 0.6312, "f1": 0.6159110548315372}
{"round": 10, "loss": 0.03784259117245674, "accuracy": 0.6396, "preccision": 0.625949012968958, "recall": 0.6396, "f1": 0.6281398100321094}
{"round": 11, "loss": 0.04291517510414124, "accuracy": 0.6428, "preccision": 0.6342528717306565, "recall": 0.6428, "f1": 0.6362646591548999}
{"round": 12, "loss": 0.051054035931825635, "accuracy": 0.6446, "preccision": 0.6398982644759965, "recall": 0.6446, "f1": 0.6409034080898912}
{"round": 13, "loss": 0.06295770388245582, "accuracy": 0.6444, "preccision": 0.641246863212813, "recall": 0.6444, "f1": 0.6418608739848565}
{"round": 14, "loss": 0.07900127643942834, "accuracy": 0.6391, "preccision": 0.6367521515632556, "recall": 0.6391, "f1": 0.6371838528174001}
{"round": 15, "loss": 0.10019525368213654, "accuracy": 0.6335, "preccision": 0.6316929912247178, "recall": 0.6335, "f1": 0.6319725739566389}
{"round": 16, "loss": 0.12762397414445878, "accuracy": 0.624, "preccision": 0.6237926198072284, "recall": 0.624, "f1": 0.6233595550222716}
{"round": 17, "loss": 0.1626387246131897, "accuracy": 0.6119, "preccision": 0.6125253697931695, "recall": 0.6119, "f1": 0.6117106272216966}
{"round": 18, "loss": 0.20625207506418228, "accuracy": 0.6014, "preccision": 0.602502145664792, "recall": 0.6014, "f1": 0.6012758090998813}
{"round": 19, "loss": 0.25969913796186445, "accuracy": 0.5917, "preccision": 0.593381644856432, "recall": 0.5917, "f1": 0.5917786108516156}
{"round": 20, "loss": 0.3248917260169983, "accuracy": 0.5814, "preccision": 0.5834185706844519, "recall": 0.5814, "f1": 0.5815785714186288}
