{"loss": 0.07618797090318467, "accuracy": 0.1611111111111111}
{"loss": 0.07462502430986474, "accuracy": 0.24722222222222223}
{"loss": 0.0723936125084206, "accuracy": 0.3175925925925926}
{"loss": 0.06815717159597962, "accuracy": 0.3032407407407407}
{"loss": 0.06110356968862038, "accuracy": 0.39907407407407414}
{"loss": 0.05171946691142189, "accuracy": 0.4616666666666666}
{"loss": 0.05174153270544828, "accuracy": 0.4824074074074074}
{"loss": 0.05373204966386159, "accuracy": 0.505}
{"loss": 0.06055269947364217, "accuracy": 0.5279761904761905}
{"loss": 0.07455340822537741, "accuracy": 0.5101851851851852}
{"loss": 0.0938255270322164, "accuracy": 0.5425925925925926}
{"loss": 0.11934011355042456, "accuracy": 0.5312500000000001}
{"loss": 0.15820821733386425, "accuracy": 0.5287037037037038}
{"loss": 0.21778664721382987, "accuracy": 0.5111111111111111}
{"loss": 0.2530733819361086, "accuracy": 0.5018518518518519}
{"loss": 0.35000733887707747, "accuracy": 0.4842592592592593}
{"loss": 0.46360873466446284, "accuracy": 0.46785714285714286}
{"loss": 0.5883166163055985, "accuracy": 0.4462962962962963}
{"loss": 0.7096916260542692, "accuracy": 0.4388888888888889}
{"loss": 0.9287035880265412, "accuracy": 0.4324074074074074}
