{"round": 0, "loss": 0.07237841854095459, "accuracy": 0.0628, "preccision": 0.024559532652178438, "recall": 0.0628, "f1": 0.03398203225203176}
{"round": 1, "loss": 0.07151206650733948, "accuracy": 0.1577, "preccision": 0.06848758538922822, "recall": 0.1577, "f1": 0.06334192466339887}
{"round": 2, "loss": 0.0701858116388321, "accuracy": 0.2526, "preccision": 0.2610921179569611, "recall": 0.2526, "f1": 0.15646557253453036}
{"round": 3, "loss": 0.06789131157398223, "accuracy": 0.3386, "preccision": 0.29088003824973935, "recall": 0.3386, "f1": 0.271572826198906}
{"round": 4, "loss": 0.0638419069647789, "accuracy": 0.3128, "preccision": 0.4534992395997375, "recall": 0.3128, "f1": 0.2575336706169459}
{"round": 5, "loss": 0.057041344821453094, "accuracy": 0.42, "preccision": 0.3805761729063815, "recall": 0.42, "f1": 0.3474190238954698}
{"round": 6, "loss": 0.050034589099884036, "accuracy": 0.4456, "preccision": 0.41300677010204856, "recall": 0.4456, "f1": 0.3853715026664452}
{"round": 7, "loss": 0.047864590644836426, "accuracy": 0.4884, "preccision": 0.4506202702883671, "recall": 0.4884, "f1": 0.42858615809078}
{"round": 8, "loss": 0.0497021456360817, "accuracy": 0.5095, "preccision": 0.4687491081158997, "recall": 0.5095, "f1": 0.45764619325746353}
{"round": 9, "loss": 0.05610672724843025, "accuracy": 0.5272, "preccision": 0.4960996188968242, "recall": 0.5272, "f1": 0.48669549346014784}
{"round": 10, "loss": 0.06950738632678985, "accuracy": 0.527, "preccision": 0.49815494429728596, "recall": 0.527, "f1": 0.49141590414883674}
{"round": 11, "loss": 0.08674665093421936, "accuracy": 0.5377, "preccision": 0.5072735904766316, "recall": 0.5377, "f1": 0.5063965724397738}
{"round": 12, "loss": 0.11080204164981843, "accuracy": 0.5288, "preccision": 0.5061118408752306, "recall": 0.5288, "f1": 0.5053386863618422}
{"round": 13, "loss": 0.14789873901605607, "accuracy": 0.523, "preccision": 0.5041067225817449, "recall": 0.523, "f1": 0.5003997543642165}
{"round": 14, "loss": 0.19113819417953493, "accuracy": 0.5138, "preccision": 0.49250848530949176, "recall": 0.5138, "f1": 0.4942380675589352}
{"round": 15, "loss": 0.2527256314277649, "accuracy": 0.4947, "preccision": 0.4749092458443146, "recall": 0.4947, "f1": 0.47625492700306815}
{"round": 16, "loss": 0.32500317850112914, "accuracy": 0.4854, "preccision": 0.46741872494241904, "recall": 0.4854, "f1": 0.4698459022463506}
{"round": 17, "loss": 0.42146109619140626, "accuracy": 0.4713, "preccision": 0.4550250586885782, "recall": 0.4713, "f1": 0.4558004363350403}
{"round": 18, "loss": 0.5288947394847869, "accuracy": 0.4588, "preccision": 0.4464642577707341, "recall": 0.4588, "f1": 0.4492243619265231}
{"round": 19, "loss": 0.6794976038932801, "accuracy": 0.4443, "preccision": 0.42823181899960916, "recall": 0.4443, "f1": 0.4307455543321187}
{"round": 20, "loss": 0.8545664578437805, "accuracy": 0.4337, "preccision": 0.41931304285475673, "recall": 0.4337, "f1": 0.4219686017986417}
