{"loss": 0.07654832700888316, "accuracy": 0.06666666666666667}
{"loss": 0.07609300315380096, "accuracy": 0.07916666666666666}
{"loss": 0.07561197479565938, "accuracy": 0.2375}
{"loss": 0.0746209611495336, "accuracy": 0.2708333333333333}
{"loss": 0.07298981050650279, "accuracy": 0.4916666666666667}
{"loss": 0.07014936208724976, "accuracy": 0.4916666666666667}
{"loss": 0.06601125796635945, "accuracy": 0.5416666666666667}
{"loss": 0.06073345939318339, "accuracy": 0.525}
{"loss": 0.055729850629965466, "accuracy": 0.4833333333333334}
{"loss": 0.049518519143263495, "accuracy": 0.5958333333333333}
{"loss": 0.04554324398438136, "accuracy": 0.5708333333333333}
{"loss": 0.04310538669427236, "accuracy": 0.5874999999999999}
{"loss": 0.038822471847136816, "accuracy": 0.6041666666666666}
{"loss": 0.034113653500874835, "accuracy": 0.6958333333333333}
{"loss": 0.03355263893802961, "accuracy": 0.675}
{"loss": 0.03140510370333989, "accuracy": 0.7208333333333333}
{"loss": 0.029713223129510878, "accuracy": 0.7208333333333333}
{"loss": 0.02988758732875188, "accuracy": 0.725}
{"loss": 0.02975831056634585, "accuracy": 0.7166666666666666}
{"loss": 0.0298588236172994, "accuracy": 0.7416666666666667}
