{"round": 0, "loss": 0.0721090440750122, "accuracy": 0.0788}
{"round": 1, "loss": 0.07174898056983947, "accuracy": 0.0992}
{"round": 2, "loss": 0.07135087554454804, "accuracy": 0.1089}
{"round": 3, "loss": 0.0707920877456665, "accuracy": 0.2793}
{"round": 4, "loss": 0.06966795067787171, "accuracy": 0.2877}
{"round": 5, "loss": 0.06788455009460449, "accuracy": 0.5124}
{"round": 6, "loss": 0.06491804722547531, "accuracy": 0.5012}
{"round": 7, "loss": 0.06047594242095947, "accuracy": 0.5556}
{"round": 8, "loss": 0.05483023482561111, "accuracy": 0.5542}
{"round": 9, "loss": 0.04927987755537033, "accuracy": 0.5282}
{"round": 10, "loss": 0.043227719569206235, "accuracy": 0.6269}
{"round": 11, "loss": 0.03944641507863998, "accuracy": 0.6159}
{"round": 12, "loss": 0.035994053250551224, "accuracy": 0.6263}
{"round": 13, "loss": 0.032164435648918153, "accuracy": 0.656}
{"round": 14, "loss": 0.02770660533308983, "accuracy": 0.7092}
{"round": 15, "loss": 0.027003769743442537, "accuracy": 0.7014}
{"round": 16, "loss": 0.02463576504290104, "accuracy": 0.7534}
{"round": 17, "loss": 0.02409854128062725, "accuracy": 0.7481}
{"round": 18, "loss": 0.023760607290267945, "accuracy": 0.7588}
{"round": 19, "loss": 0.02336557918637991, "accuracy": 0.7531}
{"round": 20, "loss": 0.022731036245822907, "accuracy": 0.7638}
