{"loss": 0.07656719063719114, "accuracy": 0.07916666666666666}
{"loss": 0.07615637754400573, "accuracy": 0.2125}
{"loss": 0.07494381368160248, "accuracy": 0.23958333333333334}
{"loss": 0.07167334308226903, "accuracy": 0.328125}
{"loss": 0.06476145262519518, "accuracy": 0.3947916666666667}
{"loss": 0.055870744834343594, "accuracy": 0.4635416666666667}
{"loss": 0.050303841630617775, "accuracy": 0.484375}
{"loss": 0.04208181301752726, "accuracy": 0.5697916666666667}
{"loss": 0.043893780559301376, "accuracy": 0.5885416666666665}
{"loss": 0.04749702801927924, "accuracy": 0.6156250000000001}
{"loss": 0.05730187821512421, "accuracy": 0.6322916666666667}
{"loss": 0.07506295256316661, "accuracy": 0.6302083333333334}
{"loss": 0.0839401255051295, "accuracy": 0.6427083333333333}
{"loss": 0.1302289427568515, "accuracy": 0.6177083333333333}
{"loss": 0.1711340797444185, "accuracy": 0.5864583333333333}
{"loss": 0.21875233898560206, "accuracy": 0.5583333333333333}
{"loss": 0.2945606177051862, "accuracy": 0.5447916666666667}
{"loss": 0.39689350823561353, "accuracy": 0.521875}
{"loss": 0.4646639958024025, "accuracy": 0.5458333333333334}
{"loss": 0.5559245705604553, "accuracy": 0.5489583333333333}
