{"round": 0, "loss": 0.07210463590621949, "accuracy": 0.0953, "preccision": 0.08720333535537352, "recall": 0.0953, "f1": 0.06449457672192811}
{"round": 1, "loss": 0.07189010651111603, "accuracy": 0.0857, "preccision": 0.14166065492892554, "recall": 0.0857, "f1": 0.035319728734956604}
{"round": 2, "loss": 0.07153301882743836, "accuracy": 0.2109, "preccision": 0.25708469103627674, "recall": 0.2109, "f1": 0.13045186357217511}
{"round": 3, "loss": 0.07031897027492523, "accuracy": 0.2311, "preccision": 0.257668412433112, "recall": 0.2311, "f1": 0.11555844011341822}
{"round": 4, "loss": 0.06729761137962341, "accuracy": 0.3261, "preccision": 0.49738863914460935, "recall": 0.3261, "f1": 0.23679462655172792}
{"round": 5, "loss": 0.06152589690685272, "accuracy": 0.3821, "preccision": 0.4067485530213774, "recall": 0.3821, "f1": 0.2890418109652076}
{"round": 6, "loss": 0.0532088502407074, "accuracy": 0.4552, "preccision": 0.49665978002618977, "recall": 0.4552, "f1": 0.38549584600067355}
{"round": 7, "loss": 0.04496450729966164, "accuracy": 0.5224, "preccision": 0.51785816453405, "recall": 0.5224, "f1": 0.474810215759916}
{"round": 8, "loss": 0.03834577652812004, "accuracy": 0.5906, "preccision": 0.5750922595152147, "recall": 0.5906, "f1": 0.5716294526572626}
{"round": 9, "loss": 0.03926606654524803, "accuracy": 0.6086, "preccision": 0.5967247415133557, "recall": 0.6086, "f1": 0.5902895505561347}
{"round": 10, "loss": 0.0433358560860157, "accuracy": 0.6267, "preccision": 0.6174436057499709, "recall": 0.6267, "f1": 0.6170037643484818}
{"round": 11, "loss": 0.05334892286658287, "accuracy": 0.6263, "preccision": 0.6174149654975113, "recall": 0.6263, "f1": 0.6184143828391434}
{"round": 12, "loss": 0.06799269583225251, "accuracy": 0.6254, "preccision": 0.6167083008509723, "recall": 0.6254, "f1": 0.6192854520108834}
{"round": 13, "loss": 0.09074685454368592, "accuracy": 0.6142, "preccision": 0.6080030404915953, "recall": 0.6142, "f1": 0.6071768378170009}
{"round": 14, "loss": 0.1190289716720581, "accuracy": 0.6016, "preccision": 0.5922792808027136, "recall": 0.6016, "f1": 0.5948645566538731}
{"round": 15, "loss": 0.15732474777698516, "accuracy": 0.5885, "preccision": 0.5809991779291205, "recall": 0.5885, "f1": 0.5822564594522147}
{"round": 16, "loss": 0.20557259209156037, "accuracy": 0.5745, "preccision": 0.566638898163592, "recall": 0.5745, "f1": 0.5688279481838303}
{"round": 17, "loss": 0.26647855315208435, "accuracy": 0.5603, "preccision": 0.5567534737289107, "recall": 0.5603, "f1": 0.5564548247682942}
{"round": 18, "loss": 0.342133206653595, "accuracy": 0.5502, "preccision": 0.5452164434925548, "recall": 0.5502, "f1": 0.5455835626520826}
{"round": 19, "loss": 0.43428731408119203, "accuracy": 0.5357, "preccision": 0.531417159655498, "recall": 0.5357, "f1": 0.532055578478962}
{"round": 20, "loss": 0.545713469028473, "accuracy": 0.5278, "preccision": 0.5219002627865242, "recall": 0.5278, "f1": 0.5231660004258843}
