{"loss": 0.07644076963265736, "accuracy": 0.1075}
{"loss": 0.07538712879021964, "accuracy": 0.14166666666666666}
{"loss": 0.07240383545557658, "accuracy": 0.2633333333333333}
{"loss": 0.06673053413629533, "accuracy": 0.35000000000000003}
{"loss": 0.05817627876996995, "accuracy": 0.4258333333333333}
{"loss": 0.05614803711573284, "accuracy": 0.4575}
{"loss": 0.06665325840314229, "accuracy": 0.48083333333333333}
{"loss": 0.09134516229232152, "accuracy": 0.49333333333333335}
{"loss": 0.13357285290956494, "accuracy": 0.505}
{"loss": 0.19697486758232116, "accuracy": 0.5033333333333333}
{"loss": 0.2897686461607615, "accuracy": 0.47916666666666663}
{"loss": 0.41935940265655514, "accuracy": 0.45999999999999996}
{"loss": 0.5983330456415812, "accuracy": 0.43999999999999995}
{"loss": 0.8393278177579244, "accuracy": 0.4208333333333333}
{"loss": 1.155632677078247, "accuracy": 0.40083333333333326}
{"loss": 1.561228175163269, "accuracy": 0.3933333333333333}
{"loss": 2.074733538627625, "accuracy": 0.38833333333333336}
{"loss": 2.714460306167603, "accuracy": 0.38166666666666665}
{"loss": 3.4964250532786054, "accuracy": 0.37833333333333335}
{"loss": 4.441327336629232, "accuracy": 0.37333333333333335}
