{"round": 0, "loss": 0.07214015040397644, "accuracy": 0.0988, "preccision": 0.05287489032142538, "recall": 0.0988, "f1": 0.022887375648145417}
{"round": 1, "loss": 0.07183747835159301, "accuracy": 0.1115, "preccision": 0.029094262195787424, "recall": 0.1115, "f1": 0.03483245133272154}
{"round": 2, "loss": 0.07073772935867309, "accuracy": 0.1354, "preccision": 0.32170431220525675, "recall": 0.1354, "f1": 0.07829334621845543}
{"round": 3, "loss": 0.06764436252117156, "accuracy": 0.2825, "preccision": 0.3879217644370964, "recall": 0.2825, "f1": 0.22896183283198798}
{"round": 4, "loss": 0.06191507066488266, "accuracy": 0.3649, "preccision": 0.4658916973660656, "recall": 0.3649, "f1": 0.3147238493426031}
{"round": 5, "loss": 0.05330130923986435, "accuracy": 0.4355, "preccision": 0.4422335992848779, "recall": 0.4355, "f1": 0.40446907387181846}
{"round": 6, "loss": 0.050161449337005615, "accuracy": 0.4793, "preccision": 0.46258554797290125, "recall": 0.4793, "f1": 0.46130877530624786}
{"round": 7, "loss": 0.05820976347327232, "accuracy": 0.5106, "preccision": 0.49544215722666385, "recall": 0.5106, "f1": 0.4960616612454088}
{"round": 8, "loss": 0.07890961534976959, "accuracy": 0.5304, "preccision": 0.5182718793575679, "recall": 0.5304, "f1": 0.5190722589594907}
{"round": 9, "loss": 0.11535615171194076, "accuracy": 0.5311, "preccision": 0.5215748710802505, "recall": 0.5311, "f1": 0.5221264910411346}
{"round": 10, "loss": 0.17184015303850175, "accuracy": 0.5147, "preccision": 0.5086627985248621, "recall": 0.5147, "f1": 0.5079238028241232}
{"round": 11, "loss": 0.2556058169603348, "accuracy": 0.4979, "preccision": 0.4950568583381666, "recall": 0.4979, "f1": 0.4933678067059439}
{"round": 12, "loss": 0.37292915177345276, "accuracy": 0.4784, "preccision": 0.4755715555572199, "recall": 0.4784, "f1": 0.47417164048635}
{"round": 13, "loss": 0.535558186006546, "accuracy": 0.4578, "preccision": 0.4573362120646365, "recall": 0.4578, "f1": 0.45485109158185477}
{"round": 14, "loss": 0.752313003540039, "accuracy": 0.4429, "preccision": 0.4468204212868526, "recall": 0.4429, "f1": 0.441865397826766}
{"round": 15, "loss": 1.033882496070862, "accuracy": 0.4328, "preccision": 0.4375397235994271, "recall": 0.4328, "f1": 0.43240910430430796}
{"round": 16, "loss": 1.394458673286438, "accuracy": 0.4187, "preccision": 0.42502217524737235, "recall": 0.4187, "f1": 0.41922014304899285}
{"round": 17, "loss": 1.851611874961853, "accuracy": 0.4071, "preccision": 0.4154690982068497, "recall": 0.4071, "f1": 0.4086567331543843}
{"round": 18, "loss": 2.421661085510254, "accuracy": 0.3977, "preccision": 0.4072731465094951, "recall": 0.3977, "f1": 0.3996404866081736}
{"round": 19, "loss": 3.1213596744537355, "accuracy": 0.3912, "preccision": 0.40121096375875515, "recall": 0.3912, "f1": 0.3935179104092957}
{"round": 20, "loss": 3.970643659210205, "accuracy": 0.3861, "preccision": 0.3972376387280744, "recall": 0.3861, "f1": 0.38889926689112164}
