{"loss": 0.07614227763811747, "accuracy": 0.1405}
{"loss": 0.07535375428199766, "accuracy": 0.26633333333333337}
{"loss": 0.07417272679011026, "accuracy": 0.3623333333333332}
{"loss": 0.07228729752699531, "accuracy": 0.4426666666666666}
{"loss": 0.0693931564092636, "accuracy": 0.5381666666666667}
{"loss": 0.06530026898781459, "accuracy": 0.6023333333333336}
{"loss": 0.059943663914998384, "accuracy": 0.6206666666666667}
{"loss": 0.05396188606818516, "accuracy": 0.6273333333333334}
{"loss": 0.04820797022183737, "accuracy": 0.6328333333333331}
{"loss": 0.04357489985227584, "accuracy": 0.6269999999999999}
{"loss": 0.04013688397407532, "accuracy": 0.6181666666666668}
{"loss": 0.03658575401703516, "accuracy": 0.6630000000000001}
{"loss": 0.03378503678242366, "accuracy": 0.6611666666666666}
{"loss": 0.031826684981584544, "accuracy": 0.6726666666666666}
{"loss": 0.029576628625392915, "accuracy": 0.6993333333333334}
{"loss": 0.028202575087547296, "accuracy": 0.7121666666666665}
{"loss": 0.02704477104047933, "accuracy": 0.7258333333333333}
{"loss": 0.025956293160716692, "accuracy": 0.7338333333333334}
{"loss": 0.025610275079806653, "accuracy": 0.7368333333333333}
{"loss": 0.02444512987136842, "accuracy": 0.755}
