{"round": 0, "loss": 0.07212486484050751, "accuracy": 0.0958}
{"round": 1, "loss": 0.07146184856891633, "accuracy": 0.1412}
{"round": 2, "loss": 0.07069967930316925, "accuracy": 0.271}
{"round": 3, "loss": 0.06956778180599213, "accuracy": 0.3742}
{"round": 4, "loss": 0.0677587975025177, "accuracy": 0.4571}
{"round": 5, "loss": 0.0649865023612976, "accuracy": 0.5566}
{"round": 6, "loss": 0.06108309832811355, "accuracy": 0.6195}
{"round": 7, "loss": 0.05594554808139801, "accuracy": 0.6365}
{"round": 8, "loss": 0.050202321815490725, "accuracy": 0.6432}
{"round": 9, "loss": 0.04465853372812271, "accuracy": 0.651}
{"round": 10, "loss": 0.04012636131048203, "accuracy": 0.6422}
{"round": 11, "loss": 0.03671820486783981, "accuracy": 0.6257}
{"round": 12, "loss": 0.03325255696773529, "accuracy": 0.6772}
{"round": 13, "loss": 0.0305684534907341, "accuracy": 0.6744}
{"round": 14, "loss": 0.02872181851863861, "accuracy": 0.6849}
{"round": 15, "loss": 0.026633822250366212, "accuracy": 0.712}
{"round": 16, "loss": 0.025356570613384248, "accuracy": 0.7211}
{"round": 17, "loss": 0.024294771125912665, "accuracy": 0.7327}
{"round": 18, "loss": 0.02336556517779827, "accuracy": 0.7413}
{"round": 19, "loss": 0.02301341660320759, "accuracy": 0.7431}
{"round": 20, "loss": 0.022066437235474586, "accuracy": 0.7587}
