{"loss": 0.07647248069445292, "accuracy": 0.14666666666666667}
{"loss": 0.07602131326993307, "accuracy": 0.23666666666666664}
{"loss": 0.07534335494041443, "accuracy": 0.30166666666666664}
{"loss": 0.07395363330841065, "accuracy": 0.35833333333333334}
{"loss": 0.07189126332600912, "accuracy": 0.44333333333333336}
{"loss": 0.06880380431811015, "accuracy": 0.48166666666666663}
{"loss": 0.06460195183753967, "accuracy": 0.48500000000000004}
{"loss": 0.060094610651334125, "accuracy": 0.53}
{"loss": 0.05549601018428803, "accuracy": 0.49000000000000005}
{"loss": 0.05130296647548675, "accuracy": 0.5166666666666667}
{"loss": 0.04771576126416524, "accuracy": 0.5499999999999999}
{"loss": 0.044375155369440714, "accuracy": 0.5733333333333335}
{"loss": 0.04194857577482859, "accuracy": 0.5850000000000001}
{"loss": 0.039797125955422716, "accuracy": 0.6}
{"loss": 0.0377172072728475, "accuracy": 0.6183333333333334}
{"loss": 0.03627536217371623, "accuracy": 0.6383333333333333}
{"loss": 0.034320968091487894, "accuracy": 0.6716666666666666}
{"loss": 0.033966802755991614, "accuracy": 0.635}
{"loss": 0.03317836542924245, "accuracy": 0.6466666666666667}
{"loss": 0.030946687360604602, "accuracy": 0.6866666666666666}
