{"round": 0, "loss": 0.07218380236625671, "accuracy": 0.0859}
{"round": 1, "loss": 0.07173864343166352, "accuracy": 0.1405}
{"round": 2, "loss": 0.07126762993335724, "accuracy": 0.2636}
{"round": 3, "loss": 0.0705478392124176, "accuracy": 0.3374}
{"round": 4, "loss": 0.0691644740819931, "accuracy": 0.3813}
{"round": 5, "loss": 0.06701400458812713, "accuracy": 0.4634}
{"round": 6, "loss": 0.06396165562868118, "accuracy": 0.5128}
{"round": 7, "loss": 0.05949018909931183, "accuracy": 0.4975}
{"round": 8, "loss": 0.054900672459602354, "accuracy": 0.561}
{"round": 9, "loss": 0.05003332861661911, "accuracy": 0.5301}
{"round": 10, "loss": 0.04600999463796616, "accuracy": 0.5423}
{"round": 11, "loss": 0.042296304935216904, "accuracy": 0.5791}
{"round": 12, "loss": 0.03916901504397392, "accuracy": 0.6038}
{"round": 13, "loss": 0.03689432969093323, "accuracy": 0.6256}
{"round": 14, "loss": 0.03500748747587204, "accuracy": 0.6325}
{"round": 15, "loss": 0.03284162569642067, "accuracy": 0.6477}
{"round": 16, "loss": 0.031950873494148255, "accuracy": 0.6546}
{"round": 17, "loss": 0.029971508151292802, "accuracy": 0.6869}
{"round": 18, "loss": 0.02976216212809086, "accuracy": 0.6623}
{"round": 19, "loss": 0.028666472747921945, "accuracy": 0.6693}
{"round": 20, "loss": 0.027046777498722075, "accuracy": 0.7053}
