{"loss": 0.0760351973772049, "accuracy": 0.11000000000000001}
{"loss": 0.07512330094973248, "accuracy": 0.23916666666666667}
{"loss": 0.07325361927350361, "accuracy": 0.30250000000000005}
{"loss": 0.06959318806727728, "accuracy": 0.45916666666666667}
{"loss": 0.06352194587389628, "accuracy": 0.5283333333333333}
{"loss": 0.05529079079627992, "accuracy": 0.5533333333333333}
{"loss": 0.04767143646876017, "accuracy": 0.5533333333333335}
{"loss": 0.04348925883571307, "accuracy": 0.5633333333333334}
{"loss": 0.04287135392427445, "accuracy": 0.5725}
{"loss": 0.045199563304583225, "accuracy": 0.5933333333333334}
{"loss": 0.0510461709400018, "accuracy": 0.5991666666666666}
{"loss": 0.06006082748373348, "accuracy": 0.605}
{"loss": 0.07241467058658599, "accuracy": 0.61}
{"loss": 0.08989949991305668, "accuracy": 0.6008333333333333}
{"loss": 0.11258526076873143, "accuracy": 0.5866666666666667}
{"loss": 0.14039629191160202, "accuracy": 0.5658333333333333}
{"loss": 0.17498517672220865, "accuracy": 0.5558333333333334}
{"loss": 0.21690956672032674, "accuracy": 0.5433333333333333}
{"loss": 0.26749442517757416, "accuracy": 0.5308333333333335}
{"loss": 0.32636031826337175, "accuracy": 0.5141666666666667}
