{"round": 0, "loss": 0.07212486484050751, "accuracy": 0.0958, "preccision": 0.009177639999999999, "recall": 0.0958, "f1": 0.0167505749224311}
{"round": 1, "loss": 0.0713707843542099, "accuracy": 0.1143, "preccision": 0.05648827384102535, "recall": 0.1143, "f1": 0.03736318521929662}
{"round": 2, "loss": 0.07049161694049835, "accuracy": 0.2411, "preccision": 0.5397669183263342, "recall": 0.2411, "f1": 0.13714498884182025}
{"round": 3, "loss": 0.0686841768026352, "accuracy": 0.2969, "preccision": 0.472604666052854, "recall": 0.2969, "f1": 0.2168305594157642}
{"round": 4, "loss": 0.06520110821723937, "accuracy": 0.444, "preccision": 0.5580505321913563, "recall": 0.444, "f1": 0.40526814677194717}
{"round": 5, "loss": 0.059372285926342014, "accuracy": 0.5433, "preccision": 0.561439081869715, "recall": 0.5433, "f1": 0.507473956366014}
{"round": 6, "loss": 0.05124279173612595, "accuracy": 0.5642, "preccision": 0.5792094202748311, "recall": 0.5642, "f1": 0.5264643162668327}
{"round": 7, "loss": 0.04355095699429512, "accuracy": 0.5723, "preccision": 0.5833152881073468, "recall": 0.5723, "f1": 0.5337827035843375}
{"round": 8, "loss": 0.03918350895643234, "accuracy": 0.5845, "preccision": 0.5877822434034198, "recall": 0.5845, "f1": 0.5472494268518986}
{"round": 9, "loss": 0.03819769540429115, "accuracy": 0.601, "preccision": 0.5975915615494816, "recall": 0.601, "f1": 0.5688156618500748}
{"round": 10, "loss": 0.03968290620148182, "accuracy": 0.618, "preccision": 0.6045872983229501, "recall": 0.618, "f1": 0.5932402781288115}
{"round": 11, "loss": 0.04420123993456364, "accuracy": 0.6268, "preccision": 0.610833110455402, "recall": 0.6268, "f1": 0.6067789071188933}
{"round": 12, "loss": 0.051557670271396634, "accuracy": 0.6287, "preccision": 0.613670593730656, "recall": 0.6287, "f1": 0.6120043780675377}
{"round": 13, "loss": 0.06173072952628136, "accuracy": 0.6241, "preccision": 0.6094514663393739, "recall": 0.6241, "f1": 0.6093693519982859}
{"round": 14, "loss": 0.0759420931994915, "accuracy": 0.6131, "preccision": 0.5990561958987596, "recall": 0.6131, "f1": 0.5997460993517262}
{"round": 15, "loss": 0.09445579745173455, "accuracy": 0.6001, "preccision": 0.5876681849911082, "recall": 0.6001, "f1": 0.5886509279848775}
{"round": 16, "loss": 0.11808964689970017, "accuracy": 0.5875, "preccision": 0.5772486556294842, "recall": 0.5875, "f1": 0.5780098044453139}
{"round": 17, "loss": 0.14828218268156051, "accuracy": 0.5753, "preccision": 0.5673271994372099, "recall": 0.5753, "f1": 0.567740906388636}
{"round": 18, "loss": 0.18630289866924285, "accuracy": 0.5582, "preccision": 0.5517392009153197, "recall": 0.5582, "f1": 0.5514324080543077}
{"round": 19, "loss": 0.23333412834405898, "accuracy": 0.542, "preccision": 0.5357272538384923, "recall": 0.542, "f1": 0.5352815083572096}
{"round": 20, "loss": 0.28880040044784544, "accuracy": 0.5262, "preccision": 0.5210353947966392, "recall": 0.5262, "f1": 0.5207976088868188}
