{"loss": 0.0764568700271399, "accuracy": 0.15476190476190477}
{"loss": 0.07603933290640512, "accuracy": 0.2133333333333333}
{"loss": 0.0754001080195109, "accuracy": 0.2431666666666667}
{"loss": 0.07436456624666848, "accuracy": 0.2988333333333333}
{"loss": 0.07258843994140625, "accuracy": 0.3748333333333334}
{"loss": 0.06983603700002035, "accuracy": 0.435}
