{"round": 0, "loss": 0.07212343354225159, "accuracy": 0.0957}
{"round": 1, "loss": 0.07180734941959381, "accuracy": 0.153}
{"round": 2, "loss": 0.07140804662704468, "accuracy": 0.2075}
{"round": 3, "loss": 0.07079141073226929, "accuracy": 0.2396}
{"round": 4, "loss": 0.06980083518028259, "accuracy": 0.2984}
{"round": 5, "loss": 0.06810401005744934, "accuracy": 0.3816}
{"round": 6, "loss": 0.06548283524513245, "accuracy": 0.4379}
