{"loss": 0.07601131101449332, "accuracy": 0.14375}
{"loss": 0.07467826555172602, "accuracy": 0.13124999999999998}
{"loss": 0.07195077960689863, "accuracy": 0.2875}
{"loss": 0.06655760382612545, "accuracy": 0.42916666666666664}
{"loss": 0.058172297105193144, "accuracy": 0.47291666666666676}
{"loss": 0.048887712632616355, "accuracy": 0.5447916666666667}
{"loss": 0.04282930462310712, "accuracy": 0.5729166666666666}
{"loss": 0.042815215326845645, "accuracy": 0.5760416666666666}
{"loss": 0.048677815869450566, "accuracy": 0.5854166666666666}
{"loss": 0.060247592255473145, "accuracy": 0.5822916666666667}
{"loss": 0.07868031815936169, "accuracy": 0.5666666666666667}
{"loss": 0.10755089869101842, "accuracy": 0.54375}
{"loss": 0.14107166578372318, "accuracy": 0.5354166666666667}
{"loss": 0.18924244319399197, "accuracy": 0.5156249999999999}
{"loss": 0.25119172806541123, "accuracy": 0.49270833333333325}
{"loss": 0.3287573779622714, "accuracy": 0.48749999999999993}
{"loss": 0.4254591777920722, "accuracy": 0.4739583333333333}
{"loss": 0.5449563483397165, "accuracy": 0.4697916666666667}
{"loss": 0.6896040717760721, "accuracy": 0.4604166666666667}
{"loss": 0.8627415070931117, "accuracy": 0.45}
