{"round": 0, "loss": 0.07224980416297913, "accuracy": 0.0822, "preccision": 0.02989568020298709, "recall": 0.0822, "f1": 0.03414983823501607}
{"round": 1, "loss": 0.07148284475803375, "accuracy": 0.1349, "preccision": 0.1237579763328997, "recall": 0.1349, "f1": 0.055296504937934775}
{"round": 2, "loss": 0.07020996594429016, "accuracy": 0.1302, "preccision": 0.11754974385122582, "recall": 0.1302, "f1": 0.052004185984734295}
{"round": 3, "loss": 0.06766377944946289, "accuracy": 0.2749, "preccision": 0.34638396171284525, "recall": 0.2749, "f1": 0.1946567853854541}
{"round": 4, "loss": 0.0626206129193306, "accuracy": 0.4119, "preccision": 0.5737548402821042, "recall": 0.4119, "f1": 0.3289808084433771}
{"round": 5, "loss": 0.054857202887535095, "accuracy": 0.4769, "preccision": 0.5691758446452903, "recall": 0.4769, "f1": 0.4342941905319921}
{"round": 6, "loss": 0.04622156492471695, "accuracy": 0.5355, "preccision": 0.5678605416831294, "recall": 0.5355, "f1": 0.5081256091094568}
{"round": 7, "loss": 0.04078794264793396, "accuracy": 0.5647, "preccision": 0.568234682130946, "recall": 0.5647, "f1": 0.5416344456940726}
{"round": 8, "loss": 0.041281289744377135, "accuracy": 0.5795, "preccision": 0.5777073405555175, "recall": 0.5795, "f1": 0.5606468056636827}
{"round": 9, "loss": 0.047849865555763246, "accuracy": 0.5877, "preccision": 0.5850153405568239, "recall": 0.5877, "f1": 0.5723249882461646}
{"round": 10, "loss": 0.05972652862071991, "accuracy": 0.5879, "preccision": 0.5835482314828816, "recall": 0.5879, "f1": 0.5758557976881202}
{"round": 11, "loss": 0.07793749681711197, "accuracy": 0.5844, "preccision": 0.578450180697624, "recall": 0.5844, "f1": 0.5745333433451844}
{"round": 12, "loss": 0.10290517466068268, "accuracy": 0.5753, "preccision": 0.5673842583595462, "recall": 0.5753, "f1": 0.5665538146250736}
{"round": 13, "loss": 0.13689554110765456, "accuracy": 0.5587, "preccision": 0.5517894388560066, "recall": 0.5587, "f1": 0.5513775518319788}
{"round": 14, "loss": 0.18238952922821045, "accuracy": 0.5421, "preccision": 0.5333131470747511, "recall": 0.5421, "f1": 0.5343020045601861}
{"round": 15, "loss": 0.2411556024312973, "accuracy": 0.5254, "preccision": 0.5170174343572838, "recall": 0.5254, "f1": 0.5181895607087372}
{"round": 16, "loss": 0.31452212743759156, "accuracy": 0.5135, "preccision": 0.5043940895443662, "recall": 0.5135, "f1": 0.5064362276008396}
{"round": 17, "loss": 0.4075912612915039, "accuracy": 0.4942, "preccision": 0.48617047043727263, "recall": 0.4942, "f1": 0.48758007231636175}
{"round": 18, "loss": 0.5202660118579865, "accuracy": 0.4782, "preccision": 0.47023262304576274, "recall": 0.4782, "f1": 0.47194527027679606}
{"round": 19, "loss": 0.6588899305343628, "accuracy": 0.4627, "preccision": 0.4557970266245533, "recall": 0.4627, "f1": 0.45674292056736987}
{"round": 20, "loss": 0.82352120885849, "accuracy": 0.4491, "preccision": 0.44226868054679436, "recall": 0.4491, "f1": 0.44346442307128325}
