{"loss": 0.07682835161685944, "accuracy": 0.07083333333333333}
{"loss": 0.07640954256057739, "accuracy": 0.1375}
{"loss": 0.07546356916427613, "accuracy": 0.1875}
{"loss": 0.07312118510405222, "accuracy": 0.29583333333333334}
{"loss": 0.0683754156033198, "accuracy": 0.3458333333333333}
{"loss": 0.06126790046691895, "accuracy": 0.45416666666666666}
{"loss": 0.053216052055358884, "accuracy": 0.49583333333333335}
{"loss": 0.048187907536824545, "accuracy": 0.5}
{"loss": 0.04858603278795878, "accuracy": 0.5083333333333333}
{"loss": 0.05421165426572164, "accuracy": 0.5375}
{"loss": 0.06400889356931051, "accuracy": 0.5666666666666667}
{"loss": 0.08102452903985977, "accuracy": 0.5791666666666666}
{"loss": 0.1051500568787257, "accuracy": 0.5583333333333333}
{"loss": 0.13809530635674794, "accuracy": 0.5416666666666666}
{"loss": 0.18002758622169496, "accuracy": 0.5208333333333334}
{"loss": 0.23566887378692628, "accuracy": 0.475}
{"loss": 0.3082165082295736, "accuracy": 0.4625}
{"loss": 0.3985251466433207, "accuracy": 0.45}
{"loss": 0.5098315556844075, "accuracy": 0.425}
{"loss": 0.6429186662038168, "accuracy": 0.4}
