{"round": 0, "loss": 0.07212343354225159, "accuracy": 0.0957, "preccision": 0.0191419088177905, "recall": 0.0957, "f1": 0.029086461262943196}
{"round": 1, "loss": 0.07190920858383179, "accuracy": 0.1164, "preccision": 0.040518192582210955, "recall": 0.1164, "f1": 0.042647994693951044}
{"round": 2, "loss": 0.07148641731739044, "accuracy": 0.186, "preccision": 0.10383754769840682, "recall": 0.186, "f1": 0.09699944706943016}
{"round": 3, "loss": 0.0704327303647995, "accuracy": 0.2768, "preccision": 0.24652419414314095, "recall": 0.2768, "f1": 0.15742991829030084}
{"round": 4, "loss": 0.06808568422794342, "accuracy": 0.3631, "preccision": 0.38191270860147314, "recall": 0.3631, "f1": 0.27290142988247146}
{"round": 5, "loss": 0.06344442046880722, "accuracy": 0.422, "preccision": 0.4612900204949367, "recall": 0.422, "f1": 0.37361721371801193}
{"round": 6, "loss": 0.0559915901184082, "accuracy": 0.5004, "preccision": 0.49734108608562866, "recall": 0.5004, "f1": 0.46563217854199157}
{"round": 7, "loss": 0.047494655406475066, "accuracy": 0.542, "preccision": 0.5296822232337443, "recall": 0.542, "f1": 0.5111319464384325}
{"round": 8, "loss": 0.04208079956769943, "accuracy": 0.5646, "preccision": 0.5515764112674485, "recall": 0.5646, "f1": 0.5363452936181082}
{"round": 9, "loss": 0.0424991659104824, "accuracy": 0.5756, "preccision": 0.5618070311200539, "recall": 0.5756, "f1": 0.5507455115365956}
{"round": 10, "loss": 0.04823823640942573, "accuracy": 0.5887, "preccision": 0.5763930152781952, "recall": 0.5887, "f1": 0.5702507897002738}
{"round": 11, "loss": 0.05902735171914101, "accuracy": 0.5901, "preccision": 0.5805077392434106, "recall": 0.5901, "f1": 0.5771855062565799}
{"round": 12, "loss": 0.07628167293667794, "accuracy": 0.5825, "preccision": 0.5773301008392054, "recall": 0.5825, "f1": 0.5745462160525647}
{"round": 13, "loss": 0.10067901692986489, "accuracy": 0.5694, "preccision": 0.5695192529335944, "recall": 0.5694, "f1": 0.5653103592579413}
{"round": 14, "loss": 0.13424141920804977, "accuracy": 0.557, "preccision": 0.5602577882284671, "recall": 0.557, "f1": 0.5548957743876436}
{"round": 15, "loss": 0.17846706775426865, "accuracy": 0.5444, "preccision": 0.5509620562597486, "recall": 0.5444, "f1": 0.5437924722539585}
{"round": 16, "loss": 0.23426110038757325, "accuracy": 0.5334, "preccision": 0.5393486369689232, "recall": 0.5334, "f1": 0.5334130110837697}
{"round": 17, "loss": 0.3072462950706482, "accuracy": 0.5179, "preccision": 0.5282690101871786, "recall": 0.5179, "f1": 0.5192416505397046}
{"round": 18, "loss": 0.3959689322710037, "accuracy": 0.505, "preccision": 0.5176779703032451, "recall": 0.505, "f1": 0.5074257641290018}
{"round": 19, "loss": 0.507378548669815, "accuracy": 0.491, "preccision": 0.5100198112107326, "recall": 0.491, "f1": 0.4951206861164145}
{"round": 20, "loss": 0.6367804099559784, "accuracy": 0.4846, "preccision": 0.5027456017397877, "recall": 0.4846, "f1": 0.48930983721847204}
