{"loss": 0.07646691610415778, "accuracy": 0.16749999999999998}
{"loss": 0.07607400506734849, "accuracy": 0.21208333333333332}
{"loss": 0.07543267856041591, "accuracy": 0.2370833333333334}
{"loss": 0.07430620908737183, "accuracy": 0.28750000000000003}
{"loss": 0.0724973703424136, "accuracy": 0.3762500000000001}
{"loss": 0.06975368301073709, "accuracy": 0.41416666666666657}
{"loss": 0.06578080127636593, "accuracy": 0.5045833333333333}
{"loss": 0.06130130842328072, "accuracy": 0.5554166666666667}
{"loss": 0.05596974854667982, "accuracy": 0.5895833333333332}
{"loss": 0.05088616559902827, "accuracy": 0.5920833333333333}
{"loss": 0.04661368240912756, "accuracy": 0.6033333333333334}
{"loss": 0.04270956560969353, "accuracy": 0.6108333333333335}
{"loss": 0.0393857898314794, "accuracy": 0.6275000000000001}
{"loss": 0.03639193666477998, "accuracy": 0.6425000000000001}
{"loss": 0.033724951570232704, "accuracy": 0.6624999999999999}
{"loss": 0.03196605722109476, "accuracy": 0.6637500000000001}
{"loss": 0.03027013933906953, "accuracy": 0.6916666666666667}
{"loss": 0.02875421529014905, "accuracy": 0.6958333333333333}
{"loss": 0.027166909997661907, "accuracy": 0.7141666666666665}
{"loss": 0.026249489200611913, "accuracy": 0.7170833333333334}
