{"round": 0, "loss": 0.07212343354225159, "accuracy": 0.0957}
{"round": 1, "loss": 0.0718146717786789, "accuracy": 0.1617}
{"round": 2, "loss": 0.07143579580783845, "accuracy": 0.2044}
{"round": 3, "loss": 0.07082571651935578, "accuracy": 0.2303}
{"round": 4, "loss": 0.06977095074653626, "accuracy": 0.2793}
{"round": 5, "loss": 0.06804320051670075, "accuracy": 0.3705}
{"round": 6, "loss": 0.06544857065677642, "accuracy": 0.4127}
{"round": 7, "loss": 0.06169752889871597, "accuracy": 0.5084}
{"round": 8, "loss": 0.05741843148469925, "accuracy": 0.5584}
{"round": 9, "loss": 0.052316090643405914, "accuracy": 0.5943}
{"round": 10, "loss": 0.04744451909065247, "accuracy": 0.5978}
{"round": 11, "loss": 0.04329691085219383, "accuracy": 0.6089}
{"round": 12, "loss": 0.039441981732845306, "accuracy": 0.6234}
{"round": 13, "loss": 0.036214172434806825, "accuracy": 0.6453}
{"round": 14, "loss": 0.03331604320406914, "accuracy": 0.662}
{"round": 15, "loss": 0.030857293027639388, "accuracy": 0.6796}
{"round": 16, "loss": 0.029103679537773132, "accuracy": 0.683}
{"round": 17, "loss": 0.027492462202906607, "accuracy": 0.707}
{"round": 18, "loss": 0.02618847453892231, "accuracy": 0.7106}
{"round": 19, "loss": 0.024623428627848627, "accuracy": 0.7249}
{"round": 20, "loss": 0.023747921496629715, "accuracy": 0.7316}
