{"loss": 0.07629313437143961, "accuracy": 0.1805}
{"loss": 0.07549638946851095, "accuracy": 0.23166666666666672}
{"loss": 0.07426269813378655, "accuracy": 0.30250000000000005}
{"loss": 0.0722698781490326, "accuracy": 0.4431666666666667}
{"loss": 0.06933071970939637, "accuracy": 0.49800000000000005}
{"loss": 0.06516347473859786, "accuracy": 0.5581666666666668}
{"loss": 0.05988707778851192, "accuracy": 0.5899999999999999}
{"loss": 0.05402900173266728, "accuracy": 0.6123333333333334}
{"loss": 0.0485209794243177, "accuracy": 0.6183333333333333}
{"loss": 0.043753247549136474, "accuracy": 0.6408333333333335}
{"loss": 0.0397686016956965, "accuracy": 0.6581666666666669}
{"loss": 0.036813207626342784, "accuracy": 0.6725}
{"loss": 0.033793137013912206, "accuracy": 0.7}
{"loss": 0.03162270584702492, "accuracy": 0.7076666666666666}
{"loss": 0.029665187627077105, "accuracy": 0.7316666666666667}
{"loss": 0.028252815614143997, "accuracy": 0.7250000000000003}
{"loss": 0.026779148777325953, "accuracy": 0.7436666666666666}
{"loss": 0.025706121350328136, "accuracy": 0.7513333333333333}
{"loss": 0.025284232189257936, "accuracy": 0.7461666666666668}
{"loss": 0.024262210562825202, "accuracy": 0.7621666666666665}
