{"round": 0, "loss": 0.07237841854095459, "accuracy": 0.0628}
{"round": 1, "loss": 0.07164882476329804, "accuracy": 0.1696}
{"round": 2, "loss": 0.07087121715545654, "accuracy": 0.2234}
{"round": 3, "loss": 0.06967096614837646, "accuracy": 0.3212}
{"round": 4, "loss": 0.06775412600040435, "accuracy": 0.4601}
{"round": 5, "loss": 0.06493522669076919, "accuracy": 0.5087}
{"round": 6, "loss": 0.060967165398597714, "accuracy": 0.5598}
{"round": 7, "loss": 0.05593924314975739, "accuracy": 0.5933}
{"round": 8, "loss": 0.05035269901752472, "accuracy": 0.6224}
{"round": 9, "loss": 0.04503810110092163, "accuracy": 0.6311}
{"round": 10, "loss": 0.0404002702832222, "accuracy": 0.6524}
{"round": 11, "loss": 0.03651777341365814, "accuracy": 0.6707}
{"round": 12, "loss": 0.033560444527864455, "accuracy": 0.6848}
{"round": 13, "loss": 0.030694570660591124, "accuracy": 0.7088}
{"round": 14, "loss": 0.028667184048891067, "accuracy": 0.7139}
{"round": 15, "loss": 0.026685819774866105, "accuracy": 0.7396}
{"round": 16, "loss": 0.025523642495274543, "accuracy": 0.7349}
{"round": 17, "loss": 0.02404244757592678, "accuracy": 0.7545}
{"round": 18, "loss": 0.023032426685094833, "accuracy": 0.7589}
{"round": 19, "loss": 0.022734339046478272, "accuracy": 0.7553}
{"round": 20, "loss": 0.02174069348573685, "accuracy": 0.7722}
