{"loss": 0.07673552731672922, "accuracy": 0.09166666666666667}
{"loss": 0.07653080125649771, "accuracy": 0.17083333333333334}
{"loss": 0.07572349309921264, "accuracy": 0.20416666666666666}
{"loss": 0.07315722107887268, "accuracy": 0.25}
{"loss": 0.06816010226806005, "accuracy": 0.3125}
{"loss": 0.06050881892442703, "accuracy": 0.4125}
{"loss": 0.05216640631357829, "accuracy": 0.4666666666666667}
{"loss": 0.046132121980190274, "accuracy": 0.5416666666666667}
{"loss": 0.04610894521077474, "accuracy": 0.575}
{"loss": 0.05264973292748133, "accuracy": 0.5875}
{"loss": 0.06475184162457784, "accuracy": 0.5833333333333334}
{"loss": 0.08221003115177154, "accuracy": 0.5875}
{"loss": 0.09254706501960755, "accuracy": 0.575}
{"loss": 0.13963771561781566, "accuracy": 0.5625}
{"loss": 0.18421555459499359, "accuracy": 0.5416666666666667}
{"loss": 0.24471588532129923, "accuracy": 0.5166666666666666}
{"loss": 0.32130293846130376, "accuracy": 0.49166666666666664}
{"loss": 0.4154279708862305, "accuracy": 0.4916666666666667}
{"loss": 0.5297794659932454, "accuracy": 0.4875}
{"loss": 0.6669969280560811, "accuracy": 0.475}
