{"round": 0, "loss": 0.07210463590621949, "accuracy": 0.0953, "preccision": 0.08720333535537352, "recall": 0.0953, "f1": 0.06449457672192811}
{"round": 1, "loss": 0.0718919851064682, "accuracy": 0.0918, "preccision": 0.12594446845550916, "recall": 0.0918, "f1": 0.031635780907385176}
{"round": 2, "loss": 0.07152489252090453, "accuracy": 0.1823, "preccision": 0.2355751828839815, "recall": 0.1823, "f1": 0.11618859916900726}
{"round": 3, "loss": 0.07042231855392456, "accuracy": 0.2567, "preccision": 0.20338582737080127, "recall": 0.2567, "f1": 0.16831500799878768}
{"round": 4, "loss": 0.06749289159774781, "accuracy": 0.2942, "preccision": 0.3313476657651529, "recall": 0.2942, "f1": 0.20385324434792315}
{"round": 5, "loss": 0.06181151953935623, "accuracy": 0.3789, "preccision": 0.4737522535232884, "recall": 0.3789, "f1": 0.30030069471191234}
{"round": 6, "loss": 0.053277640557289126, "accuracy": 0.459, "preccision": 0.46816387851671554, "recall": 0.459, "f1": 0.39186527267935084}
{"round": 7, "loss": 0.04437006120085716, "accuracy": 0.5315, "preccision": 0.5181594897708086, "recall": 0.5315, "f1": 0.4891845397461971}
{"round": 8, "loss": 0.03842401223778725, "accuracy": 0.5874, "preccision": 0.5719068194649626, "recall": 0.5874, "f1": 0.5654652463960587}
{"round": 9, "loss": 0.037799578565359114, "accuracy": 0.6149, "preccision": 0.6057227843731257, "recall": 0.6149, "f1": 0.6027550319888847}
{"round": 10, "loss": 0.042399002474546435, "accuracy": 0.6305, "preccision": 0.624037181824, "recall": 0.6305, "f1": 0.6231288693193877}
{"round": 11, "loss": 0.052653175967931745, "accuracy": 0.6316, "preccision": 0.6258474992310816, "recall": 0.6316, "f1": 0.6257402627080861}
{"round": 12, "loss": 0.06846148014068604, "accuracy": 0.6218, "preccision": 0.6150587863270534, "recall": 0.6218, "f1": 0.6165418951217476}
{"round": 13, "loss": 0.09097933124899864, "accuracy": 0.6088, "preccision": 0.6033887347771947, "recall": 0.6088, "f1": 0.6040402565890485}
{"round": 14, "loss": 0.1213652902841568, "accuracy": 0.5949, "preccision": 0.58820987059125, "recall": 0.5949, "f1": 0.5897636120802728}
{"round": 15, "loss": 0.16171802459955215, "accuracy": 0.5757, "preccision": 0.5711895721613514, "recall": 0.5757, "f1": 0.5715116216467682}
{"round": 16, "loss": 0.2130932189464569, "accuracy": 0.5625, "preccision": 0.5575832662094152, "recall": 0.5625, "f1": 0.5585513923733368}
{"round": 17, "loss": 0.27837236080169675, "accuracy": 0.5447, "preccision": 0.5412632003025104, "recall": 0.5447, "f1": 0.5412137122804436}
{"round": 18, "loss": 0.3576743898630142, "accuracy": 0.5293, "preccision": 0.5256412909397858, "recall": 0.5293, "f1": 0.5261040999452481}
{"round": 19, "loss": 0.4560991529464722, "accuracy": 0.5161, "preccision": 0.5132173289817676, "recall": 0.5161, "f1": 0.513024347158938}
{"round": 20, "loss": 0.5755964546203614, "accuracy": 0.5031, "preccision": 0.5011174201220476, "recall": 0.5031, "f1": 0.5001425225242818}
