{"loss": 0.07658743328518337, "accuracy": 0.14259259259259258}
{"loss": 0.0762250425638976, "accuracy": 0.22499999999999998}
{"loss": 0.0752919806374444, "accuracy": 0.29166666666666663}
{"loss": 0.07305682080763358, "accuracy": 0.3287037037037037}
{"loss": 0.06845172301486685, "accuracy": 0.40185185185185185}
{"loss": 0.06069329116079542, "accuracy": 0.5}
{"loss": 0.05146107508076562, "accuracy": 0.5287037037037037}
{"loss": 0.04543883546634957, "accuracy": 0.5592592592592592}
{"loss": 0.0448585765781226, "accuracy": 0.5675925925925926}
{"loss": 0.0500235597844477, "accuracy": 0.587037037037037}
{"loss": 0.060419952207141456, "accuracy": 0.5842592592592593}
{"loss": 0.07822511990865072, "accuracy": 0.5777777777777778}
{"loss": 0.10356281476992148, "accuracy": 0.5666666666666668}
{"loss": 0.1387515696110549, "accuracy": 0.55}
{"loss": 0.1843090580569373, "accuracy": 0.5342592592592593}
{"loss": 0.2430860960925067, "accuracy": 0.5296296296296296}
{"loss": 0.31689715054300094, "accuracy": 0.5175925925925925}
{"loss": 0.40803861220677695, "accuracy": 0.5055555555555555}
{"loss": 0.5198892527156407, "accuracy": 0.499074074074074}
{"loss": 0.6521583362861915, "accuracy": 0.48518518518518516}
