{"round": 0, "loss": 0.07212343354225159, "accuracy": 0.0957, "preccision": 0.0191419088177905, "recall": 0.0957, "f1": 0.029086461262943196}
{"round": 1, "loss": 0.07188684873580932, "accuracy": 0.1473, "preccision": 0.03590750403998647, "recall": 0.1473, "f1": 0.054616435425934785}
{"round": 2, "loss": 0.07147341668605804, "accuracy": 0.2316, "preccision": 0.22329798397033324, "recall": 0.2316, "f1": 0.14382201836589176}
{"round": 3, "loss": 0.07047583551406861, "accuracy": 0.3063, "preccision": 0.24665389645679703, "recall": 0.3063, "f1": 0.20277443473781065}
{"round": 4, "loss": 0.06824106695652007, "accuracy": 0.3462, "preccision": 0.4259591787865379, "recall": 0.3462, "f1": 0.2738999353474568}
{"round": 5, "loss": 0.06376803604364395, "accuracy": 0.4029, "preccision": 0.547851785838538, "recall": 0.4029, "f1": 0.36094877568352096}
{"round": 6, "loss": 0.05624308052062988, "accuracy": 0.4924, "preccision": 0.504814914685607, "recall": 0.4924, "f1": 0.4509451872628434}
{"round": 7, "loss": 0.04750582835674286, "accuracy": 0.5351, "preccision": 0.5193703533443073, "recall": 0.5351, "f1": 0.4987487474919152}
{"round": 8, "loss": 0.04210459696054459, "accuracy": 0.5603, "preccision": 0.5363914982440706, "recall": 0.5603, "f1": 0.5311371546745831}
{"round": 9, "loss": 0.04212694311738014, "accuracy": 0.5742, "preccision": 0.5518717385826251, "recall": 0.5742, "f1": 0.5517743579765702}
{"round": 10, "loss": 0.04755355288386345, "accuracy": 0.5864, "preccision": 0.5686123656179427, "recall": 0.5864, "f1": 0.5698681542389817}
{"round": 11, "loss": 0.05789057726264, "accuracy": 0.5874, "preccision": 0.5742877648300947, "recall": 0.5874, "f1": 0.576961398190285}
{"round": 12, "loss": 0.0746516761481762, "accuracy": 0.5803, "preccision": 0.5703257311500949, "recall": 0.5803, "f1": 0.5730126495269767}
{"round": 13, "loss": 0.0984682781279087, "accuracy": 0.5672, "preccision": 0.5601737518709073, "recall": 0.5672, "f1": 0.5623093510685118}
{"round": 14, "loss": 0.13106325702667238, "accuracy": 0.5547, "preccision": 0.5501031341394262, "recall": 0.5547, "f1": 0.5513726019010015}
{"round": 15, "loss": 0.17355224022865295, "accuracy": 0.5413, "preccision": 0.538759410989558, "recall": 0.5413, "f1": 0.5391896476452682}
{"round": 16, "loss": 0.2281589210987091, "accuracy": 0.5297, "preccision": 0.5281674237753552, "recall": 0.5297, "f1": 0.5280843926872005}
{"round": 17, "loss": 0.29707495617866514, "accuracy": 0.5142, "preccision": 0.5137386896460218, "recall": 0.5142, "f1": 0.5130404928592394}
{"round": 18, "loss": 0.38184761605262757, "accuracy": 0.5045, "preccision": 0.5050676359521814, "recall": 0.5045, "f1": 0.5038797266990612}
{"round": 19, "loss": 0.4852946828842163, "accuracy": 0.4963, "preccision": 0.49751692262881, "recall": 0.4963, "f1": 0.49592051751938127}
{"round": 20, "loss": 0.6079543823242187, "accuracy": 0.4886, "preccision": 0.4895998238333562, "recall": 0.4886, "f1": 0.48822056615827797}
