{"loss": 0.07657887273364597, "accuracy": 0.12407407407407407}
{"loss": 0.07595647926683778, "accuracy": 0.14629629629629629}
{"loss": 0.07468324215323836, "accuracy": 0.3259259259259259}
{"loss": 0.07190096047189501, "accuracy": 0.36018518518518516}
{"loss": 0.06592442934159878, "accuracy": 0.41851851851851846}
{"loss": 0.057420919780377985, "accuracy": 0.49166666666666675}
{"loss": 0.051169237052952794, "accuracy": 0.5}
{"loss": 0.04629893280841686, "accuracy": 0.5481481481481482}
{"loss": 0.045129289891984725, "accuracy": 0.5898148148148148}
{"loss": 0.04847398687292029, "accuracy": 0.6138888888888889}
{"loss": 0.0638956167631679, "accuracy": 0.5777777777777777}
{"loss": 0.07682106572168844, "accuracy": 0.5731481481481482}
{"loss": 0.10213744353365017, "accuracy": 0.5787037037037037}
{"loss": 0.1383251623974906, "accuracy": 0.5333333333333333}
{"loss": 0.17507478307794644, "accuracy": 0.5388888888888889}
{"loss": 0.23284231865847552, "accuracy": 0.5120370370370371}
{"loss": 0.32357285949918957, "accuracy": 0.4759259259259259}
{"loss": 0.40474155694246294, "accuracy": 0.4572916666666667}
{"loss": 0.5208556122250027, "accuracy": 0.4722222222222222}
{"loss": 0.6991215741192853, "accuracy": 0.4231481481481481}
