{"round": 0, "loss": 0.07214015040397644, "accuracy": 0.0988, "preccision": 0.05287489032142538, "recall": 0.0988, "f1": 0.022887375648145417}
{"round": 1, "loss": 0.07184640526771545, "accuracy": 0.1271, "preccision": 0.07975853955011337, "recall": 0.1271, "f1": 0.06506281333391303}
{"round": 2, "loss": 0.0713310385465622, "accuracy": 0.1359, "preccision": 0.25846676606784125, "recall": 0.1359, "f1": 0.07859446982839276}
{"round": 3, "loss": 0.07014529173374176, "accuracy": 0.3164, "preccision": 0.33982517625377906, "recall": 0.3164, "f1": 0.255777507200065}
{"round": 4, "loss": 0.06751731638908386, "accuracy": 0.3499, "preccision": 0.3430360456746071, "recall": 0.3499, "f1": 0.27289398180437857}
{"round": 5, "loss": 0.0621342448592186, "accuracy": 0.4094, "preccision": 0.43578060333169244, "recall": 0.4094, "f1": 0.358483985781422}
{"round": 6, "loss": 0.053935846269130706, "accuracy": 0.4966, "preccision": 0.5034268794927923, "recall": 0.4966, "f1": 0.4369884040732424}
{"round": 7, "loss": 0.04603572919368744, "accuracy": 0.5198, "preccision": 0.5347631405711755, "recall": 0.5198, "f1": 0.46039249403310967}
{"round": 8, "loss": 0.04167142191529274, "accuracy": 0.5571, "preccision": 0.5287898257266834, "recall": 0.5571, "f1": 0.5063528973789004}
{"round": 9, "loss": 0.04237702897191048, "accuracy": 0.5827, "preccision": 0.5511822960292149, "recall": 0.5827, "f1": 0.5415080605282263}
{"round": 10, "loss": 0.04549882632493973, "accuracy": 0.6006, "preccision": 0.5722161015323585, "recall": 0.6006, "f1": 0.5759345320910833}
{"round": 11, "loss": 0.05462870355844498, "accuracy": 0.5975, "preccision": 0.5763613500628214, "recall": 0.5975, "f1": 0.5809799669024385}
{"round": 12, "loss": 0.0716744421839714, "accuracy": 0.5855, "preccision": 0.5664104509029154, "recall": 0.5855, "f1": 0.568769119025174}
{"round": 13, "loss": 0.09352690957784653, "accuracy": 0.5677, "preccision": 0.5539445780580335, "recall": 0.5677, "f1": 0.5581207374455894}
{"round": 14, "loss": 0.12524805521965027, "accuracy": 0.553, "preccision": 0.5447211694943678, "recall": 0.553, "f1": 0.5453149538350739}
{"round": 15, "loss": 0.16785803352594375, "accuracy": 0.5301, "preccision": 0.5226885591449626, "recall": 0.5301, "f1": 0.5246349971304212}
{"round": 16, "loss": 0.22532346603870393, "accuracy": 0.5101, "preccision": 0.5060508085571956, "recall": 0.5101, "f1": 0.5046134376425675}
{"round": 17, "loss": 0.28969837403297427, "accuracy": 0.4921, "preccision": 0.4904754179350995, "recall": 0.4921, "f1": 0.4901752330751129}
{"round": 18, "loss": 0.37937475888729094, "accuracy": 0.4714, "preccision": 0.47212480102463195, "recall": 0.4714, "f1": 0.4701917851004356}
{"round": 19, "loss": 0.4852952353477478, "accuracy": 0.4597, "preccision": 0.4574880688295465, "recall": 0.4597, "f1": 0.45766553938461374}
{"round": 20, "loss": 0.6131715358734131, "accuracy": 0.4418, "preccision": 0.448092452911451, "recall": 0.4418, "f1": 0.44326637279946335}
