{"loss": 0.07655948201815288, "accuracy": 0.0625}
{"loss": 0.07595418790976206, "accuracy": 0.10416666666666666}
{"loss": 0.07471725443998972, "accuracy": 0.2375}
{"loss": 0.07203643918037414, "accuracy": 0.30833333333333335}
{"loss": 0.06684197535117467, "accuracy": 0.33333333333333337}
{"loss": 0.05979970395565033, "accuracy": 0.4083333333333333}
{"loss": 0.05360544323921204, "accuracy": 0.4625}
{"loss": 0.05243116567532222, "accuracy": 0.49166666666666664}
{"loss": 0.05873822122812271, "accuracy": 0.49166666666666664}
{"loss": 0.07055878937244414, "accuracy": 0.49583333333333335}
{"loss": 0.0896809607744217, "accuracy": 0.5}
{"loss": 0.11870186229546865, "accuracy": 0.5041666666666667}
{"loss": 0.16026192605495454, "accuracy": 0.4583333333333333}
{"loss": 0.2169591248035431, "accuracy": 0.4291666666666667}
{"loss": 0.29010513226191204, "accuracy": 0.4083333333333333}
{"loss": 0.3829313337802887, "accuracy": 0.4041666666666667}
{"loss": 0.49604658683141073, "accuracy": 0.39583333333333337}
{"loss": 0.6378461201985677, "accuracy": 0.37916666666666665}
{"loss": 0.8065831542015076, "accuracy": 0.3666666666666667}
{"loss": 1.0059194246927898, "accuracy": 0.3625}
