{"round": 0, "loss": 0.0721090440750122, "accuracy": 0.0788, "preccision": 0.013255274689366837, "recall": 0.0788, "f1": 0.019073228572654494}
{"round": 1, "loss": 0.07170624747276307, "accuracy": 0.0982, "preccision": 0.21100592118423683, "recall": 0.0982, "f1": 0.01789641473578724}
{"round": 2, "loss": 0.07106798927783967, "accuracy": 0.1302, "preccision": 0.24964327938517736, "recall": 0.1302, "f1": 0.06280378447166646}
{"round": 3, "loss": 0.06953803277015685, "accuracy": 0.3316, "preccision": 0.29698251183104735, "recall": 0.3316, "f1": 0.24672172719863647}
{"round": 4, "loss": 0.06626878633499146, "accuracy": 0.372, "preccision": 0.3306453957673684, "recall": 0.372, "f1": 0.2758727198924057}
{"round": 5, "loss": 0.05999160604476929, "accuracy": 0.4106, "preccision": 0.3687131862083513, "recall": 0.4106, "f1": 0.3251753628443822}
{"round": 6, "loss": 0.051401113283634184, "accuracy": 0.4899, "preccision": 0.5250215217980769, "recall": 0.4899, "f1": 0.42741009598518415}
{"round": 7, "loss": 0.04405171692967415, "accuracy": 0.5356, "preccision": 0.5420847086499712, "recall": 0.5356, "f1": 0.4947160039101569}
{"round": 8, "loss": 0.040909343308210375, "accuracy": 0.5649, "preccision": 0.5671083342069738, "recall": 0.5649, "f1": 0.5380765013442101}
{"round": 9, "loss": 0.043987986636161804, "accuracy": 0.5766, "preccision": 0.5741844217274712, "recall": 0.5766, "f1": 0.554762463392097}
{"round": 10, "loss": 0.05138938569426536, "accuracy": 0.5868, "preccision": 0.5845617549051958, "recall": 0.5868, "f1": 0.5744958797243966}
{"round": 11, "loss": 0.06420353015065193, "accuracy": 0.5863, "preccision": 0.5841039373057272, "recall": 0.5863, "f1": 0.5777205048059061}
{"round": 12, "loss": 0.08327304748296738, "accuracy": 0.5789, "preccision": 0.5769349579862074, "recall": 0.5789, "f1": 0.5722053000931643}
{"round": 13, "loss": 0.11063486424088478, "accuracy": 0.5628, "preccision": 0.5614805542521288, "recall": 0.5628, "f1": 0.558394272449881}
{"round": 14, "loss": 0.14818252379894256, "accuracy": 0.5426, "preccision": 0.5415534814133945, "recall": 0.5426, "f1": 0.5390524131809802}
{"round": 15, "loss": 0.19863794431686402, "accuracy": 0.5107, "preccision": 0.5136943837574683, "recall": 0.5107, "f1": 0.509322029221364}
{"round": 16, "loss": 0.2635935799121857, "accuracy": 0.4879, "preccision": 0.4900565447264189, "recall": 0.4879, "f1": 0.48617242306817726}
{"round": 17, "loss": 0.34429821848869324, "accuracy": 0.4699, "preccision": 0.47400435748226755, "recall": 0.4699, "f1": 0.4698272612725925}
{"round": 18, "loss": 0.4453345750808716, "accuracy": 0.4533, "preccision": 0.45621690208064836, "recall": 0.4533, "f1": 0.4531332129178362}
{"round": 19, "loss": 0.5705408768177033, "accuracy": 0.4356, "preccision": 0.4410397796070214, "recall": 0.4356, "f1": 0.4364999838036427}
{"round": 20, "loss": 0.721232776927948, "accuracy": 0.421, "preccision": 0.42823349381556164, "recall": 0.421, "f1": 0.42246508075355876}
