{"loss": 0.07642469127972921, "accuracy": 0.13}
{"loss": 0.07589284837245941, "accuracy": 0.10333333333333332}
{"loss": 0.07457766314347586, "accuracy": 0.21416666666666667}
{"loss": 0.07155171612898509, "accuracy": 0.39333333333333337}
{"loss": 0.06594806879758836, "accuracy": 0.4691666666666666}
{"loss": 0.05726362864176432, "accuracy": 0.525}
{"loss": 0.04755567838748296, "accuracy": 0.5925}
{"loss": 0.040184563150008526, "accuracy": 0.6258333333333334}
{"loss": 0.03729032104214032, "accuracy": 0.6458333333333334}
{"loss": 0.03880457624793053, "accuracy": 0.6575000000000001}
{"loss": 0.04388455063104629, "accuracy": 0.6708333333333333}
{"loss": 0.05277169580260912, "accuracy": 0.675}
{"loss": 0.0652637625237306, "accuracy": 0.6641666666666667}
{"loss": 0.08111838310956955, "accuracy": 0.6566666666666665}
{"loss": 0.1017065488298734, "accuracy": 0.6483333333333334}
{"loss": 0.12824877669413887, "accuracy": 0.6333333333333333}
{"loss": 0.1621577873826027, "accuracy": 0.615}
{"loss": 0.20445898274580637, "accuracy": 0.6041666666666666}
{"loss": 0.2541698056459427, "accuracy": 0.5875}
{"loss": 0.31488917907079056, "accuracy": 0.5758333333333333}
