{"round": 0, "loss": 0.07214015040397644, "accuracy": 0.0988, "preccision": 0.05287489032142538, "recall": 0.0988, "f1": 0.022887375648145417}
{"round": 1, "loss": 0.0718319087266922, "accuracy": 0.1299, "preccision": 0.04289849409117565, "recall": 0.1299, "f1": 0.060643528181587615}
{"round": 2, "loss": 0.07129299559593201, "accuracy": 0.1071, "preccision": 0.13964888376170692, "recall": 0.1071, "f1": 0.03088095121909874}
{"round": 3, "loss": 0.06995022766590119, "accuracy": 0.2158, "preccision": 0.40473172111028083, "recall": 0.2158, "f1": 0.17490617414539572}
{"round": 4, "loss": 0.0668534419298172, "accuracy": 0.4066, "preccision": 0.5049994929274033, "recall": 0.4066, "f1": 0.3142215645868492}
{"round": 5, "loss": 0.06127014186382294, "accuracy": 0.4854, "preccision": 0.6260966924886491, "recall": 0.4854, "f1": 0.4004715892881363}
{"round": 6, "loss": 0.0526982168674469, "accuracy": 0.549, "preccision": 0.6184228063456494, "recall": 0.549, "f1": 0.4971677169100883}
{"round": 7, "loss": 0.04322019983530045, "accuracy": 0.6065, "preccision": 0.618930220127166, "recall": 0.6065, "f1": 0.579009763902905}
{"round": 8, "loss": 0.0360859780728817, "accuracy": 0.6458, "preccision": 0.6431391976617747, "recall": 0.6458, "f1": 0.6273009280946048}
{"round": 9, "loss": 0.03327536510229111, "accuracy": 0.6671, "preccision": 0.6619130805562726, "recall": 0.6671, "f1": 0.6535819240646552}
{"round": 10, "loss": 0.034501653024554255, "accuracy": 0.6738, "preccision": 0.6673042301511697, "recall": 0.6738, "f1": 0.6637016214463574}
{"round": 11, "loss": 0.03902613780796528, "accuracy": 0.6778, "preccision": 0.6707059381240382, "recall": 0.6778, "f1": 0.6707220882739905}
{"round": 12, "loss": 0.04691364967226982, "accuracy": 0.6757, "preccision": 0.6704700245488074, "recall": 0.6757, "f1": 0.6707794205809294}
{"round": 13, "loss": 0.058138209617137906, "accuracy": 0.6704, "preccision": 0.6672475461995545, "recall": 0.6704, "f1": 0.6667926093088016}
{"round": 14, "loss": 0.07268411265015602, "accuracy": 0.6594, "preccision": 0.657134099643803, "recall": 0.6594, "f1": 0.6561948387201846}
{"round": 15, "loss": 0.09124728859066963, "accuracy": 0.6474, "preccision": 0.6459087036069533, "recall": 0.6474, "f1": 0.6447776821815576}
{"round": 16, "loss": 0.11472154321670532, "accuracy": 0.6348, "preccision": 0.632943995688375, "recall": 0.6348, "f1": 0.6319053314650648}
{"round": 17, "loss": 0.14431921249628066, "accuracy": 0.6196, "preccision": 0.6175104267162892, "recall": 0.6196, "f1": 0.6164942451116252}
{"round": 18, "loss": 0.1812064276456833, "accuracy": 0.608, "preccision": 0.6040215212328681, "recall": 0.608, "f1": 0.603984689870894}
{"round": 19, "loss": 0.22547471449375153, "accuracy": 0.5925, "preccision": 0.5893201956941768, "recall": 0.5925, "f1": 0.5891287730528773}
{"round": 20, "loss": 0.2792895396947861, "accuracy": 0.5739, "preccision": 0.5718817328533773, "recall": 0.5739, "f1": 0.5712553618149983}
