{"loss": 0.07671001036961873, "accuracy": 0.11166666666666666}
{"loss": 0.07657923499743144, "accuracy": 0.11666666666666667}
{"loss": 0.07636427481969198, "accuracy": 0.13166666666666665}
{"loss": 0.07599098205566406, "accuracy": 0.20833333333333334}
{"loss": 0.07549053629239402, "accuracy": 0.24}
{"loss": 0.0746176012357076, "accuracy": 0.30333333333333334}
{"loss": 0.07307192206382751, "accuracy": 0.39333333333333326}
{"loss": 0.07058388590812682, "accuracy": 0.5466666666666666}
{"loss": 0.06688487986723582, "accuracy": 0.5866666666666667}
{"loss": 0.06120944241682689, "accuracy": 0.64}
{"loss": 0.05484959820906321, "accuracy": 0.635}
{"loss": 0.04787058750788371, "accuracy": 0.6483333333333333}
{"loss": 0.042084837158521016, "accuracy": 0.67}
{"loss": 0.03758250037829081, "accuracy": 0.6583333333333334}
{"loss": 0.03385102490584056, "accuracy": 0.6933333333333334}
{"loss": 0.03174899290005366, "accuracy": 0.685}
{"loss": 0.027912730475266774, "accuracy": 0.7299999999999999}
{"loss": 0.028971625069777174, "accuracy": 0.7066666666666667}
{"loss": 0.025951434274514518, "accuracy": 0.7316666666666667}
{"loss": 0.026476809432109193, "accuracy": 0.7283333333333333}
