{"round": 0, "loss": 0.07228001170158387, "accuracy": 0.1135}
{"round": 1, "loss": 0.07200834851264953, "accuracy": 0.116}
{"round": 2, "loss": 0.07183761637210846, "accuracy": 0.1239}
{"round": 3, "loss": 0.07161697545051575, "accuracy": 0.1328}
{"round": 4, "loss": 0.0712552537202835, "accuracy": 0.2279}
{"round": 5, "loss": 0.07075033934116363, "accuracy": 0.2584}
{"round": 6, "loss": 0.06983152663707733, "accuracy": 0.3305}
{"round": 7, "loss": 0.06827154407501221, "accuracy": 0.4202}
{"round": 8, "loss": 0.0658658810377121, "accuracy": 0.5763}
{"round": 9, "loss": 0.06214297963380814, "accuracy": 0.6322}
{"round": 10, "loss": 0.05662318329811096, "accuracy": 0.6709}
{"round": 11, "loss": 0.05030023195743561, "accuracy": 0.67}
{"round": 12, "loss": 0.04356763793230057, "accuracy": 0.6862}
{"round": 13, "loss": 0.03785966864824295, "accuracy": 0.7127}
{"round": 14, "loss": 0.033456064480543134, "accuracy": 0.6956}
{"round": 15, "loss": 0.029815362793207168, "accuracy": 0.716}
{"round": 16, "loss": 0.027761923307180403, "accuracy": 0.7218}
{"round": 17, "loss": 0.02424017643034458, "accuracy": 0.7761}
{"round": 18, "loss": 0.02519186890423298, "accuracy": 0.7354}
{"round": 19, "loss": 0.022277604374289512, "accuracy": 0.7751}
{"round": 20, "loss": 0.02284450550675392, "accuracy": 0.7575}
