{"loss": 0.07633740603923797, "accuracy": 0.1625}
{"loss": 0.07505369583765666, "accuracy": 0.3}
{"loss": 0.07183999419212342, "accuracy": 0.375}
{"loss": 0.06594899743795396, "accuracy": 0.41666666666666663}
{"loss": 0.05783314506212871, "accuracy": 0.4625}
{"loss": 0.05116234123706817, "accuracy": 0.5208333333333333}
{"loss": 0.04879038830598195, "accuracy": 0.5291666666666667}
{"loss": 0.0501668189962705, "accuracy": 0.5541666666666667}
{"loss": 0.055100717147191364, "accuracy": 0.575}
{"loss": 0.06429986009995142, "accuracy": 0.5916666666666667}
{"loss": 0.0793845439950625, "accuracy": 0.6041666666666667}
{"loss": 0.10027235547701518, "accuracy": 0.6}
{"loss": 0.12936234772205352, "accuracy": 0.575}
{"loss": 0.16810191571712493, "accuracy": 0.5541666666666667}
{"loss": 0.21992302536964417, "accuracy": 0.5458333333333334}
{"loss": 0.2866356551647187, "accuracy": 0.5416666666666667}
{"loss": 0.36259855826695764, "accuracy": 0.55}
{"loss": 0.4622253894805908, "accuracy": 0.5166666666666666}
{"loss": 0.5781962553660075, "accuracy": 0.5083333333333333}
{"loss": 0.7213937640190125, "accuracy": 0.5}
