{"round": 0, "loss": 0.07204539165496826, "accuracy": 0.1096, "preccision": 0.09697667574561834, "recall": 0.1096, "f1": 0.06719632393106954}
{"round": 1, "loss": 0.07140299751758575, "accuracy": 0.2598, "preccision": 0.19228101655259786, "recall": 0.2598, "f1": 0.1663296775399985}
{"round": 2, "loss": 0.07006380836963653, "accuracy": 0.3416, "preccision": 0.2778196400101856, "recall": 0.3416, "f1": 0.23138146498272366}
{"round": 3, "loss": 0.0667312059879303, "accuracy": 0.4222, "preccision": 0.34893244007361934, "recall": 0.4222, "f1": 0.323861917572303}
{"round": 4, "loss": 0.06043096814155579, "accuracy": 0.4617, "preccision": 0.44193243953307976, "recall": 0.4617, "f1": 0.3734525783241899}
{"round": 5, "loss": 0.051680239355564116, "accuracy": 0.4948, "preccision": 0.4702641816534359, "recall": 0.4948, "f1": 0.4310814063751558}
{"round": 6, "loss": 0.04458933569788933, "accuracy": 0.5387, "preccision": 0.49712068119854885, "recall": 0.5387, "f1": 0.4854594164449294}
{"round": 7, "loss": 0.04174754296541214, "accuracy": 0.5669, "preccision": 0.5221189473541953, "recall": 0.5669, "f1": 0.5216622791830354}
{"round": 8, "loss": 0.042698628145456316, "accuracy": 0.5908, "preccision": 0.5534388961131769, "recall": 0.5908, "f1": 0.5543026072156215}
{"round": 9, "loss": 0.04643369282484055, "accuracy": 0.6097, "preccision": 0.5852146055973653, "recall": 0.6097, "f1": 0.5839416928462337}
{"round": 10, "loss": 0.05381809151172638, "accuracy": 0.6226, "preccision": 0.6070335858910352, "recall": 0.6226, "f1": 0.6033794345470472}
{"round": 11, "loss": 0.06598126963973046, "accuracy": 0.6232, "preccision": 0.6143202096565227, "recall": 0.6232, "f1": 0.608851002065769}
{"round": 12, "loss": 0.08299451864361763, "accuracy": 0.6196, "preccision": 0.6149655139054413, "recall": 0.6196, "f1": 0.6091691033040133}
{"round": 13, "loss": 0.10722966425418853, "accuracy": 0.6102, "preccision": 0.6056344837909178, "recall": 0.6102, "f1": 0.600943942452613}
{"round": 14, "loss": 0.13939586186408998, "accuracy": 0.5953, "preccision": 0.592978892592027, "recall": 0.5953, "f1": 0.5884797573895327}
{"round": 15, "loss": 0.18333166761398315, "accuracy": 0.5749, "preccision": 0.57282205076762, "recall": 0.5749, "f1": 0.568321218212168}
{"round": 16, "loss": 0.23924745309352874, "accuracy": 0.5585, "preccision": 0.5577133196277566, "recall": 0.5585, "f1": 0.5515223842374833}
{"round": 17, "loss": 0.30663872401714326, "accuracy": 0.5471, "preccision": 0.5459849973303438, "recall": 0.5471, "f1": 0.5408275023091427}
{"round": 18, "loss": 0.39298244705200197, "accuracy": 0.5328, "preccision": 0.534608417627948, "recall": 0.5328, "f1": 0.5279873304189868}
{"round": 19, "loss": 0.49487505254745484, "accuracy": 0.5238, "preccision": 0.5244291028078367, "recall": 0.5238, "f1": 0.5191863150991725}
{"round": 20, "loss": 0.621243431186676, "accuracy": 0.5134, "preccision": 0.516705379879472, "recall": 0.5134, "f1": 0.5097839958515876}
