{"loss": 0.07665430804093679, "accuracy": 0.11083333333333334}
{"loss": 0.0756896593173345, "accuracy": 0.16666666666666666}
{"loss": 0.0725779414176941, "accuracy": 0.2266666666666667}
{"loss": 0.06427968780199687, "accuracy": 0.39416666666666667}
{"loss": 0.05349140028158823, "accuracy": 0.4583333333333333}
{"loss": 0.053308105915784845, "accuracy": 0.4883333333333334}
{"loss": 0.06863568236430487, "accuracy": 0.5025000000000001}
{"loss": 0.10175020317236583, "accuracy": 0.5008333333333332}
{"loss": 0.1565154113372167, "accuracy": 0.5016666666666667}
{"loss": 0.2411741050084432, "accuracy": 0.4958333333333333}
{"loss": 0.36499997576077775, "accuracy": 0.4825000000000001}
{"loss": 0.5387393701076507, "accuracy": 0.4708333333333334}
{"loss": 0.7731986538569132, "accuracy": 0.4583333333333333}
{"loss": 1.083882926305135, "accuracy": 0.4533333333333333}
{"loss": 1.4941107193628949, "accuracy": 0.4441666666666667}
{"loss": 2.0170329236984257, "accuracy": 0.4383333333333333}
{"loss": 2.680653788248698, "accuracy": 0.4291666666666667}
{"loss": 3.504891595840454, "accuracy": 0.42833333333333334}
{"loss": 4.521061541239421, "accuracy": 0.425}
{"loss": 5.754764410654704, "accuracy": 0.42250000000000004}
