{"round": 0, "loss": 0.07225919997692108, "accuracy": 0.09, "preccision": 0.01089712700949516, "recall": 0.09, "f1": 0.01639690578512015}
{"round": 1, "loss": 0.07193160495758057, "accuracy": 0.1143, "preccision": 0.06828944251516872, "recall": 0.1143, "f1": 0.04493840646295521}
{"round": 2, "loss": 0.07107312200069428, "accuracy": 0.1571, "preccision": 0.182999496493574, "recall": 0.1571, "f1": 0.06144303563665805}
{"round": 3, "loss": 0.06814835917949677, "accuracy": 0.2307, "preccision": 0.40847186701872396, "recall": 0.2307, "f1": 0.18941514844764756}
{"round": 4, "loss": 0.060127704215049746, "accuracy": 0.4029, "preccision": 0.4305010506562354, "recall": 0.4029, "f1": 0.35924971266595346}
{"round": 5, "loss": 0.04962960338592529, "accuracy": 0.4749, "preccision": 0.47229199704891006, "recall": 0.4749, "f1": 0.4549983492470963}
{"round": 6, "loss": 0.04840940368771553, "accuracy": 0.5098, "preccision": 0.49602794030889036, "recall": 0.5098, "f1": 0.49877238210485947}
{"round": 7, "loss": 0.061720780313014985, "accuracy": 0.5189, "preccision": 0.5135243634953714, "recall": 0.5189, "f1": 0.513881444993471}
{"round": 8, "loss": 0.09140870792865753, "accuracy": 0.5207, "preccision": 0.5208537288315065, "recall": 0.5207, "f1": 0.5185354119640928}
{"round": 9, "loss": 0.14196358470916748, "accuracy": 0.5074, "preccision": 0.5097856208752625, "recall": 0.5074, "f1": 0.5058411162013668}
{"round": 10, "loss": 0.21969568905830383, "accuracy": 0.494, "preccision": 0.4974366386047073, "recall": 0.494, "f1": 0.4925764756337705}
{"round": 11, "loss": 0.33299333400726316, "accuracy": 0.4786, "preccision": 0.48301236739584474, "recall": 0.4786, "f1": 0.47755122339839834}
{"round": 12, "loss": 0.49104253821372984, "accuracy": 0.4662, "preccision": 0.47091788149652036, "recall": 0.4662, "f1": 0.46528268353000185}
{"round": 13, "loss": 0.7037016304016114, "accuracy": 0.4572, "preccision": 0.4628821964112137, "recall": 0.4572, "f1": 0.457166827335372}
{"round": 14, "loss": 0.986477827167511, "accuracy": 0.4458, "preccision": 0.45259498396244324, "recall": 0.4458, "f1": 0.44659324512910714}
{"round": 15, "loss": 1.3549846460342407, "accuracy": 0.4391, "preccision": 0.4448364070001031, "recall": 0.4391, "f1": 0.43968865286996195}
{"round": 16, "loss": 1.8243994361877443, "accuracy": 0.4307, "preccision": 0.4359692460686443, "recall": 0.4307, "f1": 0.43126477847971256}
{"round": 17, "loss": 2.419617576980591, "accuracy": 0.4232, "preccision": 0.4292706058547795, "recall": 0.4232, "f1": 0.42400897345255645}
{"round": 18, "loss": 3.1594697425842284, "accuracy": 0.4195, "preccision": 0.42693481613704853, "recall": 0.4195, "f1": 0.4210016303305489}
{"round": 19, "loss": 4.06713920173645, "accuracy": 0.419, "preccision": 0.42554756297301066, "recall": 0.419, "f1": 0.4201066916944113}
{"round": 20, "loss": 5.167428108215332, "accuracy": 0.415, "preccision": 0.4213828434509167, "recall": 0.415, "f1": 0.4160597072730419}
