{"loss": 0.0764226891597112, "accuracy": 0.17250000000000001}
{"loss": 0.07562480986118317, "accuracy": 0.25416666666666665}
{"loss": 0.07377197364966073, "accuracy": 0.30499999999999994}
{"loss": 0.06978670597076417, "accuracy": 0.32666666666666666}
{"loss": 0.06307453076044718, "accuracy": 0.39666666666666667}
{"loss": 0.055687795182069136, "accuracy": 0.4366666666666667}
{"loss": 0.05378937403361002, "accuracy": 0.46499999999999997}
{"loss": 0.05793261473377546, "accuracy": 0.4883333333333333}
{"loss": 0.06923641602198284, "accuracy": 0.4991666666666667}
{"loss": 0.09061661978562671, "accuracy": 0.5083333333333332}
{"loss": 0.12286607484022775, "accuracy": 0.495}
{"loss": 0.1684616071979205, "accuracy": 0.48083333333333333}
{"loss": 0.2314024593432744, "accuracy": 0.46833333333333327}
{"loss": 0.31555028597513834, "accuracy": 0.44833333333333336}
{"loss": 0.425348470211029, "accuracy": 0.44333333333333336}
{"loss": 0.5669571916262309, "accuracy": 0.42666666666666664}
{"loss": 0.7454260031382243, "accuracy": 0.41}
{"loss": 0.9657256285349527, "accuracy": 0.3983333333333333}
{"loss": 1.2338449096679687, "accuracy": 0.39249999999999996}
{"loss": 1.5558437077204386, "accuracy": 0.37666666666666665}
