{"round": 0, "loss": 0.07237841854095459, "accuracy": 0.0628, "preccision": 0.024559532652178438, "recall": 0.0628, "f1": 0.03398203225203176}
{"round": 1, "loss": 0.07167498905658722, "accuracy": 0.1663, "preccision": 0.11618546591232407, "recall": 0.1663, "f1": 0.0848878092478128}
{"round": 2, "loss": 0.07092573792934417, "accuracy": 0.2457, "preccision": 0.25589918558780944, "recall": 0.2457, "f1": 0.1619842270666264}
{"round": 3, "loss": 0.06916667003631592, "accuracy": 0.3001, "preccision": 0.30474873417191367, "recall": 0.3001, "f1": 0.24815936513734055}
{"round": 4, "loss": 0.06527441782951356, "accuracy": 0.3151, "preccision": 0.35255235363457277, "recall": 0.3151, "f1": 0.26454009769035486}
{"round": 5, "loss": 0.05847720364332199, "accuracy": 0.4114, "preccision": 0.40792642045966515, "recall": 0.4114, "f1": 0.361885250622671}
{"round": 6, "loss": 0.050954633462429046, "accuracy": 0.4661, "preccision": 0.4522493551240348, "recall": 0.4661, "f1": 0.4230096281079992}
{"round": 7, "loss": 0.04824952368736267, "accuracy": 0.4973, "preccision": 0.4668486333493788, "recall": 0.4973, "f1": 0.4545464995039402}
{"round": 8, "loss": 0.05135941498279571, "accuracy": 0.5185, "preccision": 0.4863937205261863, "recall": 0.5185, "f1": 0.48512547649043825}
{"round": 9, "loss": 0.061449449062347415, "accuracy": 0.526, "preccision": 0.503516233978344, "recall": 0.526, "f1": 0.5027949870997412}
{"round": 10, "loss": 0.08018744418621063, "accuracy": 0.5197, "preccision": 0.5013275680986875, "recall": 0.5197, "f1": 0.5008126529487867}
{"round": 11, "loss": 0.1075552858352661, "accuracy": 0.5113, "preccision": 0.5013681932629217, "recall": 0.5113, "f1": 0.49943488144754145}
{"round": 12, "loss": 0.14640666987895964, "accuracy": 0.4992, "preccision": 0.4910627042127877, "recall": 0.4992, "f1": 0.49057777514547907}
{"round": 13, "loss": 0.20060530660152434, "accuracy": 0.4819, "preccision": 0.47752473162446696, "recall": 0.4819, "f1": 0.47524120899129885}
{"round": 14, "loss": 0.27263285689353944, "accuracy": 0.4635, "preccision": 0.4619221982681268, "recall": 0.4635, "f1": 0.458945456630869}
{"round": 15, "loss": 0.36666468105316163, "accuracy": 0.4438, "preccision": 0.444053505417519, "recall": 0.4438, "f1": 0.44095402798176053}
{"round": 16, "loss": 0.48877099733352664, "accuracy": 0.4234, "preccision": 0.42432130554746655, "recall": 0.4234, "f1": 0.42092007416027427}
{"round": 17, "loss": 0.6422624876976013, "accuracy": 0.4099, "preccision": 0.4120677600324706, "recall": 0.4099, "f1": 0.40800894475667115}
{"round": 18, "loss": 0.8314575768470764, "accuracy": 0.3991, "preccision": 0.40274413004726084, "recall": 0.3991, "f1": 0.39814491625486564}
{"round": 19, "loss": 1.0616384376525878, "accuracy": 0.3894, "preccision": 0.3925063530285356, "recall": 0.3894, "f1": 0.38851124475611015}
{"round": 20, "loss": 1.3395009019851685, "accuracy": 0.3799, "preccision": 0.3824429574084172, "recall": 0.3799, "f1": 0.37928273841312876}
