{"loss": 0.07623118042945862, "accuracy": 0.14750000000000002}
{"loss": 0.07524047931035358, "accuracy": 0.1541666666666667}
{"loss": 0.07273223340511323, "accuracy": 0.2475}
{"loss": 0.06726929038763046, "accuracy": 0.3875}
{"loss": 0.058347854018211374, "accuracy": 0.4583333333333333}
{"loss": 0.0511693180600802, "accuracy": 0.48250000000000004}
{"loss": 0.04997397149602571, "accuracy": 0.5083333333333333}
{"loss": 0.05347781201203664, "accuracy": 0.5375}
{"loss": 0.06324342951178549, "accuracy": 0.5566666666666666}
{"loss": 0.08003169506788255, "accuracy": 0.5583333333333333}
{"loss": 0.10652435660362243, "accuracy": 0.5491666666666666}
{"loss": 0.1456793502966563, "accuracy": 0.5441666666666667}
{"loss": 0.20071713666121166, "accuracy": 0.5291666666666667}
{"loss": 0.27379834334055586, "accuracy": 0.5266666666666666}
{"loss": 0.36979477882385253, "accuracy": 0.5066666666666666}
{"loss": 0.49367272178332, "accuracy": 0.4983333333333334}
{"loss": 0.6523395903905234, "accuracy": 0.49083333333333334}
{"loss": 0.8481545901298523, "accuracy": 0.48249999999999993}
{"loss": 1.0869170157114663, "accuracy": 0.4716666666666667}
{"loss": 1.377775155703227, "accuracy": 0.46749999999999997}
