{"round": 0, "loss": 0.07207710530757903, "accuracy": 0.1028, "preccision": 0.010569953990798159, "recall": 0.1028, "f1": 0.019168946127335388}
{"round": 1, "loss": 0.07160643663406373, "accuracy": 0.1469, "preccision": 0.0369952048563971, "recall": 0.1469, "f1": 0.05441405970036583}
{"round": 2, "loss": 0.07070718214511872, "accuracy": 0.1366, "preccision": 0.12974933400843658, "recall": 0.1366, "f1": 0.07322491786764881}
{"round": 3, "loss": 0.06839896161556244, "accuracy": 0.2277, "preccision": 0.3219380712795369, "recall": 0.2277, "f1": 0.1376537539309274}
{"round": 4, "loss": 0.06324393078088761, "accuracy": 0.3783, "preccision": 0.4134213293866831, "recall": 0.3783, "f1": 0.32043672050605126}
{"round": 5, "loss": 0.05463710849285126, "accuracy": 0.465, "preccision": 0.4641053097519971, "recall": 0.465, "f1": 0.4265543438305296}
{"round": 6, "loss": 0.04760883736610413, "accuracy": 0.5007, "preccision": 0.4897115222056118, "recall": 0.5007, "f1": 0.4642222095490856}
{"round": 7, "loss": 0.046573283314704894, "accuracy": 0.5238, "preccision": 0.5047123671591662, "recall": 0.5238, "f1": 0.49043059331940986}
{"round": 8, "loss": 0.05079027121067047, "accuracy": 0.5466, "preccision": 0.5267618217709146, "recall": 0.5466, "f1": 0.5214382288131036}
{"round": 9, "loss": 0.06085267767310142, "accuracy": 0.5613, "preccision": 0.5411295510232481, "recall": 0.5613, "f1": 0.54227324872132}
{"round": 10, "loss": 0.07756799754500389, "accuracy": 0.5694, "preccision": 0.5531306315787374, "recall": 0.5694, "f1": 0.5561430530179698}
{"round": 11, "loss": 0.10352791555523873, "accuracy": 0.5602, "preccision": 0.5464375807207311, "recall": 0.5602, "f1": 0.5494511477360007}
{"round": 12, "loss": 0.14083157402276994, "accuracy": 0.5465, "preccision": 0.536234004563035, "recall": 0.5465, "f1": 0.5388654095442525}
{"round": 13, "loss": 0.19313613862991333, "accuracy": 0.5316, "preccision": 0.5227979366698294, "recall": 0.5316, "f1": 0.5251577915146172}
{"round": 14, "loss": 0.2638060990333557, "accuracy": 0.5177, "preccision": 0.5114059942712473, "recall": 0.5177, "f1": 0.5127344273349062}
{"round": 15, "loss": 0.35599637603759765, "accuracy": 0.5049, "preccision": 0.49924495893683196, "recall": 0.5049, "f1": 0.5003938589394902}
{"round": 16, "loss": 0.47396792159080503, "accuracy": 0.4924, "preccision": 0.48742501608717537, "recall": 0.4924, "f1": 0.4882705175149954}
{"round": 17, "loss": 0.6226075264930725, "accuracy": 0.4808, "preccision": 0.47578667573974154, "recall": 0.4808, "f1": 0.476504239211207}
{"round": 18, "loss": 0.8072157181739807, "accuracy": 0.474, "preccision": 0.4684783518400034, "recall": 0.474, "f1": 0.46940189362573537}
{"round": 19, "loss": 1.032202147960663, "accuracy": 0.4664, "preccision": 0.4616853677993301, "recall": 0.4664, "f1": 0.46213776103362597}
{"round": 20, "loss": 1.3047473108291625, "accuracy": 0.4629, "preccision": 0.4586432471502302, "recall": 0.4629, "f1": 0.4590381973638656}
