{"loss": 0.07603811820348104, "accuracy": 0.11944444444444444}
{"loss": 0.07482369100606001, "accuracy": 0.1185185185185185}
{"loss": 0.07225602644461172, "accuracy": 0.2675925925925926}
{"loss": 0.06673521487801165, "accuracy": 0.39166666666666666}
{"loss": 0.058026979256559294, "accuracy": 0.4583333333333334}
{"loss": 0.04901109370920392, "accuracy": 0.5361111111111111}
{"loss": 0.04423730605178409, "accuracy": 0.5555555555555556}
{"loss": 0.04355565773116218, "accuracy": 0.5898148148148148}
{"loss": 0.05009082594403513, "accuracy": 0.5898148148148148}
{"loss": 0.06152022845215267, "accuracy": 0.5953703703703703}
{"loss": 0.08982276530177506, "accuracy": 0.5592592592592592}
{"loss": 0.1086389105629038, "accuracy": 0.5435185185185185}
{"loss": 0.15652015871471828, "accuracy": 0.5402777777777779}
{"loss": 0.19311360660053437, "accuracy": 0.5345238095238095}
{"loss": 0.246837411986457, "accuracy": 0.5430555555555555}
