{"round": 0, "loss": 0.07224980416297913, "accuracy": 0.0822, "preccision": 0.02989568020298709, "recall": 0.0822, "f1": 0.03414983823501607}
{"round": 1, "loss": 0.07151358342170715, "accuracy": 0.1142, "preccision": 0.11089514514514515, "recall": 0.1142, "f1": 0.024549172045581324}
{"round": 2, "loss": 0.07031420290470124, "accuracy": 0.1184, "preccision": 0.032332879692134386, "recall": 0.1184, "f1": 0.03148915832055949}
{"round": 3, "loss": 0.06775410847663879, "accuracy": 0.2721, "preccision": 0.4147353410773754, "recall": 0.2721, "f1": 0.19440297830878484}
{"round": 4, "loss": 0.06253532738685608, "accuracy": 0.3859, "preccision": 0.542014198523147, "recall": 0.3859, "f1": 0.31114743564794145}
{"round": 5, "loss": 0.05453339715003967, "accuracy": 0.4545, "preccision": 0.5509095181289807, "recall": 0.4545, "f1": 0.4194753299800396}
{"round": 6, "loss": 0.04577183653116226, "accuracy": 0.5391, "preccision": 0.5536557467853973, "recall": 0.5391, "f1": 0.5197461944925552}
{"round": 7, "loss": 0.040254281985759734, "accuracy": 0.5745, "preccision": 0.5715944985779402, "recall": 0.5745, "f1": 0.5575046415155239}
{"round": 8, "loss": 0.041447852683067325, "accuracy": 0.5797, "preccision": 0.5734480584741005, "recall": 0.5797, "f1": 0.5602800889829553}
{"round": 9, "loss": 0.047128627306222914, "accuracy": 0.5951, "preccision": 0.5910056282314692, "recall": 0.5951, "f1": 0.5818990903429986}
{"round": 10, "loss": 0.05853039749264717, "accuracy": 0.5955, "preccision": 0.5889814104953958, "recall": 0.5955, "f1": 0.5860391961280145}
{"round": 11, "loss": 0.07657797026634217, "accuracy": 0.5872, "preccision": 0.5830882395089141, "recall": 0.5872, "f1": 0.5795332756190694}
{"round": 12, "loss": 0.10243475252389908, "accuracy": 0.5789, "preccision": 0.5662856477079248, "recall": 0.5789, "f1": 0.5688426523273814}
{"round": 13, "loss": 0.13584092124700547, "accuracy": 0.5582, "preccision": 0.5496512862102663, "recall": 0.5582, "f1": 0.5520772517848056}
{"round": 14, "loss": 0.18370929071903228, "accuracy": 0.5409, "preccision": 0.5284256541939003, "recall": 0.5409, "f1": 0.5309300764603652}
{"round": 15, "loss": 0.23984996626377106, "accuracy": 0.5251, "preccision": 0.5161781113035773, "recall": 0.5251, "f1": 0.5188122962610189}
