{"loss": 0.07662586609522502, "accuracy": 0.1325}
{"loss": 0.07539087057113646, "accuracy": 0.16916666666666666}
{"loss": 0.07135997792085011, "accuracy": 0.23500000000000001}
{"loss": 0.07113394935925801, "accuracy": 0.2733333333333333}
{"loss": 0.09874207516511282, "accuracy": 0.3166666666666667}
{"loss": 0.1736011834939321, "accuracy": 0.3208333333333333}
{"loss": 0.3142057267824809, "accuracy": 0.31333333333333335}
{"loss": 0.5556263645490012, "accuracy": 0.2916666666666667}
{"loss": 0.9355757967631021, "accuracy": 0.2866666666666667}
{"loss": 1.5077248811721802, "accuracy": 0.2716666666666666}
{"loss": 2.3462969525655106, "accuracy": 0.25999999999999995}
{"loss": 3.52682694753011, "accuracy": 0.25583333333333336}
{"loss": 5.146463292439779, "accuracy": 0.255}
{"loss": 7.326747029622394, "accuracy": 0.2533333333333333}
{"loss": 10.183560295104979, "accuracy": 0.25166666666666665}
{"loss": 13.853198102315266, "accuracy": 0.24833333333333335}
{"loss": 18.46719930013021, "accuracy": 0.24666666666666673}
{"loss": 24.21637685139974, "accuracy": 0.25083333333333335}
{"loss": 31.278389027913413, "accuracy": 0.24916666666666668}
{"loss": 39.865350545247395, "accuracy": 0.25166666666666665}
