{"round": 0, "loss": 0.07212343354225159, "accuracy": 0.0957, "preccision": 0.0191419088177905, "recall": 0.0957, "f1": 0.029086461262943196}
{"round": 1, "loss": 0.07197971107959747, "accuracy": 0.1303, "preccision": 0.03898880357693494, "recall": 0.1303, "f1": 0.05016548597776941}
{"round": 2, "loss": 0.07107051961421966, "accuracy": 0.1621, "preccision": 0.17796766349385687, "recall": 0.1621, "f1": 0.0834634277276809}
{"round": 3, "loss": 0.06760162734985352, "accuracy": 0.2281, "preccision": 0.25293580515606173, "recall": 0.2281, "f1": 0.19175137007187903}
{"round": 4, "loss": 0.06682794971466065, "accuracy": 0.2895, "preccision": 0.2740696396341635, "recall": 0.2895, "f1": 0.26965013118840647}
{"round": 5, "loss": 0.09176298162937165, "accuracy": 0.3099, "preccision": 0.30346235455112147, "recall": 0.3099, "f1": 0.28732285380599165}
{"round": 6, "loss": 0.1601736710548401, "accuracy": 0.3124, "preccision": 0.31688030259788386, "recall": 0.3124, "f1": 0.2980586217410524}
{"round": 7, "loss": 0.28705598077774047, "accuracy": 0.308, "preccision": 0.31800636505705704, "recall": 0.308, "f1": 0.301558081415425}
{"round": 8, "loss": 0.5058120413303375, "accuracy": 0.2947, "preccision": 0.3035582953068719, "recall": 0.2947, "f1": 0.2900677868672934}
{"round": 9, "loss": 0.8520850959777833, "accuracy": 0.2868, "preccision": 0.2966402723333245, "recall": 0.2868, "f1": 0.2836410824102398}
{"round": 10, "loss": 1.3767003633499146, "accuracy": 0.2802, "preccision": 0.29113329257522336, "recall": 0.2802, "f1": 0.277732844226153}
{"round": 11, "loss": 2.1498603214263916, "accuracy": 0.2753, "preccision": 0.2887414586378676, "recall": 0.2753, "f1": 0.273358832445168}
{"round": 12, "loss": 3.229102927017212, "accuracy": 0.273, "preccision": 0.285534059240602, "recall": 0.273, "f1": 0.2700946969886337}
{"round": 13, "loss": 4.691252062988282, "accuracy": 0.2721, "preccision": 0.2840321558817367, "recall": 0.2721, "f1": 0.2689165577314223}
{"round": 14, "loss": 6.648452165222168, "accuracy": 0.2696, "preccision": 0.2800687500705831, "recall": 0.2696, "f1": 0.2660059117800308}
{"round": 15, "loss": 9.19022417755127, "accuracy": 0.2714, "preccision": 0.2817469211212071, "recall": 0.2714, "f1": 0.26808050574619613}
{"round": 16, "loss": 12.459056353759765, "accuracy": 0.2718, "preccision": 0.2829089693076782, "recall": 0.2718, "f1": 0.26855371666178046}
{"round": 17, "loss": 16.58242726135254, "accuracy": 0.2721, "preccision": 0.28427532304056297, "recall": 0.2721, "f1": 0.26966460330909137}
{"round": 18, "loss": 21.74178247375488, "accuracy": 0.2733, "preccision": 0.285124338074994, "recall": 0.2733, "f1": 0.2711294632984147}
{"round": 19, "loss": 28.108084701538086, "accuracy": 0.2741, "preccision": 0.28637081123064567, "recall": 0.2741, "f1": 0.27265205821677646}
{"round": 20, "loss": 35.85883555908203, "accuracy": 0.2734, "preccision": 0.2859745123363194, "recall": 0.2734, "f1": 0.27236938570979213}
