{"loss": 0.07633527020613354, "accuracy": 0.2066666666666667}
{"loss": 0.07580350478490194, "accuracy": 0.24583333333333335}
{"loss": 0.0747984798749288, "accuracy": 0.3583333333333334}
{"loss": 0.07315362175305684, "accuracy": 0.4083333333333333}
{"loss": 0.07049457927544911, "accuracy": 0.4774999999999999}
{"loss": 0.06659094353516895, "accuracy": 0.475}
{"loss": 0.061885888377825424, "accuracy": 0.51}
{"loss": 0.05726872086524963, "accuracy": 0.5058333333333334}
{"loss": 0.052820906738440185, "accuracy": 0.52}
{"loss": 0.049331460595130924, "accuracy": 0.55}
{"loss": 0.04676764448483785, "accuracy": 0.5483333333333333}
{"loss": 0.04363712385296822, "accuracy": 0.5741666666666667}
{"loss": 0.04198946659763654, "accuracy": 0.5933333333333333}
{"loss": 0.03966665903727214, "accuracy": 0.6041666666666666}
{"loss": 0.03820504208405813, "accuracy": 0.6224999999999999}
{"loss": 0.037006814479827885, "accuracy": 0.6399999999999999}
{"loss": 0.03551110391815503, "accuracy": 0.6466666666666667}
{"loss": 0.03482816015680631, "accuracy": 0.6558333333333334}
{"loss": 0.033816035340229665, "accuracy": 0.6566666666666667}
{"loss": 0.03262538860241572, "accuracy": 0.6858333333333333}
