{"round": 0, "loss": 0.07218380236625671, "accuracy": 0.0859}
{"round": 1, "loss": 0.07164187750816345, "accuracy": 0.2198}
{"round": 2, "loss": 0.0711269263267517, "accuracy": 0.248}
{"round": 3, "loss": 0.07015545651912689, "accuracy": 0.3704}
{"round": 4, "loss": 0.06853831188678741, "accuracy": 0.4125}
{"round": 5, "loss": 0.06597235474586487, "accuracy": 0.4867}
{"round": 6, "loss": 0.06219169148206711, "accuracy": 0.4866}
{"round": 7, "loss": 0.05760548747777939, "accuracy": 0.5164}
{"round": 8, "loss": 0.05316311709880829, "accuracy": 0.5087}
{"round": 9, "loss": 0.04893702729940414, "accuracy": 0.5143}
{"round": 10, "loss": 0.045540350830554965, "accuracy": 0.5464}
{"round": 11, "loss": 0.04311720809340477, "accuracy": 0.5342}
{"round": 12, "loss": 0.040166215139627454, "accuracy": 0.5717}
{"round": 13, "loss": 0.03865239036679268, "accuracy": 0.5872}
{"round": 14, "loss": 0.03662743598222733, "accuracy": 0.5932}
{"round": 15, "loss": 0.035288492143154146, "accuracy": 0.6099}
{"round": 16, "loss": 0.0342333723962307, "accuracy": 0.625}
{"round": 17, "loss": 0.033030358588695526, "accuracy": 0.6297}
{"round": 18, "loss": 0.03247719275951386, "accuracy": 0.6404}
{"round": 19, "loss": 0.031728482723236084, "accuracy": 0.6407}
{"round": 20, "loss": 0.030569403237104414, "accuracy": 0.6677}
