{"loss": 0.07652471880118053, "accuracy": 0.15416666666666665}
{"loss": 0.07601759195327759, "accuracy": 0.15}
{"loss": 0.0744284548362096, "accuracy": 0.2816666666666667}
{"loss": 0.07029370456933974, "accuracy": 0.3416666666666667}
{"loss": 0.06240048448244732, "accuracy": 0.3641666666666667}
{"loss": 0.053064499894777926, "accuracy": 0.45500000000000007}
{"loss": 0.0493251087764899, "accuracy": 0.5216666666666666}
{"loss": 0.05202098200718562, "accuracy": 0.5491666666666666}
{"loss": 0.06331242665648461, "accuracy": 0.5733333333333334}
{"loss": 0.0825609154999256, "accuracy": 0.5700000000000001}
{"loss": 0.11181096201141676, "accuracy": 0.5599999999999999}
{"loss": 0.1537799796462059, "accuracy": 0.5441666666666667}
{"loss": 0.2119279597202937, "accuracy": 0.5225}
{"loss": 0.2889722220102946, "accuracy": 0.5016666666666667}
{"loss": 0.39130730311075845, "accuracy": 0.48999999999999994}
{"loss": 0.5239472365379334, "accuracy": 0.47916666666666663}
{"loss": 0.6911861578623454, "accuracy": 0.4691666666666666}
{"loss": 0.9006781792640686, "accuracy": 0.45750000000000013}
{"loss": 1.158309121131897, "accuracy": 0.44833333333333336}
{"loss": 1.474315439860026, "accuracy": 0.44416666666666665}
