{"round": 0, "loss": 0.07210985743999482, "accuracy": 0.1213, "preccision": 0.03753566603846442, "recall": 0.1213, "f1": 0.042972211694337376}
{"round": 1, "loss": 0.07182037057876586, "accuracy": 0.1574, "preccision": 0.16129010498511578, "recall": 0.1574, "f1": 0.06672878560652076}
{"round": 2, "loss": 0.07137065663337708, "accuracy": 0.1542, "preccision": 0.12817050650245587, "recall": 0.1542, "f1": 0.07212874876740202}
{"round": 3, "loss": 0.06995843155384064, "accuracy": 0.2871, "preccision": 0.305895411743749, "recall": 0.2871, "f1": 0.18618685474975627}
{"round": 4, "loss": 0.06617349764108658, "accuracy": 0.3186, "preccision": 0.427111775554394, "recall": 0.3186, "f1": 0.21946006706324706}
{"round": 5, "loss": 0.059064917767047885, "accuracy": 0.3415, "preccision": 0.47863099203591236, "recall": 0.3415, "f1": 0.26579230968039586}
{"round": 6, "loss": 0.050816229677200314, "accuracy": 0.4376, "preccision": 0.47882377154175626, "recall": 0.4376, "f1": 0.3767357606788114}
{"round": 7, "loss": 0.0476220437169075, "accuracy": 0.5075, "preccision": 0.506526160035966, "recall": 0.5075, "f1": 0.4593898251876087}
{"round": 8, "loss": 0.05012144400477409, "accuracy": 0.5475, "preccision": 0.5260577220611741, "recall": 0.5475, "f1": 0.5145657839369641}
{"round": 9, "loss": 0.06082235494852066, "accuracy": 0.5586, "preccision": 0.5365306541164231, "recall": 0.5586, "f1": 0.5345525462971201}
{"round": 10, "loss": 0.07896040124893189, "accuracy": 0.5522, "preccision": 0.5330586259482012, "recall": 0.5522, "f1": 0.5338683076765738}
{"round": 11, "loss": 0.10632846015095711, "accuracy": 0.5433, "preccision": 0.527354447235522, "recall": 0.5433, "f1": 0.529116245293259}
{"round": 12, "loss": 0.14561652480363846, "accuracy": 0.531, "preccision": 0.5170429163050264, "recall": 0.531, "f1": 0.5190474799318937}
{"round": 13, "loss": 0.19962342190742494, "accuracy": 0.5186, "preccision": 0.5082390176668272, "recall": 0.5186, "f1": 0.508615064184003}
{"round": 14, "loss": 0.2705498985528946, "accuracy": 0.5102, "preccision": 0.4993289487535536, "recall": 0.5102, "f1": 0.5009052852965401}
{"round": 15, "loss": 0.36445484733581546, "accuracy": 0.4979, "preccision": 0.48719544550111876, "recall": 0.4979, "f1": 0.4892466944620649}
{"round": 16, "loss": 0.48529726548194885, "accuracy": 0.4855, "preccision": 0.47690858379827267, "recall": 0.4855, "f1": 0.47836577259516244}
{"round": 17, "loss": 0.638371594619751, "accuracy": 0.4725, "preccision": 0.46382461693631055, "recall": 0.4725, "f1": 0.465796716334712}
{"round": 18, "loss": 0.8303234823226928, "accuracy": 0.4598, "preccision": 0.451605895009797, "recall": 0.4598, "f1": 0.4534144246817472}
{"round": 19, "loss": 1.0650064040184022, "accuracy": 0.4511, "preccision": 0.4422864195700291, "recall": 0.4511, "f1": 0.4447550006422791}
{"round": 20, "loss": 1.3540255084991455, "accuracy": 0.444, "preccision": 0.43599092715840754, "recall": 0.444, "f1": 0.4380302001293775}
