{"loss": 0.07634205222129822, "accuracy": 0.19916666666666666}
{"loss": 0.0756572969754537, "accuracy": 0.15583333333333332}
{"loss": 0.07391909301280974, "accuracy": 0.29750000000000004}
{"loss": 0.07073064982891082, "accuracy": 0.34249999999999997}
{"loss": 0.06469650973876319, "accuracy": 0.41416666666666674}
{"loss": 0.05715273052453994, "accuracy": 0.4583333333333333}
{"loss": 0.04858060787121455, "accuracy": 0.5141666666666665}
{"loss": 0.0437594506641229, "accuracy": 0.5599999999999999}
{"loss": 0.043499043186505645, "accuracy": 0.5866666666666667}
{"loss": 0.0515533623099327, "accuracy": 0.5900000000000001}
{"loss": 0.0645682182908058, "accuracy": 0.5808333333333333}
{"loss": 0.07714982062578202, "accuracy": 0.5974999999999999}
{"loss": 0.10553876390059788, "accuracy": 0.5683333333333332}
{"loss": 0.15130308588345845, "accuracy": 0.5399999999999999}
{"loss": 0.18596758355696996, "accuracy": 0.5425}
{"loss": 0.2545767209927241, "accuracy": 0.5091666666666665}
{"loss": 0.32355900009473165, "accuracy": 0.5033333333333333}
{"loss": 0.3932059184710185, "accuracy": 0.49083333333333334}
{"loss": 0.5421952656904856, "accuracy": 0.4733333333333333}
{"loss": 0.6705584573745728, "accuracy": 0.46416666666666667}
