{"round": 0, "loss": 0.07218380236625671, "accuracy": 0.0859, "preccision": 0.017529694651803568, "recall": 0.0859, "f1": 0.019027111094346374}
{"round": 1, "loss": 0.07166452281475068, "accuracy": 0.1932, "preccision": 0.1058748127832812, "recall": 0.1932, "f1": 0.1010552004615516}
{"round": 2, "loss": 0.07102618501186371, "accuracy": 0.148, "preccision": 0.19659297760410788, "recall": 0.148, "f1": 0.05704882546135185}
{"round": 3, "loss": 0.06959322922229767, "accuracy": 0.2876, "preccision": 0.33867474096580885, "recall": 0.2876, "f1": 0.21250665980903036}
{"round": 4, "loss": 0.06663893078565597, "accuracy": 0.3463, "preccision": 0.391984001661047, "recall": 0.3463, "f1": 0.2550527423890063}
{"round": 5, "loss": 0.06133962757587433, "accuracy": 0.4094, "preccision": 0.42937900730902373, "recall": 0.4094, "f1": 0.33085612195843844}
{"round": 6, "loss": 0.05302434126138687, "accuracy": 0.4745, "preccision": 0.5001588163521472, "recall": 0.4745, "f1": 0.41405390069102976}
{"round": 7, "loss": 0.045929816138744355, "accuracy": 0.5051, "preccision": 0.521890063022841, "recall": 0.5051, "f1": 0.4527850546377672}
{"round": 8, "loss": 0.04121257133483887, "accuracy": 0.5481, "preccision": 0.5367765076716934, "recall": 0.5481, "f1": 0.5180129227117269}
{"round": 9, "loss": 0.04145609545111656, "accuracy": 0.5769, "preccision": 0.5656311979048699, "recall": 0.5769, "f1": 0.5568684846241256}
{"round": 10, "loss": 0.04810993345975876, "accuracy": 0.5811, "preccision": 0.5726910854418458, "recall": 0.5811, "f1": 0.5662908083334555}
{"round": 11, "loss": 0.05734204913973808, "accuracy": 0.5871, "preccision": 0.5780227912218304, "recall": 0.5871, "f1": 0.5780161999627096}
{"round": 12, "loss": 0.07408216100931167, "accuracy": 0.5801, "preccision": 0.5759824414318503, "recall": 0.5801, "f1": 0.5744888537155862}
{"round": 13, "loss": 0.09911584780216218, "accuracy": 0.5665, "preccision": 0.5669122905265632, "recall": 0.5665, "f1": 0.56076685158011}
{"round": 14, "loss": 0.12817325168848037, "accuracy": 0.551, "preccision": 0.5514541671792633, "recall": 0.551, "f1": 0.5488703632873305}
{"round": 15, "loss": 0.17131328701972962, "accuracy": 0.5331, "preccision": 0.5361098376449464, "recall": 0.5331, "f1": 0.5316185132154735}
{"round": 16, "loss": 0.2243984233856201, "accuracy": 0.5196, "preccision": 0.521217311689976, "recall": 0.5196, "f1": 0.5176700133884601}
{"round": 17, "loss": 0.29246428577899936, "accuracy": 0.5063, "preccision": 0.505668312122351, "recall": 0.5063, "f1": 0.5033844238309266}
{"round": 18, "loss": 0.37327090058326723, "accuracy": 0.4939, "preccision": 0.49263223239542575, "recall": 0.4939, "f1": 0.491618646197129}
{"round": 19, "loss": 0.47877288837432863, "accuracy": 0.481, "preccision": 0.48545552100715234, "recall": 0.481, "f1": 0.4791582800402572}
{"round": 20, "loss": 0.5972640370368958, "accuracy": 0.473, "preccision": 0.47625856088188473, "recall": 0.473, "f1": 0.47219984091631884}
