{"loss": 0.07651408294836681, "accuracy": 0.15333333333333335}
{"loss": 0.07608240882555643, "accuracy": 0.18416666666666667}
{"loss": 0.07507687906424206, "accuracy": 0.24}
{"loss": 0.0725847550233205, "accuracy": 0.3808333333333333}
{"loss": 0.06748506814241409, "accuracy": 0.37916666666666665}
{"loss": 0.05915248692035675, "accuracy": 0.41666666666666663}
{"loss": 0.05001912077267965, "accuracy": 0.48916666666666664}
{"loss": 0.0438577397664388, "accuracy": 0.5466666666666666}
{"loss": 0.04096739674607912, "accuracy": 0.5933333333333334}
{"loss": 0.04334877779086431, "accuracy": 0.615}
{"loss": 0.04983012984196346, "accuracy": 0.6233333333333334}
{"loss": 0.06005229855577152, "accuracy": 0.6233333333333333}
{"loss": 0.0736912148197492, "accuracy": 0.6283333333333332}
{"loss": 0.09193542808294294, "accuracy": 0.6283333333333333}
{"loss": 0.11674090107282002, "accuracy": 0.6058333333333334}
{"loss": 0.14776735057433446, "accuracy": 0.5908333333333332}
{"loss": 0.18677493095397948, "accuracy": 0.5775}
{"loss": 0.23632984558741255, "accuracy": 0.5683333333333332}
{"loss": 0.29788170834382377, "accuracy": 0.55}
{"loss": 0.3723064653078715, "accuracy": 0.5375}
