{"round": 0, "loss": 0.07210985743999482, "accuracy": 0.1213, "preccision": 0.03753566603846442, "recall": 0.1213, "f1": 0.042972211694337376}
{"round": 1, "loss": 0.07180263929367066, "accuracy": 0.1594, "preccision": 0.049704811153295524, "recall": 0.1594, "f1": 0.06834890955167386}
{"round": 2, "loss": 0.0714116005897522, "accuracy": 0.1899, "preccision": 0.19230885456981392, "recall": 0.1899, "f1": 0.10607496311019925}
{"round": 3, "loss": 0.07050866088867187, "accuracy": 0.2375, "preccision": 0.44600024817978967, "recall": 0.2375, "f1": 0.16222837579648017}
{"round": 4, "loss": 0.06819360995292664, "accuracy": 0.3734, "preccision": 0.45858110405967534, "recall": 0.3734, "f1": 0.26066521187445385}
{"round": 5, "loss": 0.06343202658891678, "accuracy": 0.3732, "preccision": 0.566419168081434, "recall": 0.3732, "f1": 0.2871992963408381}
{"round": 6, "loss": 0.0557598014831543, "accuracy": 0.401, "preccision": 0.5264720570293695, "recall": 0.401, "f1": 0.33286434490853045}
{"round": 7, "loss": 0.04751125478744507, "accuracy": 0.4802, "preccision": 0.5266311754991035, "recall": 0.4802, "f1": 0.4284933775761717}
{"round": 8, "loss": 0.042110089111328124, "accuracy": 0.5421, "preccision": 0.5515927429317374, "recall": 0.5421, "f1": 0.49392344545676914}
{"round": 9, "loss": 0.03952629529237747, "accuracy": 0.593, "preccision": 0.574901053412067, "recall": 0.593, "f1": 0.5548994903758806}
{"round": 10, "loss": 0.041608020862936974, "accuracy": 0.6175, "preccision": 0.5967269272375124, "recall": 0.6175, "f1": 0.5882685356541819}
{"round": 11, "loss": 0.04736067335605621, "accuracy": 0.6238, "preccision": 0.6041026436747094, "recall": 0.6238, "f1": 0.6007313669552402}
{"round": 12, "loss": 0.05650037331283093, "accuracy": 0.6237, "preccision": 0.6054027441850407, "recall": 0.6237, "f1": 0.6046423010493289}
{"round": 13, "loss": 0.06888536123931407, "accuracy": 0.6223, "preccision": 0.6081155975244518, "recall": 0.6223, "f1": 0.6076551651020079}
{"round": 14, "loss": 0.08553495002686977, "accuracy": 0.6148, "preccision": 0.6022802007530553, "recall": 0.6148, "f1": 0.6030965193556717}
{"round": 15, "loss": 0.10759841685891151, "accuracy": 0.6031, "preccision": 0.5929579232021179, "recall": 0.6031, "f1": 0.5935054525273183}
{"round": 16, "loss": 0.13577666276693345, "accuracy": 0.5946, "preccision": 0.5841987904664065, "recall": 0.5946, "f1": 0.5854460351917149}
{"round": 17, "loss": 0.17142665359973908, "accuracy": 0.5847, "preccision": 0.5747009203127371, "recall": 0.5847, "f1": 0.5759907112163506}
{"round": 18, "loss": 0.21616484687328338, "accuracy": 0.5742, "preccision": 0.5654632260962825, "recall": 0.5742, "f1": 0.5664386408293065}
{"round": 19, "loss": 0.271044466137886, "accuracy": 0.5624, "preccision": 0.553608104618161, "recall": 0.5624, "f1": 0.5547016903189931}
{"round": 20, "loss": 0.33710842242240907, "accuracy": 0.5509, "preccision": 0.5419486025827192, "recall": 0.5509, "f1": 0.5434425164885279}
