{"loss": 0.07673171351353326, "accuracy": 0.12291666666666667}
{"loss": 0.07656159023443859, "accuracy": 0.12583333333333332}
{"loss": 0.07638443370660145, "accuracy": 0.15125}
{"loss": 0.07616884966691337, "accuracy": 0.1833333333333333}
{"loss": 0.07584588607152302, "accuracy": 0.23916666666666667}
{"loss": 0.07527859965960186, "accuracy": 0.2783333333333334}
{"loss": 0.07423822065194446, "accuracy": 0.36}
{"loss": 0.07243356158336003, "accuracy": 0.45791666666666664}
{"loss": 0.06952134023110071, "accuracy": 0.5129166666666667}
{"loss": 0.06502705976366996, "accuracy": 0.5829166666666665}
{"loss": 0.05910779833793639, "accuracy": 0.6383333333333334}
{"loss": 0.05212254509329796, "accuracy": 0.6604166666666667}
{"loss": 0.04512988607088724, "accuracy": 0.6962500000000001}
{"loss": 0.03936760383347671, "accuracy": 0.6845833333333334}
{"loss": 0.03476429268717765, "accuracy": 0.7054166666666666}
{"loss": 0.03131653177241484, "accuracy": 0.7200000000000001}
{"loss": 0.02857837018867334, "accuracy": 0.7412499999999999}
{"loss": 0.027029100743432836, "accuracy": 0.7433333333333332}
{"loss": 0.025773564564685027, "accuracy": 0.7529166666666666}
{"loss": 0.024416263649861016, "accuracy": 0.76625}
