{"round": 0, "loss": 0.07228001170158387, "accuracy": 0.1135}
{"round": 1, "loss": 0.07205229735374451, "accuracy": 0.1135}
{"round": 2, "loss": 0.0718886069059372, "accuracy": 0.116}
{"round": 3, "loss": 0.07171816010475159, "accuracy": 0.1423}
{"round": 4, "loss": 0.07151140053272248, "accuracy": 0.1746}
{"round": 5, "loss": 0.07120291790962219, "accuracy": 0.2411}
{"round": 6, "loss": 0.07066173281669617, "accuracy": 0.2852}
{"round": 7, "loss": 0.06967456381320954, "accuracy": 0.3683}
{"round": 8, "loss": 0.06796202762126922, "accuracy": 0.4641}
{"round": 9, "loss": 0.0652171087861061, "accuracy": 0.5182}
{"round": 10, "loss": 0.06096893461942673, "accuracy": 0.5799}
{"round": 11, "loss": 0.055325674045085906, "accuracy": 0.6431}
{"round": 12, "loss": 0.04871847581863403, "accuracy": 0.6618}
{"round": 13, "loss": 0.042035938346385956, "accuracy": 0.6929}
{"round": 14, "loss": 0.036551062536239624, "accuracy": 0.6857}
{"round": 15, "loss": 0.032218869894742964, "accuracy": 0.7016}
{"round": 16, "loss": 0.02898030064702034, "accuracy": 0.7167}
{"round": 17, "loss": 0.026374211660027503, "accuracy": 0.741}
{"round": 18, "loss": 0.024917448607087136, "accuracy": 0.7485}
{"round": 19, "loss": 0.023699539223313332, "accuracy": 0.7587}
{"round": 20, "loss": 0.022410252767801286, "accuracy": 0.7741}
