{"loss": 0.07646465023358665, "accuracy": 0.13916666666666666}
{"loss": 0.07504896382490793, "accuracy": 0.1875}
{"loss": 0.07190428614616394, "accuracy": 0.25666666666666665}
{"loss": 0.07056227644284566, "accuracy": 0.30333333333333334}
{"loss": 0.09387424667676289, "accuracy": 0.37249999999999994}
{"loss": 0.16453626096248627, "accuracy": 0.39}
{"loss": 0.30561352570851646, "accuracy": 0.3791666666666666}
{"loss": 0.5514163092772166, "accuracy": 0.37250000000000005}
{"loss": 0.9480012265841165, "accuracy": 0.3641666666666667}
{"loss": 1.5531813700993855, "accuracy": 0.3541666666666667}
{"loss": 2.4368114217122394, "accuracy": 0.34500000000000003}
{"loss": 3.69750394821167, "accuracy": 0.3350000000000001}
{"loss": 5.4394952519734705, "accuracy": 0.3275}
{"loss": 7.765484237670897, "accuracy": 0.32000000000000006}
{"loss": 10.832973620096842, "accuracy": 0.3166666666666667}
{"loss": 14.821005071004233, "accuracy": 0.32166666666666666}
{"loss": 19.912973709106446, "accuracy": 0.31916666666666665}
{"loss": 26.324211247762044, "accuracy": 0.32}
{"loss": 34.28334981282552, "accuracy": 0.32166666666666666}
{"loss": 44.01978088378907, "accuracy": 0.32083333333333336}
