{"round": 0, "loss": 0.07210463590621949, "accuracy": 0.0953, "preccision": 0.08720333535537352, "recall": 0.0953, "f1": 0.06449457672192811}
{"round": 1, "loss": 0.07181347143650055, "accuracy": 0.1389, "preccision": 0.06335428149314713, "recall": 0.1389, "f1": 0.064744682340234}
{"round": 2, "loss": 0.07042426271438598, "accuracy": 0.1969, "preccision": 0.18085047062451953, "recall": 0.1969, "f1": 0.1094162290503989}
{"round": 3, "loss": 0.06759637049436569, "accuracy": 0.2617, "preccision": 0.22173768191236204, "recall": 0.2617, "f1": 0.1856700692394008}
{"round": 4, "loss": 0.06614983605146409, "accuracy": 0.3173, "preccision": 0.3300690723343148, "recall": 0.3173, "f1": 0.29407785261930014}
{"round": 5, "loss": 0.08942595138549805, "accuracy": 0.3768, "preccision": 0.36035245408932637, "recall": 0.3768, "f1": 0.3555874912581979}
{"round": 6, "loss": 0.15736612946987152, "accuracy": 0.3848, "preccision": 0.374606093584106, "recall": 0.3848, "f1": 0.3732201872551074}
{"round": 7, "loss": 0.2909327303409576, "accuracy": 0.3749, "preccision": 0.37339614625780415, "recall": 0.3749, "f1": 0.36826270831512836}
{"round": 8, "loss": 0.521012790107727, "accuracy": 0.3615, "preccision": 0.3676133075574726, "recall": 0.3615, "f1": 0.3580140743417732}
{"round": 9, "loss": 0.8908433959960937, "accuracy": 0.3517, "preccision": 0.3622791916696934, "recall": 0.3517, "f1": 0.34975751502098074}
{"round": 10, "loss": 1.452637964439392, "accuracy": 0.3461, "preccision": 0.3596897069649255, "recall": 0.3461, "f1": 0.3449812561166254}
{"round": 11, "loss": 2.2754194915771486, "accuracy": 0.3385, "preccision": 0.35139282111198483, "recall": 0.3385, "f1": 0.3372538148394938}
{"round": 12, "loss": 3.440604867553711, "accuracy": 0.3333, "preccision": 0.34743682387100505, "recall": 0.3333, "f1": 0.3318640591431686}
{"round": 13, "loss": 5.04729358291626, "accuracy": 0.329, "preccision": 0.34415739666647194, "recall": 0.329, "f1": 0.3270390197651023}
{"round": 14, "loss": 7.195858441925049, "accuracy": 0.3272, "preccision": 0.3416000780769047, "recall": 0.3272, "f1": 0.32446538369761097}
{"round": 15, "loss": 10.03800482635498, "accuracy": 0.3245, "preccision": 0.3393212221661673, "recall": 0.3245, "f1": 0.3218556433798757}
{"round": 16, "loss": 13.7138859375, "accuracy": 0.3212, "preccision": 0.3363871234264956, "recall": 0.3212, "f1": 0.31900975959011757}
{"round": 17, "loss": 18.401690811157227, "accuracy": 0.3186, "preccision": 0.334203601195328, "recall": 0.3186, "f1": 0.3166103535212597}
{"round": 18, "loss": 24.3050792388916, "accuracy": 0.3184, "preccision": 0.3344385566624639, "recall": 0.3184, "f1": 0.3165352262775117}
{"round": 19, "loss": 31.62245188598633, "accuracy": 0.3181, "preccision": 0.3351289147841721, "recall": 0.3181, "f1": 0.31642262850560676}
{"round": 20, "loss": 40.56190771484375, "accuracy": 0.3147, "preccision": 0.33221492759892246, "recall": 0.3147, "f1": 0.31332842859999016}
