{"loss": 0.07642418762048087, "accuracy": 0.09833333333333334}
{"loss": 0.07469371696313223, "accuracy": 0.1683333333333333}
{"loss": 0.07265907694896061, "accuracy": 0.20749999999999996}
{"loss": 0.07366156092396488, "accuracy": 0.2898148148148148}
{"loss": 0.1049728344877561, "accuracy": 0.32916666666666666}
{"loss": 0.17801208953062692, "accuracy": 0.3358333333333333}
{"loss": 0.31444923241933187, "accuracy": 0.3283333333333333}
{"loss": 0.5486732319990792, "accuracy": 0.32166666666666666}
{"loss": 0.9347855401039122, "accuracy": 0.31166666666666665}
{"loss": 1.5313974905014036, "accuracy": 0.29333333333333333}
{"loss": 2.410816354751587, "accuracy": 0.2816666666666667}
{"loss": 3.6393185551961267, "accuracy": 0.2791666666666667}
{"loss": 5.3234156990051265, "accuracy": 0.2708333333333333}
{"loss": 7.585139859517414, "accuracy": 0.2625}
{"loss": 10.549483248392741, "accuracy": 0.26000000000000006}
{"loss": 14.387058003743487, "accuracy": 0.25083333333333335}
{"loss": 19.26177655537923, "accuracy": 0.25}
{"loss": 25.377754338582356, "accuracy": 0.2525}
{"loss": 32.95076746622721, "accuracy": 0.25416666666666665}
{"loss": 42.1980133565267, "accuracy": 0.25166666666666665}
