{"round": 0, "loss": 0.07214015040397644, "accuracy": 0.0988, "preccision": 0.05287489032142538, "recall": 0.0988, "f1": 0.022887375648145417}
{"round": 1, "loss": 0.07179670739173889, "accuracy": 0.0995, "preccision": 0.02452246848731643, "recall": 0.0995, "f1": 0.020445321645302682}
{"round": 2, "loss": 0.06997157254219055, "accuracy": 0.1796, "preccision": 0.18076421910140303, "recall": 0.1796, "f1": 0.10988582826451924}
{"round": 3, "loss": 0.06748134216070176, "accuracy": 0.2217, "preccision": 0.24765839412209995, "recall": 0.2217, "f1": 0.1846655052202999}
{"round": 4, "loss": 0.06667252056598663, "accuracy": 0.3083, "preccision": 0.30229559928157934, "recall": 0.3083, "f1": 0.28428995491228104}
{"round": 5, "loss": 0.09231852786540985, "accuracy": 0.3474, "preccision": 0.32264365877850626, "recall": 0.3474, "f1": 0.32806020971313476}
{"round": 6, "loss": 0.15730340120792388, "accuracy": 0.3617, "preccision": 0.34700426460011774, "recall": 0.3617, "f1": 0.34778259432186753}
{"round": 7, "loss": 0.2823376217842102, "accuracy": 0.3618, "preccision": 0.3582542348960734, "recall": 0.3618, "f1": 0.35385245112187524}
{"round": 8, "loss": 0.49665838737487794, "accuracy": 0.3501, "preccision": 0.3511854805279435, "recall": 0.3501, "f1": 0.34582415989268567}
{"round": 9, "loss": 0.8439452177047729, "accuracy": 0.3338, "preccision": 0.34350399692870276, "recall": 0.3338, "f1": 0.3335252421286284}
{"round": 10, "loss": 1.3803366899490357, "accuracy": 0.322, "preccision": 0.3349007047307541, "recall": 0.322, "f1": 0.3234033953878977}
{"round": 11, "loss": 2.1733484825134277, "accuracy": 0.3055, "preccision": 0.32199321866895164, "recall": 0.3055, "f1": 0.30840119252790654}
{"round": 12, "loss": 3.290089728927612, "accuracy": 0.2977, "preccision": 0.31556832616493397, "recall": 0.2977, "f1": 0.3012969924251393}
{"round": 13, "loss": 4.82711067276001, "accuracy": 0.2908, "preccision": 0.31021764020661374, "recall": 0.2908, "f1": 0.29516417170071835}
{"round": 14, "loss": 6.8907409759521485, "accuracy": 0.2865, "preccision": 0.30565827423684805, "recall": 0.2865, "f1": 0.29055158627944233}
{"round": 15, "loss": 9.610236415100097, "accuracy": 0.2838, "preccision": 0.30351960629181385, "recall": 0.2838, "f1": 0.2876573739800224}
{"round": 16, "loss": 13.134195281982421, "accuracy": 0.2817, "preccision": 0.3013101282541064, "recall": 0.2817, "f1": 0.2854867645184074}
{"round": 17, "loss": 17.603136865234376, "accuracy": 0.2781, "preccision": 0.2985919986521352, "recall": 0.2781, "f1": 0.2823838605150172}
{"round": 18, "loss": 23.200623815917968, "accuracy": 0.2751, "preccision": 0.29662504033828696, "recall": 0.2751, "f1": 0.2798223219699483}
{"round": 19, "loss": 30.143182159423827, "accuracy": 0.2749, "preccision": 0.2970818209035759, "recall": 0.2749, "f1": 0.2798961487902822}
{"round": 20, "loss": 38.61189253540039, "accuracy": 0.2727, "preccision": 0.29457489247770297, "recall": 0.2727, "f1": 0.27790074204208176}
