{"loss": 0.07657993336518606, "accuracy": 0.16249999999999998}
{"loss": 0.07599772910277049, "accuracy": 0.2583333333333333}
{"loss": 0.07482725779215495, "accuracy": 0.3125}
{"loss": 0.07306036849816641, "accuracy": 0.2833333333333333}
{"loss": 0.0705402394135793, "accuracy": 0.3416666666666667}
{"loss": 0.06728998472293218, "accuracy": 0.375}
{"loss": 0.06290913373231888, "accuracy": 0.43333333333333335}
{"loss": 0.05825205097595851, "accuracy": 0.4583333333333333}
{"loss": 0.05394913653532664, "accuracy": 0.4916666666666667}
{"loss": 0.04957977533340454, "accuracy": 0.575}
{"loss": 0.04775747060775756, "accuracy": 0.5625}
{"loss": 0.044453456004460656, "accuracy": 0.5916666666666667}
{"loss": 0.04455034683148067, "accuracy": 0.5791666666666666}
{"loss": 0.04112906754016876, "accuracy": 0.6125}
{"loss": 0.038029983391364416, "accuracy": 0.6375}
{"loss": 0.03829205334186554, "accuracy": 0.6291666666666667}
{"loss": 0.03550563851992289, "accuracy": 0.6333333333333333}
{"loss": 0.034361524134874345, "accuracy": 0.6875}
{"loss": 0.033927534023920694, "accuracy": 0.6625000000000001}
{"loss": 0.034389106680949535, "accuracy": 0.6499999999999999}
