{"round": 0, "loss": 0.07218380236625671, "accuracy": 0.0859}
{"round": 1, "loss": 0.07172932040691375, "accuracy": 0.1488}
{"round": 2, "loss": 0.07110693557262421, "accuracy": 0.2811}
{"round": 3, "loss": 0.06990595579147339, "accuracy": 0.3489}
{"round": 4, "loss": 0.06794835183620453, "accuracy": 0.3485}
{"round": 5, "loss": 0.06509810351133347, "accuracy": 0.3898}
{"round": 6, "loss": 0.061283594357967375, "accuracy": 0.4252}
{"round": 7, "loss": 0.05658197849988937, "accuracy": 0.4606}
{"round": 8, "loss": 0.05169460636377335, "accuracy": 0.4965}
{"round": 9, "loss": 0.047335446274280546, "accuracy": 0.5337}
{"round": 10, "loss": 0.043429660654067996, "accuracy": 0.568}
{"round": 11, "loss": 0.04125635691285133, "accuracy": 0.5841}
{"round": 12, "loss": 0.03834645266532898, "accuracy": 0.5932}
{"round": 13, "loss": 0.037726856178045276, "accuracy": 0.5953}
{"round": 14, "loss": 0.03538578910827637, "accuracy": 0.609}
{"round": 15, "loss": 0.03311640204787254, "accuracy": 0.6522}
{"round": 16, "loss": 0.03267703981399536, "accuracy": 0.6458}
{"round": 17, "loss": 0.030869850993156433, "accuracy": 0.6657}
{"round": 18, "loss": 0.029253218680620193, "accuracy": 0.6838}
{"round": 19, "loss": 0.028783976724743844, "accuracy": 0.6815}
{"round": 20, "loss": 0.030223603481054306, "accuracy": 0.6681}
