{"loss": 0.07631173491477967, "accuracy": 0.17833333333333332}
{"loss": 0.07524577518304187, "accuracy": 0.2783333333333334}
{"loss": 0.0725929001967112, "accuracy": 0.3524999999999999}
{"loss": 0.0665462640921275, "accuracy": 0.44666666666666666}
{"loss": 0.055937233666578934, "accuracy": 0.5183333333333333}
{"loss": 0.04501931324601173, "accuracy": 0.5741666666666666}
{"loss": 0.04204568127791087, "accuracy": 0.595}
{"loss": 0.046334491223096845, "accuracy": 0.6158333333333333}
{"loss": 0.057865415563186015, "accuracy": 0.6199999999999999}
{"loss": 0.07777174254258473, "accuracy": 0.6183333333333333}
{"loss": 0.1077960448960463, "accuracy": 0.5983333333333333}
{"loss": 0.15011470595995585, "accuracy": 0.58}
{"loss": 0.207834963897864, "accuracy": 0.5666666666666667}
{"loss": 0.28258480270703634, "accuracy": 0.5525}
{"loss": 0.37874140818913776, "accuracy": 0.5325}
{"loss": 0.5012759212652842, "accuracy": 0.5241666666666667}
{"loss": 0.6554249334335328, "accuracy": 0.5149999999999999}
{"loss": 0.8465929524103801, "accuracy": 0.5058333333333332}
{"loss": 1.076481800079346, "accuracy": 0.4958333333333334}
{"loss": 1.3512316846847536, "accuracy": 0.4916666666666667}
