{"round": 0, "loss": 0.07218380236625671, "accuracy": 0.0859, "preccision": 0.017529694651803568, "recall": 0.0859, "f1": 0.019027111094346374}
{"round": 1, "loss": 0.07162398624420166, "accuracy": 0.1938, "preccision": 0.12201152395404043, "recall": 0.1938, "f1": 0.09612362718334268}
{"round": 2, "loss": 0.07061472682952881, "accuracy": 0.28, "preccision": 0.28109709707363695, "recall": 0.28, "f1": 0.1694839103855744}
{"round": 3, "loss": 0.06808398606777191, "accuracy": 0.3424, "preccision": 0.39037960513240955, "recall": 0.3424, "f1": 0.26739619896484723}
{"round": 4, "loss": 0.06237782970666885, "accuracy": 0.4436, "preccision": 0.5439877873397085, "recall": 0.4436, "f1": 0.3893580988541838}
{"round": 5, "loss": 0.05251927454471588, "accuracy": 0.5267, "preccision": 0.5721889188412685, "recall": 0.5267, "f1": 0.48956244579636304}
{"round": 6, "loss": 0.042503623294830324, "accuracy": 0.5719, "preccision": 0.5807779971784376, "recall": 0.5719, "f1": 0.5383546846015307}
{"round": 7, "loss": 0.04016215077638626, "accuracy": 0.589, "preccision": 0.5818149680536557, "recall": 0.589, "f1": 0.5533127271620734}
{"round": 8, "loss": 0.04467185309529304, "accuracy": 0.6077, "preccision": 0.5870671826543088, "recall": 0.6077, "f1": 0.5779603169678034}
{"round": 9, "loss": 0.05585606698393822, "accuracy": 0.6129, "preccision": 0.5930917543204984, "recall": 0.6129, "f1": 0.5938981684708828}
{"round": 10, "loss": 0.07531582884192467, "accuracy": 0.6086, "preccision": 0.5924391582004906, "recall": 0.6086, "f1": 0.5949270274019066}
{"round": 11, "loss": 0.10460044090747833, "accuracy": 0.5956, "preccision": 0.5826897829424851, "recall": 0.5956, "f1": 0.5849505966080693}
{"round": 12, "loss": 0.14567434978485108, "accuracy": 0.5789, "preccision": 0.5698471882174925, "recall": 0.5789, "f1": 0.5710714341017076}
{"round": 13, "loss": 0.20131961979866028, "accuracy": 0.5603, "preccision": 0.554520007671546, "recall": 0.5603, "f1": 0.5545273609312403}
{"round": 14, "loss": 0.2731203095674515, "accuracy": 0.5442, "preccision": 0.5424812705013312, "recall": 0.5442, "f1": 0.5409542959236924}
{"round": 15, "loss": 0.365619634270668, "accuracy": 0.5312, "preccision": 0.5304701600411343, "recall": 0.5312, "f1": 0.5285550708143256}
{"round": 16, "loss": 0.4813122465610504, "accuracy": 0.5172, "preccision": 0.5195688569783442, "recall": 0.5172, "f1": 0.5162505662174692}
{"round": 17, "loss": 0.6254182075023651, "accuracy": 0.5057, "preccision": 0.5092281549576458, "recall": 0.5057, "f1": 0.5054943387957026}
{"round": 18, "loss": 0.8037915657043457, "accuracy": 0.4953, "preccision": 0.4988198021914005, "recall": 0.4953, "f1": 0.4951365592589769}
{"round": 19, "loss": 1.0189916495323181, "accuracy": 0.4876, "preccision": 0.4914271934560285, "recall": 0.4876, "f1": 0.4877566239688943}
{"round": 20, "loss": 1.2763096529006959, "accuracy": 0.4843, "preccision": 0.4885180272420317, "recall": 0.4843, "f1": 0.48480894164824156}
