{"loss": 0.07657211124897002, "accuracy": 0.11333333333333333}
{"loss": 0.07574189404646556, "accuracy": 0.18083333333333335}
{"loss": 0.07366460998853047, "accuracy": 0.20583333333333337}
{"loss": 0.06860428253809611, "accuracy": 0.40249999999999997}
{"loss": 0.05926210890213648, "accuracy": 0.4866666666666667}
{"loss": 0.048584017554918923, "accuracy": 0.5391666666666668}
{"loss": 0.043909654865662257, "accuracy": 0.5608333333333333}
{"loss": 0.04762910435597102, "accuracy": 0.5733333333333335}
{"loss": 0.060230680058399835, "accuracy": 0.5758333333333334}
{"loss": 0.08194954395294188, "accuracy": 0.5675}
{"loss": 0.11421066333850224, "accuracy": 0.5625000000000001}
{"loss": 0.15977000186840692, "accuracy": 0.5491666666666667}
{"loss": 0.22223611036936441, "accuracy": 0.5258333333333334}
{"loss": 0.30644064863522846, "accuracy": 0.515}
{"loss": 0.41544434309005734, "accuracy": 0.5066666666666667}
{"loss": 0.5545195794105531, "accuracy": 0.49833333333333335}
{"loss": 0.7316235597928364, "accuracy": 0.49333333333333335}
{"loss": 0.9484293158849081, "accuracy": 0.4849999999999999}
{"loss": 1.2145540912946067, "accuracy": 0.4758333333333333}
{"loss": 1.5379527139663698, "accuracy": 0.47250000000000003}
