{"round": 0, "loss": 0.07225919997692108, "accuracy": 0.09, "preccision": 0.01089712700949516, "recall": 0.09, "f1": 0.01639690578512015}
{"round": 1, "loss": 0.07185369637012481, "accuracy": 0.1231, "preccision": 0.198315495540377, "recall": 0.1231, "f1": 0.05383324626020412}
{"round": 2, "loss": 0.0710900951385498, "accuracy": 0.1756, "preccision": 0.1577524428208051, "recall": 0.1756, "f1": 0.07228298727151762}
{"round": 3, "loss": 0.06919932489395142, "accuracy": 0.2036, "preccision": 0.36217502851907735, "recall": 0.2036, "f1": 0.14365823315327644}
{"round": 4, "loss": 0.06439288183450699, "accuracy": 0.4067, "preccision": 0.4673827927270996, "recall": 0.4067, "f1": 0.34798096050497845}
{"round": 5, "loss": 0.05553963357210159, "accuracy": 0.4927, "preccision": 0.5135040275467373, "recall": 0.4927, "f1": 0.44833014244557734}
{"round": 6, "loss": 0.04538661712408066, "accuracy": 0.5448, "preccision": 0.5345525191159074, "recall": 0.5448, "f1": 0.5204144440703439}
{"round": 7, "loss": 0.0408985385119915, "accuracy": 0.5704, "preccision": 0.5527084225529129, "recall": 0.5704, "f1": 0.5547267141952097}
{"round": 8, "loss": 0.04446985036730766, "accuracy": 0.5873, "preccision": 0.5762349175353495, "recall": 0.5873, "f1": 0.5779363012483659}
{"round": 9, "loss": 0.05537665339112282, "accuracy": 0.5899, "preccision": 0.5835955283388966, "recall": 0.5899, "f1": 0.5851509050699699}
{"round": 10, "loss": 0.07409565000534057, "accuracy": 0.5865, "preccision": 0.5826224651193261, "recall": 0.5865, "f1": 0.583378511481506}
{"round": 11, "loss": 0.10247804743051529, "accuracy": 0.577, "preccision": 0.5758874148710913, "recall": 0.577, "f1": 0.5750139847663372}
{"round": 12, "loss": 0.14291385895013808, "accuracy": 0.5626, "preccision": 0.5633905729720706, "recall": 0.5626, "f1": 0.5610121833871373}
{"round": 13, "loss": 0.1990891307592392, "accuracy": 0.5483, "preccision": 0.550204813386605, "recall": 0.5483, "f1": 0.5468853057209728}
{"round": 14, "loss": 0.2736667389154434, "accuracy": 0.5372, "preccision": 0.5397256744992938, "recall": 0.5372, "f1": 0.5362084204998049}
{"round": 15, "loss": 0.3707794188499451, "accuracy": 0.5233, "preccision": 0.5261051235450562, "recall": 0.5233, "f1": 0.5226518817976901}
{"round": 16, "loss": 0.49547250051498415, "accuracy": 0.5108, "preccision": 0.5149263144261121, "recall": 0.5108, "f1": 0.5108814258514369}
{"round": 17, "loss": 0.6537979053497315, "accuracy": 0.4996, "preccision": 0.5050782348650344, "recall": 0.4996, "f1": 0.4999282633798587}
{"round": 18, "loss": 0.8475372282028198, "accuracy": 0.4917, "preccision": 0.4951581285825455, "recall": 0.4917, "f1": 0.49150052762830826}
{"round": 19, "loss": 1.0861543928146362, "accuracy": 0.4816, "preccision": 0.4873627214031759, "recall": 0.4816, "f1": 0.4824571978455503}
{"round": 20, "loss": 1.3724248405456543, "accuracy": 0.4758, "preccision": 0.4805396983237789, "recall": 0.4758, "f1": 0.47650967890543205}
