{"loss": 0.07634685615698494, "accuracy": 0.11833333333333333}
{"loss": 0.07594659666220348, "accuracy": 0.24541666666666667}
{"loss": 0.07522878646850586, "accuracy": 0.36416666666666664}
{"loss": 0.07388458728790283, "accuracy": 0.36333333333333334}
{"loss": 0.07178485343853633, "accuracy": 0.4212500000000001}
{"loss": 0.06846998880306879, "accuracy": 0.5245833333333334}
{"loss": 0.0639236731827259, "accuracy": 0.5625}
{"loss": 0.05812889630595843, "accuracy": 0.5954166666666667}
{"loss": 0.05160278956095378, "accuracy": 0.6429166666666668}
{"loss": 0.045420264552036925, "accuracy": 0.6670833333333336}
{"loss": 0.04026549895604452, "accuracy": 0.6729166666666668}
{"loss": 0.03578165744741758, "accuracy": 0.6941666666666667}
{"loss": 0.032055662920077645, "accuracy": 0.7241666666666666}
{"loss": 0.02957958087325096, "accuracy": 0.7266666666666667}
{"loss": 0.02748854566365481, "accuracy": 0.7266666666666667}
{"loss": 0.025142953445514045, "accuracy": 0.7579166666666667}
{"loss": 0.024108197080592315, "accuracy": 0.7529166666666667}
{"loss": 0.02320008342464765, "accuracy": 0.75375}
{"loss": 0.022273519411683075, "accuracy": 0.7687500000000002}
{"loss": 0.021910065934062004, "accuracy": 0.7658333333333333}
