{"round": 0, "loss": 0.0721090440750122, "accuracy": 0.0788}
{"round": 1, "loss": 0.07169991815090179, "accuracy": 0.1136}
{"round": 2, "loss": 0.07132105028629303, "accuracy": 0.2347}
{"round": 3, "loss": 0.07063670961856842, "accuracy": 0.3634}
{"round": 4, "loss": 0.06934930016994477, "accuracy": 0.358}
{"round": 5, "loss": 0.06733434550762177, "accuracy": 0.4152}
{"round": 6, "loss": 0.06416544563770295, "accuracy": 0.5322}
{"round": 7, "loss": 0.05982528158426285, "accuracy": 0.567}
{"round": 8, "loss": 0.05428441882133484, "accuracy": 0.5979}
{"round": 9, "loss": 0.048062250328063966, "accuracy": 0.6529}
{"round": 10, "loss": 0.04216554976701736, "accuracy": 0.6729}
{"round": 11, "loss": 0.03720358279943466, "accuracy": 0.6904}
{"round": 12, "loss": 0.03293297067284584, "accuracy": 0.7052}
{"round": 13, "loss": 0.029366652965545654, "accuracy": 0.7386}
{"round": 14, "loss": 0.027017842826247217, "accuracy": 0.7404}
{"round": 15, "loss": 0.025112481757998465, "accuracy": 0.742}
{"round": 16, "loss": 0.02298163934648037, "accuracy": 0.762}
{"round": 17, "loss": 0.022057924291491508, "accuracy": 0.7626}
{"round": 18, "loss": 0.021293812835216523, "accuracy": 0.766}
{"round": 19, "loss": 0.020405698716640473, "accuracy": 0.7741}
{"round": 20, "loss": 0.020069060763716697, "accuracy": 0.7774}
