{"loss": 0.07663323415650262, "accuracy": 0.1796296296296296}
{"loss": 0.07621177192087528, "accuracy": 0.23981481481481481}
{"loss": 0.07523081015657496, "accuracy": 0.2601851851851852}
{"loss": 0.07290006513689079, "accuracy": 0.317156862745098}
{"loss": 0.06845467565236268, "accuracy": 0.36759259259259264}
{"loss": 0.060851358705096774, "accuracy": 0.42777777777777776}
{"loss": 0.050766540235943264, "accuracy": 0.5203703703703704}
{"loss": 0.046642717443130643, "accuracy": 0.5398148148148147}
{"loss": 0.04510090279358405, "accuracy": 0.560185185185185}
{"loss": 0.04942715769564664, "accuracy": 0.5805555555555556}
{"loss": 0.06328553193145328, "accuracy": 0.5722222222222223}
{"loss": 0.08393630252944098, "accuracy": 0.5620370370370371}
{"loss": 0.11232677389074255, "accuracy": 0.5462962962962963}
{"loss": 0.1438043689286267, "accuracy": 0.5509259259259259}
{"loss": 0.19634689004332928, "accuracy": 0.5351851851851852}
{"loss": 0.24039733211199443, "accuracy": 0.5301282051282051}
{"loss": 0.33395159818508013, "accuracy": 0.5101851851851852}
{"loss": 0.44303254153993393, "accuracy": 0.47870370370370363}
{"loss": 0.5327100921560217, "accuracy": 0.4972222222222222}
{"loss": 0.6502230096746375, "accuracy": 0.4851851851851852}
