{"round": 0, "loss": 0.07212343354225159, "accuracy": 0.0957, "preccision": 0.0191419088177905, "recall": 0.0957, "f1": 0.029086461262943196}
{"round": 1, "loss": 0.07189806022644044, "accuracy": 0.1774, "preccision": 0.047825474421201664, "recall": 0.1774, "f1": 0.06269462729496278}
{"round": 2, "loss": 0.07149747400283814, "accuracy": 0.2404, "preccision": 0.16477359116780013, "recall": 0.2404, "f1": 0.1387448590615272}
{"round": 3, "loss": 0.07057256731987, "accuracy": 0.2479, "preccision": 0.31930926048058866, "recall": 0.2479, "f1": 0.1507144155373313}
{"round": 4, "loss": 0.0684428368806839, "accuracy": 0.3064, "preccision": 0.4052151562520477, "recall": 0.3064, "f1": 0.23179869016707513}
{"round": 5, "loss": 0.06408400247097015, "accuracy": 0.3738, "preccision": 0.5577344628889283, "recall": 0.3738, "f1": 0.31662946395108454}
{"round": 6, "loss": 0.05672833822965622, "accuracy": 0.4419, "preccision": 0.5071973357358633, "recall": 0.4419, "f1": 0.4041735073790535}
{"round": 7, "loss": 0.0480792804479599, "accuracy": 0.5256, "preccision": 0.5247361730500258, "recall": 0.5256, "f1": 0.49078979321934296}
{"round": 8, "loss": 0.04213020015954971, "accuracy": 0.5547, "preccision": 0.552645935918459, "recall": 0.5547, "f1": 0.5274980381188691}
{"round": 9, "loss": 0.04235794030427933, "accuracy": 0.5716, "preccision": 0.5567216105679031, "recall": 0.5716, "f1": 0.551040190904745}
{"round": 10, "loss": 0.0482941998898983, "accuracy": 0.5852, "preccision": 0.5675438181409143, "recall": 0.5852, "f1": 0.5675208451277773}
{"round": 11, "loss": 0.05895934403538704, "accuracy": 0.5814, "preccision": 0.5771026345047378, "recall": 0.5814, "f1": 0.5728410326107715}
{"round": 12, "loss": 0.07602547545433044, "accuracy": 0.5768, "preccision": 0.5691827528521414, "recall": 0.5768, "f1": 0.5691267551652639}
{"round": 13, "loss": 0.10076793784499169, "accuracy": 0.5631, "preccision": 0.5591538898728955, "recall": 0.5631, "f1": 0.5582390935122973}
{"round": 14, "loss": 0.13368669291734694, "accuracy": 0.5496, "preccision": 0.5515598505878594, "recall": 0.5496, "f1": 0.5487940405980971}
{"round": 15, "loss": 0.17772199232578278, "accuracy": 0.536, "preccision": 0.5398296483817637, "recall": 0.536, "f1": 0.5361581280978917}
{"round": 16, "loss": 0.2346605169773102, "accuracy": 0.5291, "preccision": 0.529730167923295, "recall": 0.5291, "f1": 0.5270513422846381}
{"round": 17, "loss": 0.30225157177448275, "accuracy": 0.5212, "preccision": 0.5191826900478177, "recall": 0.5212, "f1": 0.5189993727464802}
{"round": 18, "loss": 0.390489724111557, "accuracy": 0.5054, "preccision": 0.5105554007441482, "recall": 0.5054, "f1": 0.5060019060129721}
{"round": 19, "loss": 0.4957827786445618, "accuracy": 0.4989, "preccision": 0.498300229580129, "recall": 0.4989, "f1": 0.4961501609172652}
{"round": 20, "loss": 0.6166052717685699, "accuracy": 0.4897, "preccision": 0.4998837086586734, "recall": 0.4897, "f1": 0.49265093796377885}
