{"loss": 0.07624086538950603, "accuracy": 0.12916666666666668}
{"loss": 0.07486655414104461, "accuracy": 0.23750000000000002}
{"loss": 0.07253491133451463, "accuracy": 0.31875}
{"loss": 0.06845929411550362, "accuracy": 0.3395833333333333}
{"loss": 0.061713847890496255, "accuracy": 0.3885416666666667}
{"loss": 0.05488349211712678, "accuracy": 0.4208333333333333}
{"loss": 0.05216852103670438, "accuracy": 0.4843749999999999}
{"loss": 0.05386496484279633, "accuracy": 0.5239583333333333}
{"loss": 0.061542099465926495, "accuracy": 0.5333333333333333}
{"loss": 0.07539889663457872, "accuracy": 0.5458333333333333}
{"loss": 0.09652499345441659, "accuracy": 0.5354166666666667}
{"loss": 0.12586020963887373, "accuracy": 0.5260416666666666}
{"loss": 0.1669368070860704, "accuracy": 0.5135416666666667}
{"loss": 0.21955621838569642, "accuracy": 0.5072916666666667}
{"loss": 0.2889144092798233, "accuracy": 0.48124999999999996}
{"loss": 0.37988155136505763, "accuracy": 0.4604166666666666}
{"loss": 0.48917895207802453, "accuracy": 0.44062500000000004}
{"loss": 0.6247988164424896, "accuracy": 0.43645833333333334}
{"loss": 0.7878380636374156, "accuracy": 0.4197916666666667}
{"loss": 0.9855215440193812, "accuracy": 0.4041666666666667}
