{"round": 0, "loss": 0.07237841854095459, "accuracy": 0.0628, "preccision": 0.024559532652178438, "recall": 0.0628, "f1": 0.03398203225203176}
{"round": 1, "loss": 0.07154402086734772, "accuracy": 0.1266, "preccision": 0.057971740790516854, "recall": 0.1266, "f1": 0.04109624118379006}
{"round": 2, "loss": 0.07017938270568848, "accuracy": 0.2485, "preccision": 0.2445234285913953, "recall": 0.2485, "f1": 0.15884996400336088}
{"round": 3, "loss": 0.0678394743680954, "accuracy": 0.334, "preccision": 0.29462221301940933, "recall": 0.334, "f1": 0.26762444488836257}
{"round": 4, "loss": 0.06376244944334031, "accuracy": 0.3623, "preccision": 0.4133941194940388, "recall": 0.3623, "f1": 0.29576049283137407}
{"round": 5, "loss": 0.05715989148616791, "accuracy": 0.4178, "preccision": 0.38328637944690624, "recall": 0.4178, "f1": 0.35152916525762573}
{"round": 6, "loss": 0.05045946348905563, "accuracy": 0.46, "preccision": 0.42252667461492166, "recall": 0.46, "f1": 0.3991263786502212}
{"round": 7, "loss": 0.04782088344693184, "accuracy": 0.4991, "preccision": 0.44030051189852154, "recall": 0.4991, "f1": 0.4361692656938481}
{"round": 8, "loss": 0.04969514043331146, "accuracy": 0.5219, "preccision": 0.4664485807413663, "recall": 0.5219, "f1": 0.46629722162793785}
{"round": 9, "loss": 0.056806506609916686, "accuracy": 0.5322, "preccision": 0.4853788168689022, "recall": 0.5322, "f1": 0.4860058991477353}
{"round": 10, "loss": 0.06956260796785355, "accuracy": 0.5387, "preccision": 0.5042120869778514, "recall": 0.5387, "f1": 0.5008033389173597}
{"round": 11, "loss": 0.08837469753026962, "accuracy": 0.534, "preccision": 0.5043281842754148, "recall": 0.534, "f1": 0.5029490781146414}
{"round": 12, "loss": 0.11417179664373397, "accuracy": 0.5305, "preccision": 0.5053523883632329, "recall": 0.5305, "f1": 0.5064090533737313}
{"round": 13, "loss": 0.15064529505968094, "accuracy": 0.5218, "preccision": 0.4986324940362365, "recall": 0.5218, "f1": 0.4997891165093105}
{"round": 14, "loss": 0.1975537915945053, "accuracy": 0.5161, "preccision": 0.4934475956679796, "recall": 0.5161, "f1": 0.49585515437632577}
{"round": 15, "loss": 0.25923744275569915, "accuracy": 0.5037, "preccision": 0.48195762530753455, "recall": 0.5037, "f1": 0.48497550208498097}
{"round": 16, "loss": 0.33903206124305724, "accuracy": 0.4879, "preccision": 0.46833454043009903, "recall": 0.4879, "f1": 0.4704334480842827}
{"round": 17, "loss": 0.4363149562835693, "accuracy": 0.4727, "preccision": 0.45490366799484555, "recall": 0.4727, "f1": 0.45715182151003664}
{"round": 18, "loss": 0.5571417580604553, "accuracy": 0.4594, "preccision": 0.4430983800869868, "recall": 0.4594, "f1": 0.44531151327492907}
{"round": 19, "loss": 0.7032468660354614, "accuracy": 0.4459, "preccision": 0.43103337208909553, "recall": 0.4459, "f1": 0.43363868291390884}
{"round": 20, "loss": 0.8797169074058533, "accuracy": 0.4331, "preccision": 0.4195329507559014, "recall": 0.4331, "f1": 0.4222352436370056}
