{"loss": 0.07650033036867779, "accuracy": 0.1625}
{"loss": 0.07570069551467895, "accuracy": 0.25333333333333335}
{"loss": 0.0733383564154307, "accuracy": 0.2416666666666667}
{"loss": 0.06903151075045269, "accuracy": 0.29166666666666663}
{"loss": 0.06521294256051383, "accuracy": 0.3241666666666666}
{"loss": 0.07074271500110627, "accuracy": 0.3575}
{"loss": 0.08850773086150487, "accuracy": 0.3783333333333333}
{"loss": 0.12239301562309265, "accuracy": 0.37833333333333335}
{"loss": 0.17846273879210156, "accuracy": 0.38583333333333336}
{"loss": 0.262061665058136, "accuracy": 0.37916666666666665}
{"loss": 0.38304816404978437, "accuracy": 0.3633333333333333}
{"loss": 0.5510323611895245, "accuracy": 0.3425}
{"loss": 0.7764898657798767, "accuracy": 0.3325}
{"loss": 1.072573455174764, "accuracy": 0.32333333333333336}
{"loss": 1.4539932457605997, "accuracy": 0.31333333333333335}
{"loss": 1.939588069915772, "accuracy": 0.2958333333333333}
{"loss": 2.5530634689331055, "accuracy": 0.28833333333333333}
{"loss": 3.310876983006795, "accuracy": 0.2875}
{"loss": 4.2331959374745685, "accuracy": 0.29500000000000004}
{"loss": 5.34453867594401, "accuracy": 0.29}
