{"round": 0, "loss": 0.07237841854095459, "accuracy": 0.0628, "preccision": 0.024559532652178438, "recall": 0.0628, "f1": 0.03398203225203176}
{"round": 1, "loss": 0.07174317185878754, "accuracy": 0.1576, "preccision": 0.10801654235924879, "recall": 0.1576, "f1": 0.07964777317387155}
{"round": 2, "loss": 0.07099008529186249, "accuracy": 0.237, "preccision": 0.2077654105197778, "recall": 0.237, "f1": 0.15944560976441782}
{"round": 3, "loss": 0.06871934940814972, "accuracy": 0.2324, "preccision": 0.22699325423373135, "recall": 0.2324, "f1": 0.20243541735647613}
{"round": 4, "loss": 0.06429096606969834, "accuracy": 0.2961, "preccision": 0.2713088099380012, "recall": 0.2961, "f1": 0.243606892092991}
{"round": 5, "loss": 0.059727245771884915, "accuracy": 0.3378, "preccision": 0.30845304126464207, "recall": 0.3378, "f1": 0.29194134252609333}
{"round": 6, "loss": 0.0631214208483696, "accuracy": 0.3748, "preccision": 0.3376246107109861, "recall": 0.3748, "f1": 0.332752125255424}
{"round": 7, "loss": 0.07765776822566986, "accuracy": 0.3933, "preccision": 0.35943199313972074, "recall": 0.3933, "f1": 0.3630120311604598}
{"round": 8, "loss": 0.10701129642724991, "accuracy": 0.4006, "preccision": 0.37749216491675913, "recall": 0.4006, "f1": 0.38069382056434825}
{"round": 9, "loss": 0.15637320623397827, "accuracy": 0.3971, "preccision": 0.3827306187351634, "recall": 0.3971, "f1": 0.3837982481410783}
{"round": 10, "loss": 0.23090968046188354, "accuracy": 0.3855, "preccision": 0.3749755396734898, "recall": 0.3855, "f1": 0.3755808281074955}
{"round": 11, "loss": 0.33802008261680605, "accuracy": 0.3705, "preccision": 0.3633264528695842, "recall": 0.3705, "f1": 0.36327378694274615}
{"round": 12, "loss": 0.4863096026420593, "accuracy": 0.358, "preccision": 0.3539523751942218, "recall": 0.358, "f1": 0.352863780522134}
{"round": 13, "loss": 0.6868449416160584, "accuracy": 0.3473, "preccision": 0.3464283560935687, "recall": 0.3473, "f1": 0.3442723695207539}
{"round": 14, "loss": 0.9527096027374268, "accuracy": 0.3348, "preccision": 0.33602049772032205, "recall": 0.3348, "f1": 0.332645963061572}
{"round": 15, "loss": 1.296946958732605, "accuracy": 0.3244, "preccision": 0.3284863491066778, "recall": 0.3244, "f1": 0.32341379514913005}
{"round": 16, "loss": 1.7331338495254516, "accuracy": 0.3177, "preccision": 0.32178271477842957, "recall": 0.3177, "f1": 0.31700000079134943}
{"round": 17, "loss": 2.2796934459686278, "accuracy": 0.3126, "preccision": 0.31751141616583467, "recall": 0.3126, "f1": 0.31226573263180823}
{"round": 18, "loss": 2.9575224906921385, "accuracy": 0.3086, "preccision": 0.3126141522083023, "recall": 0.3086, "f1": 0.3080266547204587}
{"round": 19, "loss": 3.792601366043091, "accuracy": 0.308, "preccision": 0.31203617315248716, "recall": 0.308, "f1": 0.3072467309278704}
{"round": 20, "loss": 4.797696124267578, "accuracy": 0.3048, "preccision": 0.30894173172147404, "recall": 0.3048, "f1": 0.3042781634491993}
