{"loss": 0.07637489914894104, "accuracy": 0.08916666666666666}
{"loss": 0.07635478417078653, "accuracy": 0.08249999999999999}
{"loss": 0.0751815410455068, "accuracy": 0.1925}
{"loss": 0.08098536044359207, "accuracy": 0.2525}
{"loss": 0.11334471245606739, "accuracy": 0.2733333333333333}
{"loss": 0.19345980823040007, "accuracy": 0.30083333333333334}
{"loss": 0.34195674777030943, "accuracy": 0.2966666666666667}
{"loss": 0.5947398209571839, "accuracy": 0.2816666666666667}
{"loss": 0.9969397338231405, "accuracy": 0.2733333333333333}
{"loss": 1.603715887069702, "accuracy": 0.26499999999999996}
{"loss": 2.4779261970520023, "accuracy": 0.26}
{"loss": 3.703905998865763, "accuracy": 0.25}
{"loss": 5.358128210703532, "accuracy": 0.24333333333333335}
{"loss": 7.558083724975586, "accuracy": 0.23916666666666667}
{"loss": 10.455700798034668, "accuracy": 0.2325}
{"loss": 14.203668670654299, "accuracy": 0.22583333333333333}
{"loss": 18.951817372639972, "accuracy": 0.225}
{"loss": 24.85429275512695, "accuracy": 0.2166666666666667}
{"loss": 32.16448809305827, "accuracy": 0.22166666666666668}
{"loss": 41.08377827962239, "accuracy": 0.22000000000000003}
