{"round": 0, "loss": 0.07212486484050751, "accuracy": 0.0958, "preccision": 0.009177639999999999, "recall": 0.0958, "f1": 0.0167505749224311}
{"round": 1, "loss": 0.07171544864177704, "accuracy": 0.0868, "preccision": 0.09588380480777446, "recall": 0.0868, "f1": 0.03672306680677741}
{"round": 2, "loss": 0.07158904016017914, "accuracy": 0.0777, "preccision": 0.19382876396279994, "recall": 0.0777, "f1": 0.0439418849550394}
{"round": 3, "loss": 0.0700838079571724, "accuracy": 0.2016, "preccision": 0.22970678422062293, "recall": 0.2016, "f1": 0.17218547577121351}
{"round": 4, "loss": 0.07406560002565384, "accuracy": 0.2678, "preccision": 0.2328492803436037, "recall": 0.2678, "f1": 0.22983108886384615}
{"round": 5, "loss": 0.10223683519363404, "accuracy": 0.2967, "preccision": 0.26720136325347854, "recall": 0.2967, "f1": 0.27089665085898046}
{"round": 6, "loss": 0.1743067896604538, "accuracy": 0.3078, "preccision": 0.2854591856702027, "recall": 0.3078, "f1": 0.2868609367604374}
{"round": 7, "loss": 0.3091738440990448, "accuracy": 0.3075, "preccision": 0.28840759827508455, "recall": 0.3075, "f1": 0.2910304402359423}
{"round": 8, "loss": 0.53827419090271, "accuracy": 0.2938, "preccision": 0.28178985689455294, "recall": 0.2938, "f1": 0.28208185337361813}
{"round": 9, "loss": 0.9051625369071961, "accuracy": 0.279, "preccision": 0.270988610867272, "recall": 0.279, "f1": 0.2697025547585865}
{"round": 10, "loss": 1.4559783094406127, "accuracy": 0.2714, "preccision": 0.26583751472827644, "recall": 0.2714, "f1": 0.2637513790297431}
{"round": 11, "loss": 2.2501416385650637, "accuracy": 0.2635, "preccision": 0.2569949713399442, "recall": 0.2635, "f1": 0.25594049851307926}
{"round": 12, "loss": 3.3670384483337403, "accuracy": 0.2541, "preccision": 0.24887968920060616, "recall": 0.2541, "f1": 0.24744260121045408}
{"round": 13, "loss": 4.875732144927978, "accuracy": 0.2504, "preccision": 0.24486823217407044, "recall": 0.2504, "f1": 0.24398670317262244}
{"round": 14, "loss": 6.881048961639404, "accuracy": 0.2474, "preccision": 0.24103400707324357, "recall": 0.2474, "f1": 0.24113339086155247}
{"round": 15, "loss": 9.507328720092774, "accuracy": 0.246, "preccision": 0.2392881547220304, "recall": 0.246, "f1": 0.23979005872020198}
{"round": 16, "loss": 12.893546461486816, "accuracy": 0.2443, "preccision": 0.2379695812298563, "recall": 0.2443, "f1": 0.2381774678244565}
{"round": 17, "loss": 17.176522119140625, "accuracy": 0.242, "preccision": 0.23538567112342734, "recall": 0.242, "f1": 0.2357512020804418}
{"round": 18, "loss": 22.510692510986328, "accuracy": 0.2409, "preccision": 0.2341442052891563, "recall": 0.2409, "f1": 0.23464709327372202}
{"round": 19, "loss": 29.097333764648436, "accuracy": 0.2398, "preccision": 0.23274643288845231, "recall": 0.2398, "f1": 0.23355899198273028}
{"round": 20, "loss": 37.12714716186523, "accuracy": 0.2382, "preccision": 0.2309335821082004, "recall": 0.2382, "f1": 0.23200892319801564}
