{"loss": 0.07603480493028959, "accuracy": 0.2458333333333333}
{"loss": 0.07488853037357332, "accuracy": 0.2916666666666667}
{"loss": 0.07130684206883113, "accuracy": 0.38020833333333337}
{"loss": 0.06517081533869108, "accuracy": 0.403125}
{"loss": 0.05564976036548614, "accuracy": 0.4760416666666667}
{"loss": 0.047697925070921576, "accuracy": 0.5041666666666667}
{"loss": 0.04355274674793084, "accuracy": 0.5375}
{"loss": 0.042816919398804505, "accuracy": 0.5718749999999999}
{"loss": 0.046092427925517154, "accuracy": 0.5791666666666667}
{"loss": 0.05266850749030709, "accuracy": 0.6072916666666667}
{"loss": 0.06398260872811079, "accuracy": 0.6145833333333334}
{"loss": 0.08156746122986079, "accuracy": 0.615625}
{"loss": 0.10598792117089033, "accuracy": 0.6031250000000001}
{"loss": 0.13962958008050919, "accuracy": 0.5916666666666668}
{"loss": 0.18322347452243168, "accuracy": 0.5666666666666667}
{"loss": 0.23923757374286655, "accuracy": 0.5489583333333333}
{"loss": 0.3097411525746187, "accuracy": 0.5322916666666666}
{"loss": 0.3968510498603185, "accuracy": 0.5239583333333333}
{"loss": 0.5041345114509265, "accuracy": 0.5166666666666667}
{"loss": 0.6365705450375875, "accuracy": 0.5}
