{"round": 0, "loss": 0.07204539165496826, "accuracy": 0.1096, "preccision": 0.09697667574561834, "recall": 0.1096, "f1": 0.06719632393106954}
{"round": 1, "loss": 0.07140904502868653, "accuracy": 0.2405, "preccision": 0.17053816250628584, "recall": 0.2405, "f1": 0.1267673737395544}
{"round": 2, "loss": 0.07013665909767151, "accuracy": 0.2935, "preccision": 0.23054497129815618, "recall": 0.2935, "f1": 0.2059477085352414}
{"round": 3, "loss": 0.06684601922035217, "accuracy": 0.3797, "preccision": 0.2716038335026328, "recall": 0.3797, "f1": 0.2739498781510822}
{"round": 4, "loss": 0.060550751078128816, "accuracy": 0.4249, "preccision": 0.4067493337781498, "recall": 0.4249, "f1": 0.3252749962150393}
{"round": 5, "loss": 0.05163719133138656, "accuracy": 0.4755, "preccision": 0.4487468930551676, "recall": 0.4755, "f1": 0.40693265089057234}
{"round": 6, "loss": 0.044057470160722735, "accuracy": 0.5184, "preccision": 0.4881701615545605, "recall": 0.5184, "f1": 0.46634303169817315}
{"round": 7, "loss": 0.04037206601500511, "accuracy": 0.5508, "preccision": 0.5186595664727316, "recall": 0.5508, "f1": 0.5084141828961359}
{"round": 8, "loss": 0.04021452856063843, "accuracy": 0.5821, "preccision": 0.5476649020666209, "recall": 0.5821, "f1": 0.5464398516634408}
{"round": 9, "loss": 0.04352908374071121, "accuracy": 0.6012, "preccision": 0.57754101029723, "recall": 0.6012, "f1": 0.5734118232773378}
{"round": 10, "loss": 0.049734366273880004, "accuracy": 0.6165, "preccision": 0.6014520413841282, "recall": 0.6165, "f1": 0.5979448487840703}
{"round": 11, "loss": 0.06092203503847122, "accuracy": 0.6202, "preccision": 0.6115615919432693, "recall": 0.6202, "f1": 0.6070554314143349}
{"round": 12, "loss": 0.0775224134027958, "accuracy": 0.6164, "preccision": 0.610940223412995, "recall": 0.6164, "f1": 0.6059992182029555}
{"round": 13, "loss": 0.10108983575105668, "accuracy": 0.605, "preccision": 0.6016141690391629, "recall": 0.605, "f1": 0.5965701775367653}
{"round": 14, "loss": 0.13253731207847594, "accuracy": 0.5916, "preccision": 0.58873686204298, "recall": 0.5916, "f1": 0.5842971132855607}
{"round": 15, "loss": 0.17367205834388733, "accuracy": 0.5783, "preccision": 0.5754093929819041, "recall": 0.5783, "f1": 0.5717246213460293}
{"round": 16, "loss": 0.22597995591163636, "accuracy": 0.5611, "preccision": 0.5589428078629016, "recall": 0.5611, "f1": 0.5551303898442966}
{"round": 17, "loss": 0.29174233701229096, "accuracy": 0.5488, "preccision": 0.5477149117725845, "recall": 0.5488, "f1": 0.5435365726629563}
{"round": 18, "loss": 0.3724333946704865, "accuracy": 0.5359, "preccision": 0.5351167143639459, "recall": 0.5359, "f1": 0.5314113824506117}
{"round": 19, "loss": 0.47182252397537233, "accuracy": 0.5233, "preccision": 0.5225250104599413, "recall": 0.5233, "f1": 0.5188418168168846}
{"round": 20, "loss": 0.5938236517906189, "accuracy": 0.5108, "preccision": 0.5109252104781493, "recall": 0.5108, "f1": 0.5068483284328674}
