{"loss": 0.0764554222424825, "accuracy": 0.16999999999999998}
{"loss": 0.0756979004542033, "accuracy": 0.25916666666666666}
{"loss": 0.07456899106502533, "accuracy": 0.3125}
{"loss": 0.07264563500881195, "accuracy": 0.3616666666666667}
{"loss": 0.06984512438376744, "accuracy": 0.4383333333333333}
{"loss": 0.06585726290941238, "accuracy": 0.49833333333333335}
{"loss": 0.06058956970771153, "accuracy": 0.5650000000000001}
{"loss": 0.05493753095467886, "accuracy": 0.5766666666666665}
{"loss": 0.049913126428922025, "accuracy": 0.5933333333333334}
{"loss": 0.04535359054803848, "accuracy": 0.62}
{"loss": 0.04162809580564499, "accuracy": 0.6300000000000001}
{"loss": 0.03845824847618738, "accuracy": 0.66}
{"loss": 0.035330912421147026, "accuracy": 0.6733333333333335}
{"loss": 0.03287688836455345, "accuracy": 0.6808333333333333}
{"loss": 0.030760370567440985, "accuracy": 0.7041666666666667}
{"loss": 0.029492826710144675, "accuracy": 0.7050000000000001}
{"loss": 0.028095809792478877, "accuracy": 0.7258333333333333}
{"loss": 0.02650275205572446, "accuracy": 0.7391666666666666}
{"loss": 0.025183575774232546, "accuracy": 0.7466666666666667}
{"loss": 0.024882026066382727, "accuracy": 0.7525000000000001}
