{"round": 0, "loss": 0.07237841854095459, "accuracy": 0.0628}
{"round": 1, "loss": 0.0717076675415039, "accuracy": 0.1685}
{"round": 2, "loss": 0.07097527811527252, "accuracy": 0.2787}
{"round": 3, "loss": 0.06986314952373504, "accuracy": 0.3346}
{"round": 4, "loss": 0.0680244222164154, "accuracy": 0.3809}
{"round": 5, "loss": 0.06530294055938721, "accuracy": 0.4658}
{"round": 6, "loss": 0.061445509696006775, "accuracy": 0.5226}
{"round": 7, "loss": 0.05646803287267685, "accuracy": 0.5753}
{"round": 8, "loss": 0.051049822580814364, "accuracy": 0.5815}
{"round": 9, "loss": 0.04613798719644546, "accuracy": 0.5891}
{"round": 10, "loss": 0.04177432308197022, "accuracy": 0.6245}
{"round": 11, "loss": 0.03823512163758278, "accuracy": 0.6316}
{"round": 12, "loss": 0.035196873873472215, "accuracy": 0.6693}
{"round": 13, "loss": 0.03224381138086319, "accuracy": 0.6932}
{"round": 14, "loss": 0.02981525067090988, "accuracy": 0.7047}
{"round": 15, "loss": 0.028176314961910247, "accuracy": 0.7115}
{"round": 16, "loss": 0.026981375035643577, "accuracy": 0.7153}
{"round": 17, "loss": 0.025667599821090698, "accuracy": 0.7341}
{"round": 18, "loss": 0.024382140094041823, "accuracy": 0.7475}
{"round": 19, "loss": 0.02329408989548683, "accuracy": 0.7565}
{"round": 20, "loss": 0.02283947602212429, "accuracy": 0.7637}
