{"loss": 0.0765076474348704, "accuracy": 0.1125}
{"loss": 0.07593736787637076, "accuracy": 0.22083333333333335}
{"loss": 0.07428587794303895, "accuracy": 0.24666666666666667}
{"loss": 0.0703128425280253, "accuracy": 0.3333333333333333}
{"loss": 0.063140822549661, "accuracy": 0.4333333333333334}
{"loss": 0.053897411326567335, "accuracy": 0.4891666666666666}
{"loss": 0.04785958454012871, "accuracy": 0.505}
{"loss": 0.04984862784544627, "accuracy": 0.5333333333333333}
{"loss": 0.05895975967248281, "accuracy": 0.5458333333333333}
{"loss": 0.07508511662483217, "accuracy": 0.5441666666666667}
{"loss": 0.09980099280675252, "accuracy": 0.5341666666666666}
{"loss": 0.13576791365941365, "accuracy": 0.5208333333333334}
{"loss": 0.18526247282822925, "accuracy": 0.5066666666666666}
{"loss": 0.25209413448969525, "accuracy": 0.4866666666666667}
{"loss": 0.33989476720492046, "accuracy": 0.465}
{"loss": 0.45338788270950314, "accuracy": 0.45499999999999996}
{"loss": 0.5952925848960875, "accuracy": 0.4441666666666667}
{"loss": 0.7678384764989218, "accuracy": 0.42833333333333334}
{"loss": 0.9782313855489093, "accuracy": 0.42333333333333323}
{"loss": 1.2311979277928669, "accuracy": 0.4091666666666667}
