{"round": 0, "loss": 0.07212343354225159, "accuracy": 0.0957, "preccision": 0.0191419088177905, "recall": 0.0957, "f1": 0.029086461262943196}
{"round": 1, "loss": 0.07183421692848206, "accuracy": 0.1175, "preccision": 0.13873828541242172, "recall": 0.1175, "f1": 0.04560645472220729}
{"round": 2, "loss": 0.0713109202861786, "accuracy": 0.2137, "preccision": 0.1951932403865942, "recall": 0.2137, "f1": 0.08374253004651014}
{"round": 3, "loss": 0.06980334160327911, "accuracy": 0.2347, "preccision": 0.20263062668310877, "recall": 0.2347, "f1": 0.12857272228993644}
{"round": 4, "loss": 0.066113411962986, "accuracy": 0.34, "preccision": 0.44254072044178183, "recall": 0.34, "f1": 0.2753657133580126}
{"round": 5, "loss": 0.05929987442493439, "accuracy": 0.4544, "preccision": 0.49486961595719176, "recall": 0.4544, "f1": 0.4156869943066227}
{"round": 6, "loss": 0.050076338255405424, "accuracy": 0.5077, "preccision": 0.5041406032838921, "recall": 0.5077, "f1": 0.47799181678850816}
{"round": 7, "loss": 0.0434768340408802, "accuracy": 0.5329, "preccision": 0.5213493202053653, "recall": 0.5329, "f1": 0.5043852456283366}
{"round": 8, "loss": 0.0440863196849823, "accuracy": 0.5442, "preccision": 0.531619977562914, "recall": 0.5442, "f1": 0.5177420731635459}
{"round": 9, "loss": 0.05099729484915733, "accuracy": 0.5559, "preccision": 0.5409939065614382, "recall": 0.5559, "f1": 0.5357890817475465}
{"round": 10, "loss": 0.06463715372681618, "accuracy": 0.5571, "preccision": 0.5423717753768059, "recall": 0.5571, "f1": 0.5425225032025283}
{"round": 11, "loss": 0.08645253444910049, "accuracy": 0.5517, "preccision": 0.5408307972320974, "recall": 0.5517, "f1": 0.541508492595177}
{"round": 12, "loss": 0.11842399629354478, "accuracy": 0.5417, "preccision": 0.5338968097280632, "recall": 0.5417, "f1": 0.5342275818470131}
{"round": 13, "loss": 0.16213751118183137, "accuracy": 0.5236, "preccision": 0.5182456136099831, "recall": 0.5236, "f1": 0.5179331754509697}
{"round": 14, "loss": 0.2209280479669571, "accuracy": 0.5089, "preccision": 0.5058161031025973, "recall": 0.5089, "f1": 0.5042055625300447}
{"round": 15, "loss": 0.2969134849309921, "accuracy": 0.4946, "preccision": 0.49340920113551445, "recall": 0.4946, "f1": 0.4910592263483226}
{"round": 16, "loss": 0.39461343154907225, "accuracy": 0.4809, "preccision": 0.48001273149022183, "recall": 0.4809, "f1": 0.47752440314241296}
{"round": 17, "loss": 0.5157462613105774, "accuracy": 0.4719, "preccision": 0.4713263799190104, "recall": 0.4719, "f1": 0.46888810718478746}
{"round": 18, "loss": 0.6641316935539245, "accuracy": 0.4584, "preccision": 0.4589250341539467, "recall": 0.4584, "f1": 0.45587605050139735}
{"round": 19, "loss": 0.8454076358795166, "accuracy": 0.4463, "preccision": 0.44828058535412246, "recall": 0.4463, "f1": 0.4446521495285885}
{"round": 20, "loss": 1.062912481689453, "accuracy": 0.4385, "preccision": 0.44106106677478146, "recall": 0.4385, "f1": 0.4375277597949108}
