{"loss": 0.07648672819137572, "accuracy": 0.22583333333333333}
{"loss": 0.07622568686803183, "accuracy": 0.205}
{"loss": 0.07578391710917157, "accuracy": 0.2375}
{"loss": 0.07503987491130829, "accuracy": 0.3633333333333333}
{"loss": 0.07377956151962281, "accuracy": 0.3966666666666666}
{"loss": 0.07180476784706115, "accuracy": 0.4241666666666667}
{"loss": 0.06873383154471716, "accuracy": 0.47750000000000015}
{"loss": 0.06464163949092229, "accuracy": 0.5516666666666666}
{"loss": 0.059314563373724614, "accuracy": 0.5483333333333333}
{"loss": 0.053477866649627684, "accuracy": 0.5933333333333334}
{"loss": 0.04808191180229188, "accuracy": 0.6074999999999998}
{"loss": 0.043511171986659374, "accuracy": 0.6333333333333332}
{"loss": 0.039530698011318845, "accuracy": 0.65}
{"loss": 0.03665545438726743, "accuracy": 0.6666666666666666}
{"loss": 0.033374475538730616, "accuracy": 0.6883333333333335}
{"loss": 0.03145561436812082, "accuracy": 0.6933333333333334}
{"loss": 0.029617620781064037, "accuracy": 0.7066666666666666}
{"loss": 0.027394604360063867, "accuracy": 0.7275}
{"loss": 0.026451576575636866, "accuracy": 0.7358333333333332}
{"loss": 0.025893619681398073, "accuracy": 0.7291666666666665}
