{"round": 0, "loss": 0.07210463590621949, "accuracy": 0.0953}
{"round": 1, "loss": 0.07184110841751098, "accuracy": 0.2068}
{"round": 2, "loss": 0.07158946733474732, "accuracy": 0.1998}
{"round": 3, "loss": 0.07118405325412751, "accuracy": 0.2289}
{"round": 4, "loss": 0.07045683319568634, "accuracy": 0.3562}
{"round": 5, "loss": 0.06924737086296082, "accuracy": 0.4034}
{"round": 6, "loss": 0.0673716445684433, "accuracy": 0.4333}
{"round": 7, "loss": 0.06442617682218552, "accuracy": 0.4829}
{"round": 8, "loss": 0.060390593755245206, "accuracy": 0.5624}
{"round": 9, "loss": 0.05518066198825836, "accuracy": 0.5614}
{"round": 10, "loss": 0.04950282120704651, "accuracy": 0.6062}
{"round": 11, "loss": 0.04419853751659393, "accuracy": 0.6133}
{"round": 12, "loss": 0.03979291658401489, "accuracy": 0.6426}
{"round": 13, "loss": 0.03600300509929657, "accuracy": 0.6574}
{"round": 14, "loss": 0.033247401398420334, "accuracy": 0.6756}
{"round": 15, "loss": 0.030223530316352845, "accuracy": 0.6989}
{"round": 16, "loss": 0.028425368094444275, "accuracy": 0.6973}
{"round": 17, "loss": 0.026978801506757737, "accuracy": 0.708}
{"round": 18, "loss": 0.0248873612344265, "accuracy": 0.7292}
{"round": 19, "loss": 0.02415883433520794, "accuracy": 0.7306}
{"round": 20, "loss": 0.023645806029438974, "accuracy": 0.7335}
