{"loss": 0.07653853793938954, "accuracy": 0.11583333333333332}
{"loss": 0.07580398579438527, "accuracy": 0.21916666666666668}
{"loss": 0.07324019968509674, "accuracy": 0.24500000000000002}
{"loss": 0.06766770909229913, "accuracy": 0.3341666666666666}
{"loss": 0.05988794346650441, "accuracy": 0.39583333333333337}
{"loss": 0.05644819557666779, "accuracy": 0.42416666666666664}
{"loss": 0.06601593653361001, "accuracy": 0.43916666666666665}
{"loss": 0.09005271673202515, "accuracy": 0.45333333333333325}
{"loss": 0.13104589124520621, "accuracy": 0.45166666666666666}
{"loss": 0.19691796422004698, "accuracy": 0.4374999999999999}
{"loss": 0.29378955443700155, "accuracy": 0.42000000000000004}
{"loss": 0.42812301317850743, "accuracy": 0.4058333333333334}
{"loss": 0.6112804500261941, "accuracy": 0.3908333333333333}
{"loss": 0.8511941774686178, "accuracy": 0.38083333333333336}
{"loss": 1.1657364225387572, "accuracy": 0.36416666666666664}
{"loss": 1.5695511865615843, "accuracy": 0.3516666666666667}
{"loss": 2.0818936030069985, "accuracy": 0.34750000000000003}
{"loss": 2.7094896856943764, "accuracy": 0.33666666666666667}
{"loss": 3.4812327543894446, "accuracy": 0.3291666666666667}
{"loss": 4.417562739054363, "accuracy": 0.3208333333333333}
