{"round": 0, "loss": 0.07212343354225159, "accuracy": 0.0957, "preccision": 0.0191419088177905, "recall": 0.0957, "f1": 0.029086461262943196}
{"round": 1, "loss": 0.07186897683143616, "accuracy": 0.1172, "preccision": 0.13690178784630314, "recall": 0.1172, "f1": 0.04278890783407494}
{"round": 2, "loss": 0.0712257140636444, "accuracy": 0.2097, "preccision": 0.18723603021953378, "recall": 0.2097, "f1": 0.08423720000120254}
{"round": 3, "loss": 0.06896362419128418, "accuracy": 0.2387, "preccision": 0.3736318657496596, "recall": 0.2387, "f1": 0.150765461021994}
{"round": 4, "loss": 0.06378169404268265, "accuracy": 0.3432, "preccision": 0.41274088136363773, "recall": 0.3432, "f1": 0.304085877257419}
{"round": 5, "loss": 0.05599783464670181, "accuracy": 0.4099, "preccision": 0.41389161533658053, "recall": 0.4099, "f1": 0.38158845171749173}
{"round": 6, "loss": 0.051661808621883396, "accuracy": 0.4425, "preccision": 0.43975114633186513, "recall": 0.4425, "f1": 0.41967147211799594}
{"round": 7, "loss": 0.05901249549388885, "accuracy": 0.4647, "preccision": 0.45796284812518623, "recall": 0.4647, "f1": 0.44395492610636167}
{"round": 8, "loss": 0.07993469427824021, "accuracy": 0.4763, "preccision": 0.4681048665543199, "recall": 0.4763, "f1": 0.4614279133428454}
{"round": 9, "loss": 0.11684644941091538, "accuracy": 0.4719, "preccision": 0.4645701514710745, "recall": 0.4719, "f1": 0.46197227026337495}
{"round": 10, "loss": 0.17524789538383484, "accuracy": 0.4569, "preccision": 0.45320029169363807, "recall": 0.4569, "f1": 0.45041405256176875}
{"round": 11, "loss": 0.26054597427845, "accuracy": 0.4422, "preccision": 0.44323397647246365, "recall": 0.4422, "f1": 0.4384573315143579}
{"round": 12, "loss": 0.37851236157417295, "accuracy": 0.4261, "preccision": 0.4280143499034998, "recall": 0.4261, "f1": 0.4230652600135445}
{"round": 13, "loss": 0.5405907558918, "accuracy": 0.4069, "preccision": 0.41123197060864075, "recall": 0.4069, "f1": 0.40525682785442413}
{"round": 14, "loss": 0.7552291624069214, "accuracy": 0.3933, "preccision": 0.3983804169537659, "recall": 0.3933, "f1": 0.39227849273872306}
{"round": 15, "loss": 1.036985395526886, "accuracy": 0.3809, "preccision": 0.38593336400908385, "recall": 0.3809, "f1": 0.3797333253936861}
{"round": 16, "loss": 1.400359649848938, "accuracy": 0.3709, "preccision": 0.37822517997486527, "recall": 0.3709, "f1": 0.3704580359154775}
{"round": 17, "loss": 1.857895722579956, "accuracy": 0.3619, "preccision": 0.3685095611264073, "recall": 0.3619, "f1": 0.3611181519063375}
{"round": 18, "loss": 2.420395209121704, "accuracy": 0.3539, "preccision": 0.3596992741031566, "recall": 0.3539, "f1": 0.3529861353077934}
{"round": 19, "loss": 3.110601472854614, "accuracy": 0.3468, "preccision": 0.35342368370554816, "recall": 0.3468, "f1": 0.34622303512173186}
{"round": 20, "loss": 3.951273768997192, "accuracy": 0.3411, "preccision": 0.34832654587456324, "recall": 0.3411, "f1": 0.3407138744596834}
