{"loss": 0.07633577932914098, "accuracy": 0.10520833333333333}
{"loss": 0.0758398565153281, "accuracy": 0.15208333333333335}
{"loss": 0.07413327346245446, "accuracy": 0.32499999999999996}
{"loss": 0.07121452540159226, "accuracy": 0.328125}
{"loss": 0.06491858338316282, "accuracy": 0.44166666666666665}
{"loss": 0.057284754887223246, "accuracy": 0.49062500000000003}
{"loss": 0.050696524605154995, "accuracy": 0.50625}
{"loss": 0.047219614436229074, "accuracy": 0.5458333333333334}
{"loss": 0.05498989000916482, "accuracy": 0.5343749999999999}
{"loss": 0.0613607482984662, "accuracy": 0.5729166666666667}
{"loss": 0.07528619319200515, "accuracy": 0.5708333333333334}
{"loss": 0.09313149663309256, "accuracy": 0.5833333333333333}
{"loss": 0.13645103548963863, "accuracy": 0.5458333333333333}
{"loss": 0.1726413833598296, "accuracy": 0.528125}
{"loss": 0.24631926268339155, "accuracy": 0.5072916666666667}
{"loss": 0.30837833086649574, "accuracy": 0.46458333333333335}
{"loss": 0.37959794923663137, "accuracy": 0.47500000000000003}
{"loss": 0.4956988036632537, "accuracy": 0.4604166666666667}
{"loss": 0.6448206921418507, "accuracy": 0.4197916666666667}
{"loss": 0.7616413960854213, "accuracy": 0.45416666666666666}
