{"round": 0, "loss": 0.0721090440750122, "accuracy": 0.0788, "preccision": 0.013255274689366837, "recall": 0.0788, "f1": 0.019073228572654494}
{"round": 1, "loss": 0.07171000256538392, "accuracy": 0.098, "preccision": 0.009605921184236846, "recall": 0.098, "f1": 0.017496811805429037}
{"round": 2, "loss": 0.07115005829334259, "accuracy": 0.1611, "preccision": 0.28954684441337114, "recall": 0.1611, "f1": 0.10511352077078097}
{"round": 3, "loss": 0.06977815561294555, "accuracy": 0.2969, "preccision": 0.3414183669076174, "recall": 0.2969, "f1": 0.19260799568753217}
{"round": 4, "loss": 0.06667479954957962, "accuracy": 0.3246, "preccision": 0.36299557587343617, "recall": 0.3246, "f1": 0.24745510626193437}
{"round": 5, "loss": 0.06079264140129089, "accuracy": 0.4271, "preccision": 0.4562037195810537, "recall": 0.4271, "f1": 0.35443055544784147}
{"round": 6, "loss": 0.05284133348464966, "accuracy": 0.4933, "preccision": 0.5131860846798909, "recall": 0.4933, "f1": 0.43727434688685496}
{"round": 7, "loss": 0.0458361563205719, "accuracy": 0.5259, "preccision": 0.5284342091323189, "recall": 0.5259, "f1": 0.4758523977695906}
{"round": 8, "loss": 0.04332300211191177, "accuracy": 0.5433, "preccision": 0.5480830013761331, "recall": 0.5433, "f1": 0.5022564517168714}
{"round": 9, "loss": 0.047940443456172946, "accuracy": 0.5576, "preccision": 0.5587307618057331, "recall": 0.5576, "f1": 0.5213707891403656}
{"round": 10, "loss": 0.05478600211143494, "accuracy": 0.5716, "preccision": 0.5663440880660445, "recall": 0.5716, "f1": 0.5435889218886281}
{"round": 11, "loss": 0.06394870473146438, "accuracy": 0.5889, "preccision": 0.5767948291151535, "recall": 0.5889, "f1": 0.5729489495049364}
{"round": 12, "loss": 0.08628941602706909, "accuracy": 0.575, "preccision": 0.5636147095664886, "recall": 0.575, "f1": 0.5562576566938359}
{"round": 13, "loss": 0.1128541962981224, "accuracy": 0.5613, "preccision": 0.5495482220117737, "recall": 0.5613, "f1": 0.54514023052036}
{"round": 14, "loss": 0.14540914155244827, "accuracy": 0.5461, "preccision": 0.5371055968202108, "recall": 0.5461, "f1": 0.5362130155228612}
{"round": 15, "loss": 0.19431015479564667, "accuracy": 0.5332, "preccision": 0.5194513247509606, "recall": 0.5332, "f1": 0.5203171873258501}
{"round": 16, "loss": 0.2579798664808273, "accuracy": 0.5057, "preccision": 0.4970518629463467, "recall": 0.5057, "f1": 0.4945967900778325}
{"round": 17, "loss": 0.3303222675323486, "accuracy": 0.4936, "preccision": 0.482771447024454, "recall": 0.4936, "f1": 0.483395793742519}
{"round": 18, "loss": 0.42197730588912963, "accuracy": 0.4691, "preccision": 0.4633324693520247, "recall": 0.4691, "f1": 0.46479599351939144}
{"round": 19, "loss": 0.5425183633804321, "accuracy": 0.4608, "preccision": 0.4587396775455441, "recall": 0.4608, "f1": 0.4538266605989044}
{"round": 20, "loss": 0.6720010442733765, "accuracy": 0.4417, "preccision": 0.43788700111371653, "recall": 0.4417, "f1": 0.43874825145994373}
