{"loss": 0.07653432869911192, "accuracy": 0.1316666666666667}
{"loss": 0.07619534182548525, "accuracy": 0.2068333333333333}
{"loss": 0.07566705528895061, "accuracy": 0.22049999999999997}
{"loss": 0.07475537069638569, "accuracy": 0.3011666666666667}
{"loss": 0.07323293177286784, "accuracy": 0.49566666666666676}
{"loss": 0.07069783389568329, "accuracy": 0.5526666666666666}
{"loss": 0.06691612861553826, "accuracy": 0.598}
{"loss": 0.06183014545838038, "accuracy": 0.6183333333333334}
{"loss": 0.05573188863197963, "accuracy": 0.6366666666666666}
{"loss": 0.04949139442046485, "accuracy": 0.6413333333333333}
{"loss": 0.04374594364563625, "accuracy": 0.6538333333333333}
{"loss": 0.039127650310595834, "accuracy": 0.6471666666666667}
{"loss": 0.03544654282927513, "accuracy": 0.6628333333333335}
{"loss": 0.0326712087293466, "accuracy": 0.6739999999999998}
{"loss": 0.03016958767175675, "accuracy": 0.6846666666666665}
{"loss": 0.028263548652331032, "accuracy": 0.7011666666666666}
{"loss": 0.026684233243266745, "accuracy": 0.7144999999999999}
{"loss": 0.025255335981647177, "accuracy": 0.7306666666666666}
{"loss": 0.024774419466654464, "accuracy": 0.7393333333333332}
{"loss": 0.02325995085636775, "accuracy": 0.7598333333333335}
