{"round": 0, "loss": 0.07214015040397644, "accuracy": 0.0988}
{"round": 1, "loss": 0.07187420225143433, "accuracy": 0.1286}
{"round": 2, "loss": 0.07154903116226197, "accuracy": 0.2016}
{"round": 3, "loss": 0.07103835337162018, "accuracy": 0.2161}
{"round": 4, "loss": 0.07016043801307678, "accuracy": 0.3087}
{"round": 5, "loss": 0.06868654310703277, "accuracy": 0.5114}
{"round": 6, "loss": 0.06624870891571046, "accuracy": 0.5773}
{"round": 7, "loss": 0.06261682640314102, "accuracy": 0.611}
{"round": 8, "loss": 0.0577365097284317, "accuracy": 0.6248}
{"round": 9, "loss": 0.05187385561466217, "accuracy": 0.6479}
{"round": 10, "loss": 0.045869348454475406, "accuracy": 0.6531}
{"round": 11, "loss": 0.04032361540198326, "accuracy": 0.6678}
{"round": 12, "loss": 0.03583504415154457, "accuracy": 0.6591}
{"round": 13, "loss": 0.032280071145296095, "accuracy": 0.6745}
{"round": 14, "loss": 0.02953069370985031, "accuracy": 0.6832}
{"round": 15, "loss": 0.02719043338894844, "accuracy": 0.6908}
{"round": 16, "loss": 0.025346833783388138, "accuracy": 0.7136}
{"round": 17, "loss": 0.023926163932681082, "accuracy": 0.7226}
{"round": 18, "loss": 0.022619038271903993, "accuracy": 0.7402}
{"round": 19, "loss": 0.022142450845241548, "accuracy": 0.7442}
{"round": 20, "loss": 0.020686480510234834, "accuracy": 0.7695}
