{"loss": 0.0764912657665484, "accuracy": 0.11666666666666668}
{"loss": 0.07600731199437921, "accuracy": 0.14015151515151514}
{"loss": 0.07493034998575844, "accuracy": 0.3111111111111111}
{"loss": 0.07208594192158092, "accuracy": 0.35681818181818187}
{"loss": 0.06660395969044078, "accuracy": 0.3856060606060607}
{"loss": 0.05702671110630036, "accuracy": 0.503030303030303}
{"loss": 0.05004611810048421, "accuracy": 0.5078431372549019}
{"loss": 0.045775117160695974, "accuracy": 0.5575757575757576}
{"loss": 0.04498098077196064, "accuracy": 0.5840909090909091}
{"loss": 0.053773503908605295, "accuracy": 0.5772727272727273}
{"loss": 0.061452430080283775, "accuracy": 0.5856060606060606}
{"loss": 0.07531040735316998, "accuracy": 0.5916666666666667}
{"loss": 0.10058128653150615, "accuracy": 0.5712121212121212}
{"loss": 0.14032664572199183, "accuracy": 0.5462121212121211}
{"loss": 0.19073935717344287, "accuracy": 0.51375}
{"loss": 0.23808111747105914, "accuracy": 0.5133333333333333}
{"loss": 0.3319748381773631, "accuracy": 0.4916666666666666}
{"loss": 0.4419328105449677, "accuracy": 0.4366666666666667}
{"loss": 0.5267989628844789, "accuracy": 0.4583333333333333}
{"loss": 0.6790593187014262, "accuracy": 0.4333333333333334}
