{"round": 0, "loss": 0.07214015040397644, "accuracy": 0.0988, "preccision": 0.05287489032142538, "recall": 0.0988, "f1": 0.022887375648145417}
{"round": 1, "loss": 0.07185893399715423, "accuracy": 0.1145, "preccision": 0.073072616761255, "recall": 0.1145, "f1": 0.050669845377295415}
{"round": 2, "loss": 0.07137864313125611, "accuracy": 0.1418, "preccision": 0.17660601098519588, "recall": 0.1418, "f1": 0.08174175835128554}
{"round": 3, "loss": 0.07023629560470582, "accuracy": 0.3136, "preccision": 0.2734344842627401, "recall": 0.3136, "f1": 0.26182085003355}
{"round": 4, "loss": 0.06752378392219544, "accuracy": 0.3532, "preccision": 0.3478702780750175, "recall": 0.3532, "f1": 0.2793148197610568}
{"round": 5, "loss": 0.06217572921514511, "accuracy": 0.3953, "preccision": 0.48844066772796385, "recall": 0.3953, "f1": 0.33543959582573507}
{"round": 6, "loss": 0.053844433128833774, "accuracy": 0.4919, "preccision": 0.498308922863925, "recall": 0.4919, "f1": 0.4314179998018387}
{"round": 7, "loss": 0.0457154147028923, "accuracy": 0.5312, "preccision": 0.5414459700092035, "recall": 0.5312, "f1": 0.4785194971435023}
{"round": 8, "loss": 0.04163569964170456, "accuracy": 0.5587, "preccision": 0.545910926526425, "recall": 0.5587, "f1": 0.5084350437188535}
{"round": 9, "loss": 0.04125951241254806, "accuracy": 0.5886, "preccision": 0.5591720871797358, "recall": 0.5886, "f1": 0.5503959054817067}
{"round": 10, "loss": 0.0453794445514679, "accuracy": 0.6016, "preccision": 0.570612068164224, "recall": 0.6016, "f1": 0.5728396747261316}
{"round": 11, "loss": 0.05347397382259369, "accuracy": 0.6089, "preccision": 0.5857961103671385, "recall": 0.6089, "f1": 0.5898848037298541}
{"round": 12, "loss": 0.0674464844584465, "accuracy": 0.5996, "preccision": 0.5851877068654865, "recall": 0.5996, "f1": 0.5891409313828083}
{"round": 13, "loss": 0.0906068058013916, "accuracy": 0.5798, "preccision": 0.5656454074855432, "recall": 0.5798, "f1": 0.5673541175821479}
{"round": 14, "loss": 0.12309369411468506, "accuracy": 0.5562, "preccision": 0.5422669348012811, "recall": 0.5562, "f1": 0.5446595221879075}
{"round": 15, "loss": 0.16357826435565948, "accuracy": 0.5342, "preccision": 0.5273088154202905, "recall": 0.5342, "f1": 0.5287987161369602}
{"round": 16, "loss": 0.21739320437908172, "accuracy": 0.5135, "preccision": 0.5097130998128955, "recall": 0.5135, "f1": 0.5106569858323206}
{"round": 17, "loss": 0.28904777736663817, "accuracy": 0.4939, "preccision": 0.48834136864970606, "recall": 0.4939, "f1": 0.48961716798709587}
{"round": 18, "loss": 0.3765397393226624, "accuracy": 0.4692, "preccision": 0.47186559160622926, "recall": 0.4692, "f1": 0.46911567342404015}
{"round": 19, "loss": 0.48813180680274965, "accuracy": 0.4578, "preccision": 0.4549254412731134, "recall": 0.4578, "f1": 0.4544630717314157}
{"round": 20, "loss": 0.6172493028640748, "accuracy": 0.4382, "preccision": 0.44088392122154435, "recall": 0.4382, "f1": 0.4388622514463672}
