{"loss": 0.07633872702717781, "accuracy": 0.09062500000000001}
{"loss": 0.07587689343425964, "accuracy": 0.1395833333333333}
{"loss": 0.07421597292025885, "accuracy": 0.28020833333333334}
{"loss": 0.07091434026757876, "accuracy": 0.3416666666666667}
{"loss": 0.0645371275919455, "accuracy": 0.4416666666666667}
{"loss": 0.05685362592339516, "accuracy": 0.48333333333333334}
{"loss": 0.05098385860522588, "accuracy": 0.5031249999999999}
{"loss": 0.04871576838195324, "accuracy": 0.5333333333333334}
{"loss": 0.054232840860883404, "accuracy": 0.5437500000000001}
{"loss": 0.06602260408302149, "accuracy": 0.553125}
{"loss": 0.08134269403914611, "accuracy": 0.5520833333333333}
{"loss": 0.10090598265329997, "accuracy": 0.5666666666666667}
{"loss": 0.12390942834317684, "accuracy": 0.5437500000000001}
{"loss": 0.17083828200896584, "accuracy": 0.5125}
{"loss": 0.2317347119251887, "accuracy": 0.5187499999999999}
{"loss": 0.3002082914113999, "accuracy": 0.49270833333333336}
{"loss": 0.3866475045681, "accuracy": 0.4614583333333333}
{"loss": 0.5103211551904678, "accuracy": 0.4447916666666667}
{"loss": 0.6072727600733439, "accuracy": 0.4520833333333333}
{"loss": 0.8248131295045217, "accuracy": 0.440625}
