{"round": 0, "loss": 0.0721090440750122, "accuracy": 0.0788, "preccision": 0.013255274689366837, "recall": 0.0788, "f1": 0.019073228572654494}
{"round": 1, "loss": 0.07171826715469361, "accuracy": 0.099, "preccision": 0.2110213183730715, "recall": 0.099, "f1": 0.01950580920118378}
{"round": 2, "loss": 0.07110146651268005, "accuracy": 0.1533, "preccision": 0.3486747680606391, "recall": 0.1533, "f1": 0.10472026602650074}
{"round": 3, "loss": 0.06966728134155273, "accuracy": 0.2803, "preccision": 0.33079614869326524, "recall": 0.2803, "f1": 0.1822861242946742}
{"round": 4, "loss": 0.06649891488552094, "accuracy": 0.3352, "preccision": 0.40395457815989394, "recall": 0.3352, "f1": 0.26778118843637005}
{"round": 5, "loss": 0.0606743640422821, "accuracy": 0.4258, "preccision": 0.4670841854324428, "recall": 0.4258, "f1": 0.35768960274736067}
{"round": 6, "loss": 0.05242177083492279, "accuracy": 0.5032, "preccision": 0.49414782411014596, "recall": 0.5032, "f1": 0.447067383144801}
{"round": 7, "loss": 0.04623336375951767, "accuracy": 0.5088, "preccision": 0.5140533417442501, "recall": 0.5088, "f1": 0.45507968940743787}
{"round": 8, "loss": 0.04345197163820267, "accuracy": 0.5457, "preccision": 0.5415484668974495, "recall": 0.5457, "f1": 0.5064523478514706}
{"round": 9, "loss": 0.04744183251261711, "accuracy": 0.5564, "preccision": 0.5502223563769266, "recall": 0.5564, "f1": 0.5191845319966818}
{"round": 10, "loss": 0.05606117211580276, "accuracy": 0.5622, "preccision": 0.5585384089923291, "recall": 0.5622, "f1": 0.5359801148555078}
{"round": 11, "loss": 0.06587082111239433, "accuracy": 0.5801, "preccision": 0.5620303729135855, "recall": 0.5801, "f1": 0.560354378417581}
{"round": 12, "loss": 0.08587842185497284, "accuracy": 0.5737, "preccision": 0.5616684296757268, "recall": 0.5737, "f1": 0.556182684135886}
{"round": 13, "loss": 0.10956661067008973, "accuracy": 0.5586, "preccision": 0.5499007356889887, "recall": 0.5586, "f1": 0.5483897077162165}
{"round": 14, "loss": 0.14664716007709502, "accuracy": 0.5446, "preccision": 0.5381399716504, "recall": 0.5446, "f1": 0.5354554351415592}
{"round": 15, "loss": 0.20182199070453644, "accuracy": 0.5183, "preccision": 0.5102205229090969, "recall": 0.5183, "f1": 0.5042057203854838}
{"round": 16, "loss": 0.25374515092372896, "accuracy": 0.5041, "preccision": 0.4968443102643519, "recall": 0.5041, "f1": 0.49733539925278464}
{"round": 17, "loss": 0.33252747983932496, "accuracy": 0.4868, "preccision": 0.4809357154370518, "recall": 0.4868, "f1": 0.4796607624375447}
{"round": 18, "loss": 0.4281267339706421, "accuracy": 0.4712, "preccision": 0.469221033817764, "recall": 0.4712, "f1": 0.4651821348587496}
{"round": 19, "loss": 0.5372447646141052, "accuracy": 0.4606, "preccision": 0.4546095969096506, "recall": 0.4606, "f1": 0.45350417594352677}
{"round": 20, "loss": 0.676717137336731, "accuracy": 0.446, "preccision": 0.44823227505832003, "recall": 0.446, "f1": 0.4419565501998981}
