{"loss": 0.0766423761844635, "accuracy": 0.1375}
{"loss": 0.07583966453870138, "accuracy": 0.175}
{"loss": 0.07481857339541118, "accuracy": 0.2791666666666667}
{"loss": 0.0727084497610728, "accuracy": 0.4125}
{"loss": 0.07009798586368561, "accuracy": 0.4625}
{"loss": 0.06684053391218187, "accuracy": 0.4166666666666667}
{"loss": 0.06145141969124476, "accuracy": 0.5083333333333333}
{"loss": 0.056683061520258586, "accuracy": 0.49166666666666664}
{"loss": 0.05137765308221181, "accuracy": 0.5708333333333333}
{"loss": 0.0481311172246933, "accuracy": 0.5583333333333333}
{"loss": 0.045061994592348734, "accuracy": 0.5625}
{"loss": 0.04088679452737172, "accuracy": 0.6333333333333333}
{"loss": 0.040801165501276646, "accuracy": 0.6208333333333333}
{"loss": 0.03575531765818596, "accuracy": 0.6708333333333334}
{"loss": 0.036128796885410944, "accuracy": 0.6458333333333333}
{"loss": 0.03657234385609627, "accuracy": 0.6583333333333334}
{"loss": 0.03407214482625326, "accuracy": 0.6833333333333333}
{"loss": 0.03519310380021731, "accuracy": 0.6583333333333333}
{"loss": 0.03447507321834564, "accuracy": 0.6708333333333334}
{"loss": 0.031988215446472165, "accuracy": 0.7208333333333333}
