{"round": 0, "loss": 0.07237841854095459, "accuracy": 0.0628}
{"round": 1, "loss": 0.07164225277900696, "accuracy": 0.1631}
{"round": 2, "loss": 0.07084003183841706, "accuracy": 0.2087}
{"round": 3, "loss": 0.06968013038635254, "accuracy": 0.3451}
{"round": 4, "loss": 0.06763535063266754, "accuracy": 0.4425}
{"round": 5, "loss": 0.06455334473848343, "accuracy": 0.5044}
{"round": 6, "loss": 0.06064980493783951, "accuracy": 0.4864}
{"round": 7, "loss": 0.05500217869281769, "accuracy": 0.5493}
{"round": 8, "loss": 0.048997890317440035, "accuracy": 0.5693}
{"round": 9, "loss": 0.04384088699817657, "accuracy": 0.6165}
{"round": 10, "loss": 0.03932532072067261, "accuracy": 0.6182}
{"round": 11, "loss": 0.035861558532714846, "accuracy": 0.634}
{"round": 12, "loss": 0.03202322398424148, "accuracy": 0.6721}
{"round": 13, "loss": 0.030834201771020888, "accuracy": 0.6836}
{"round": 14, "loss": 0.027367149943113327, "accuracy": 0.7224}
{"round": 15, "loss": 0.026172529035806656, "accuracy": 0.7219}
{"round": 16, "loss": 0.027219006541371344, "accuracy": 0.7263}
{"round": 17, "loss": 0.023887791687250137, "accuracy": 0.7464}
{"round": 18, "loss": 0.027291678529977798, "accuracy": 0.71}
{"round": 19, "loss": 0.024241909411549568, "accuracy": 0.7432}
{"round": 20, "loss": 0.023205942633748054, "accuracy": 0.7553}
