{"loss": 0.07671174903710684, "accuracy": 0.1}
{"loss": 0.07643185456593832, "accuracy": 0.18333333333333332}
{"loss": 0.07550627489884695, "accuracy": 0.2583333333333333}
{"loss": 0.07332683404286702, "accuracy": 0.3041666666666667}
{"loss": 0.06924805442492167, "accuracy": 0.37916666666666665}
{"loss": 0.06270666023095449, "accuracy": 0.43333333333333335}
{"loss": 0.05574382344881694, "accuracy": 0.4583333333333333}
{"loss": 0.053213804960250854, "accuracy": 0.4708333333333333}
{"loss": 0.0585414633154869, "accuracy": 0.4916666666666667}
{"loss": 0.07269469449917475, "accuracy": 0.4916666666666667}
{"loss": 0.09489506582419077, "accuracy": 0.5125}
{"loss": 0.1270480990409851, "accuracy": 0.5166666666666666}
{"loss": 0.17062669595082602, "accuracy": 0.5083333333333333}
{"loss": 0.2268609086672465, "accuracy": 0.5125}
{"loss": 0.2984180172284444, "accuracy": 0.4875}
{"loss": 0.3916811565558116, "accuracy": 0.4708333333333333}
{"loss": 0.5084122141202291, "accuracy": 0.4583333333333333}
{"loss": 0.6547017137209574, "accuracy": 0.45}
{"loss": 0.8289834380149841, "accuracy": 0.44999999999999996}
{"loss": 1.041388201713562, "accuracy": 0.4041666666666667}
