{"round": 0, "loss": 0.07228001170158387, "accuracy": 0.1135, "preccision": 0.012883538353835385, "recall": 0.1135, "f1": 0.02314038081552003}
{"round": 1, "loss": 0.07205998191833496, "accuracy": 0.1179, "preccision": 0.03924621207587817, "recall": 0.1179, "f1": 0.03102923941354232}
{"round": 2, "loss": 0.07181974086761475, "accuracy": 0.1753, "preccision": 0.04289588472448275, "recall": 0.1753, "f1": 0.06707077432132472}
{"round": 3, "loss": 0.07098443884849548, "accuracy": 0.2498, "preccision": 0.20570455815613214, "recall": 0.2498, "f1": 0.1614104242643211}
{"round": 4, "loss": 0.06889225852489471, "accuracy": 0.2718, "preccision": 0.3869112059974939, "recall": 0.2718, "f1": 0.1863266823457447}
{"round": 5, "loss": 0.06472424241304398, "accuracy": 0.3373, "preccision": 0.4287303737356914, "recall": 0.3373, "f1": 0.2886234893023493}
{"round": 6, "loss": 0.057458856642246245, "accuracy": 0.4413, "preccision": 0.5104941417330625, "recall": 0.4413, "f1": 0.4224940698260416}
{"round": 7, "loss": 0.04916143115758896, "accuracy": 0.4972, "preccision": 0.5076602533938922, "recall": 0.4972, "f1": 0.4817558191652595}
{"round": 8, "loss": 0.04522226668000221, "accuracy": 0.5281, "preccision": 0.5138841755789278, "recall": 0.5281, "f1": 0.5101260823598345}
{"round": 9, "loss": 0.04826572898626327, "accuracy": 0.5427, "preccision": 0.5311701792127135, "recall": 0.5427, "f1": 0.5289446010645213}
{"round": 10, "loss": 0.05870934480428696, "accuracy": 0.5511, "preccision": 0.5396379804170564, "recall": 0.5511, "f1": 0.5402438555863056}
{"round": 11, "loss": 0.07638085240125655, "accuracy": 0.5456, "preccision": 0.5412487515417727, "recall": 0.5456, "f1": 0.540253072165756}
{"round": 12, "loss": 0.10222692232131958, "accuracy": 0.5366, "preccision": 0.5363117351450832, "recall": 0.5366, "f1": 0.5343547845728919}
{"round": 13, "loss": 0.13819964215755462, "accuracy": 0.5237, "preccision": 0.5268366703279124, "recall": 0.5237, "f1": 0.5229824662831961}
{"round": 14, "loss": 0.18571893112659454, "accuracy": 0.5107, "preccision": 0.5165973330206931, "recall": 0.5107, "f1": 0.5112215919873031}
{"round": 15, "loss": 0.247012602353096, "accuracy": 0.4969, "preccision": 0.5054051391996783, "recall": 0.4969, "f1": 0.4985642746643558}
{"round": 16, "loss": 0.32572331495285034, "accuracy": 0.4789, "preccision": 0.4916696457576173, "recall": 0.4789, "f1": 0.48214164504549945}
{"round": 17, "loss": 0.42334129009246824, "accuracy": 0.465, "preccision": 0.48170036725146254, "recall": 0.465, "f1": 0.4699053546887602}
{"round": 18, "loss": 0.5434585944652557, "accuracy": 0.4551, "preccision": 0.4712928283046548, "recall": 0.4551, "f1": 0.459437468937431}
{"round": 19, "loss": 0.6880280972480773, "accuracy": 0.4474, "preccision": 0.4631237953897399, "recall": 0.4474, "f1": 0.45198062244322956}
{"round": 20, "loss": 0.8606653602600097, "accuracy": 0.4396, "preccision": 0.4556442156827534, "recall": 0.4396, "f1": 0.4446984183238424}
