{"loss": 0.07651423116525014, "accuracy": 0.10833333333333334}
{"loss": 0.07514967322349547, "accuracy": 0.19166666666666665}
{"loss": 0.07262215514977773, "accuracy": 0.3125}
{"loss": 0.06842253555854161, "accuracy": 0.33333333333333337}
{"loss": 0.06202380259831747, "accuracy": 0.35416666666666663}
{"loss": 0.05555627395709356, "accuracy": 0.4083333333333333}
{"loss": 0.052529509862264, "accuracy": 0.44999999999999996}
{"loss": 0.052166533470153806, "accuracy": 0.4875}
{"loss": 0.05898876537879308, "accuracy": 0.5}
{"loss": 0.07267601440350215, "accuracy": 0.5291666666666667}
{"loss": 0.09340504705905914, "accuracy": 0.49583333333333335}
{"loss": 0.12504669427871706, "accuracy": 0.4916666666666667}
{"loss": 0.16923627754052478, "accuracy": 0.4708333333333333}
{"loss": 0.23760335644086203, "accuracy": 0.44166666666666665}
{"loss": 0.300323752562205, "accuracy": 0.44999999999999996}
{"loss": 0.39458347360293067, "accuracy": 0.4375}
{"loss": 0.5135963141918183, "accuracy": 0.42083333333333334}
{"loss": 0.6609882990519206, "accuracy": 0.4041666666666667}
{"loss": 0.8375088373819988, "accuracy": 0.3833333333333333}
{"loss": 1.0683698256810508, "accuracy": 0.3583333333333333}
