{"round": 0, "loss": 0.07237841854095459, "accuracy": 0.0628, "preccision": 0.024559532652178438, "recall": 0.0628, "f1": 0.03398203225203176}
{"round": 1, "loss": 0.07158091323375702, "accuracy": 0.1251, "preccision": 0.10749760258793663, "recall": 0.1251, "f1": 0.043170826680436}
{"round": 2, "loss": 0.07025558087825776, "accuracy": 0.2505, "preccision": 0.23210135000694818, "recall": 0.2505, "f1": 0.18502940205456475}
{"round": 3, "loss": 0.06780772013664245, "accuracy": 0.3666, "preccision": 0.29026219058465863, "recall": 0.3666, "f1": 0.29848292344847693}
{"round": 4, "loss": 0.06342345089912414, "accuracy": 0.3933, "preccision": 0.4233313461635913, "recall": 0.3933, "f1": 0.3120241920329116}
{"round": 5, "loss": 0.056414775800704954, "accuracy": 0.4217, "preccision": 0.4099629201294622, "recall": 0.4217, "f1": 0.36689411074492584}
{"round": 6, "loss": 0.04944282116889954, "accuracy": 0.477, "preccision": 0.4720266724096094, "recall": 0.477, "f1": 0.41307664739893507}
{"round": 7, "loss": 0.04669984040260315, "accuracy": 0.5101, "preccision": 0.4517897235379638, "recall": 0.5101, "f1": 0.44574603560651105}
{"round": 8, "loss": 0.04828576014041901, "accuracy": 0.5389, "preccision": 0.48224613669599786, "recall": 0.5389, "f1": 0.48473753326766583}
{"round": 9, "loss": 0.05586059048771858, "accuracy": 0.5473, "preccision": 0.4991363740424226, "recall": 0.5473, "f1": 0.5008297495380397}
{"round": 10, "loss": 0.06878582414984703, "accuracy": 0.5497, "preccision": 0.5152801669784437, "recall": 0.5497, "f1": 0.5127519901465503}
{"round": 11, "loss": 0.08650846382379532, "accuracy": 0.5482, "preccision": 0.5232509639607853, "recall": 0.5482, "f1": 0.5225144243178427}
{"round": 12, "loss": 0.11255882377624511, "accuracy": 0.5436, "preccision": 0.5226006312752516, "recall": 0.5436, "f1": 0.5254291600198702}
{"round": 13, "loss": 0.15015916839838028, "accuracy": 0.5341, "preccision": 0.5158182021550659, "recall": 0.5341, "f1": 0.5190494239888811}
{"round": 14, "loss": 0.19894575531482697, "accuracy": 0.5187, "preccision": 0.502841140366655, "recall": 0.5187, "f1": 0.5061467359991825}
{"round": 15, "loss": 0.2616930908441544, "accuracy": 0.5002, "preccision": 0.48617418969028875, "recall": 0.5002, "f1": 0.4897352000793}
{"round": 16, "loss": 0.34328540663719176, "accuracy": 0.4807, "preccision": 0.46977195417737205, "recall": 0.4807, "f1": 0.47125185422188887}
{"round": 17, "loss": 0.44430636858940126, "accuracy": 0.4634, "preccision": 0.4547941389280761, "recall": 0.4634, "f1": 0.4554174451653397}
{"round": 18, "loss": 0.5678499611854553, "accuracy": 0.449, "preccision": 0.4411088138816314, "recall": 0.449, "f1": 0.441619494024778}
{"round": 19, "loss": 0.7159768720626831, "accuracy": 0.437, "preccision": 0.43105368792958454, "recall": 0.437, "f1": 0.4316095774908534}
{"round": 20, "loss": 0.9010594740867615, "accuracy": 0.4189, "preccision": 0.4157414674394779, "recall": 0.4189, "f1": 0.4140144362772043}
