{"loss": 0.07659914255142213, "accuracy": 0.11333333333333331}
{"loss": 0.07548097749551137, "accuracy": 0.13666666666666666}
{"loss": 0.07065748184919357, "accuracy": 0.25916666666666666}
{"loss": 0.06642732212940852, "accuracy": 0.37083333333333335}
{"loss": 0.09633704801400503, "accuracy": 0.4066666666666666}
{"loss": 0.18359371026357013, "accuracy": 0.3983333333333333}
{"loss": 0.3579436775048574, "accuracy": 0.36750000000000005}
{"loss": 0.662133276462555, "accuracy": 0.35}
{"loss": 1.1600755643844605, "accuracy": 0.32583333333333336}
{"loss": 1.9312250868479406, "accuracy": 0.3175}
{"loss": 3.065339034398397, "accuracy": 0.3066666666666667}
{"loss": 4.670315233866374, "accuracy": 0.3025}
{"loss": 6.8708832041422525, "accuracy": 0.2975}
{"loss": 9.836835021972655, "accuracy": 0.29}
{"loss": 13.73721310933431, "accuracy": 0.29333333333333333}
{"loss": 18.770532302856445, "accuracy": 0.29}
{"loss": 25.19070213317871, "accuracy": 0.28250000000000003}
{"loss": 33.252072194417316, "accuracy": 0.2841666666666667}
{"loss": 43.2650114440918, "accuracy": 0.28583333333333333}
{"loss": 55.58013224283853, "accuracy": 0.28500000000000003}
