{"round": 0, "loss": 0.07210985743999482, "accuracy": 0.1213, "preccision": 0.03753566603846442, "recall": 0.1213, "f1": 0.042972211694337376}
{"round": 1, "loss": 0.07191998500823975, "accuracy": 0.1046, "preccision": 0.04967051084528269, "recall": 0.1046, "f1": 0.023997106004579872}
{"round": 2, "loss": 0.07110323870182038, "accuracy": 0.1208, "preccision": 0.0555877136778616, "recall": 0.1208, "f1": 0.06236853734199161}
{"round": 3, "loss": 0.06711872245073318, "accuracy": 0.2379, "preccision": 0.3187606593863918, "recall": 0.2379, "f1": 0.13455205378735532}
{"round": 4, "loss": 0.06429179191589356, "accuracy": 0.3422, "preccision": 0.35441837133719134, "recall": 0.3422, "f1": 0.2905257500241913}
{"round": 5, "loss": 0.09225661870241166, "accuracy": 0.3927, "preccision": 0.36690653756319225, "recall": 0.3927, "f1": 0.358655548900115}
{"round": 6, "loss": 0.17327957065105437, "accuracy": 0.3943, "preccision": 0.3744516891358242, "recall": 0.3943, "f1": 0.37315037337547685}
{"round": 7, "loss": 0.3359032375335693, "accuracy": 0.3761, "preccision": 0.36297783885820756, "recall": 0.3761, "f1": 0.3616470395029674}
{"round": 8, "loss": 0.619790661907196, "accuracy": 0.3573, "preccision": 0.3493562314866176, "recall": 0.3573, "f1": 0.3474580655798395}
{"round": 9, "loss": 1.0852654109954833, "accuracy": 0.3433, "preccision": 0.33949836388319643, "recall": 0.3433, "f1": 0.33608868055162416}
{"round": 10, "loss": 1.8025917739868165, "accuracy": 0.3316, "preccision": 0.33021426596348236, "recall": 0.3316, "f1": 0.32574777038118446}
{"round": 11, "loss": 2.855541955947876, "accuracy": 0.3232, "preccision": 0.3236983655927589, "recall": 0.3232, "f1": 0.3182454491073458}
{"round": 12, "loss": 4.344531623840332, "accuracy": 0.3194, "preccision": 0.3180798512907363, "recall": 0.3194, "f1": 0.3137908224353894}
{"round": 13, "loss": 6.39264362411499, "accuracy": 0.3146, "preccision": 0.312592055366914, "recall": 0.3146, "f1": 0.3087417052701958}
{"round": 14, "loss": 9.155505685424805, "accuracy": 0.3121, "preccision": 0.3102313819676711, "recall": 0.3121, "f1": 0.3062159229592728}
{"round": 15, "loss": 12.7915952835083, "accuracy": 0.3112, "preccision": 0.30740341750302647, "recall": 0.3112, "f1": 0.30492557670431025}
{"round": 16, "loss": 17.48780221557617, "accuracy": 0.3111, "preccision": 0.3066186011903914, "recall": 0.3111, "f1": 0.3045935382183017}
{"round": 17, "loss": 23.48019264526367, "accuracy": 0.3089, "preccision": 0.3045523210288295, "recall": 0.3089, "f1": 0.30274147986222827}
{"round": 18, "loss": 31.033252301025392, "accuracy": 0.3082, "preccision": 0.3035060596151817, "recall": 0.3082, "f1": 0.3019981413207937}
{"round": 19, "loss": 40.41784650878906, "accuracy": 0.3064, "preccision": 0.3016068751780342, "recall": 0.3064, "f1": 0.3001065984595085}
{"round": 20, "loss": 51.95122080078125, "accuracy": 0.3052, "preccision": 0.29985383130196597, "recall": 0.3052, "f1": 0.29855923471749346}
