{"loss": 0.0761619234085083, "accuracy": 0.20833333333333334}
{"loss": 0.07527224858601886, "accuracy": 0.2783333333333333}
{"loss": 0.07388206958770753, "accuracy": 0.4166666666666667}
{"loss": 0.07188520630200704, "accuracy": 0.51}
{"loss": 0.06896868209044138, "accuracy": 0.5083333333333333}
{"loss": 0.06496920148531596, "accuracy": 0.61}
{"loss": 0.05999977807203928, "accuracy": 0.6066666666666667}
{"loss": 0.05469443937142691, "accuracy": 0.63}
{"loss": 0.05046422084172567, "accuracy": 0.5833333333333334}
{"loss": 0.04482803285121918, "accuracy": 0.6199999999999999}
{"loss": 0.040589108765125274, "accuracy": 0.6133333333333333}
{"loss": 0.036054418087005616, "accuracy": 0.6733333333333332}
{"loss": 0.03438778579235077, "accuracy": 0.65}
{"loss": 0.032051100333531694, "accuracy": 0.6716666666666666}
{"loss": 0.029233129421869914, "accuracy": 0.7066666666666668}
{"loss": 0.028216371834278102, "accuracy": 0.695}
{"loss": 0.027774236748615906, "accuracy": 0.7066666666666667}
{"loss": 0.024711132695277534, "accuracy": 0.7433333333333334}
{"loss": 0.02546043654282888, "accuracy": 0.7383333333333334}
{"loss": 0.023546190460522972, "accuracy": 0.7533333333333334}
