{"round": 0, "loss": 0.07224980416297913, "accuracy": 0.0822}
{"round": 1, "loss": 0.07150592420101166, "accuracy": 0.2169}
{"round": 2, "loss": 0.07058623392581939, "accuracy": 0.2861}
{"round": 3, "loss": 0.06923006410598755, "accuracy": 0.4241}
{"round": 4, "loss": 0.06719228093624115, "accuracy": 0.5293}
{"round": 5, "loss": 0.06432892012596131, "accuracy": 0.5217}
{"round": 6, "loss": 0.06031928874254227, "accuracy": 0.6247}
{"round": 7, "loss": 0.055317886328697205, "accuracy": 0.6486}
{"round": 8, "loss": 0.049821154654026034, "accuracy": 0.6675}
{"round": 9, "loss": 0.04523076055049896, "accuracy": 0.6275}
{"round": 10, "loss": 0.03979090194106102, "accuracy": 0.6645}
{"round": 11, "loss": 0.03555796706676483, "accuracy": 0.6774}
{"round": 12, "loss": 0.0314667921602726, "accuracy": 0.7279}
{"round": 13, "loss": 0.02969548943042755, "accuracy": 0.6935}
{"round": 14, "loss": 0.027506532329320908, "accuracy": 0.7104}
{"round": 15, "loss": 0.025027612307667733, "accuracy": 0.7566}
{"round": 16, "loss": 0.024499878618121147, "accuracy": 0.7275}
{"round": 17, "loss": 0.023743608072400092, "accuracy": 0.7504}
{"round": 18, "loss": 0.021126752737164498, "accuracy": 0.7782}
{"round": 19, "loss": 0.021298098304867744, "accuracy": 0.7734}
{"round": 20, "loss": 0.019785128486156465, "accuracy": 0.7967}
