{"loss": 0.07637885188062984, "accuracy": 0.159375}
{"loss": 0.07563615764180819, "accuracy": 0.18958333333333335}
{"loss": 0.07417216946681339, "accuracy": 0.278125}
{"loss": 0.07115975022315979, "accuracy": 0.309375}
{"loss": 0.06579013504087924, "accuracy": 0.4208333333333334}
{"loss": 0.057666626075903574, "accuracy": 0.48020833333333335}
{"loss": 0.04980880493919054, "accuracy": 0.5104166666666666}
{"loss": 0.045898748189210886, "accuracy": 0.5395833333333333}
{"loss": 0.04726686297605435, "accuracy": 0.5593750000000001}
{"loss": 0.054340231232345104, "accuracy": 0.58125}
{"loss": 0.06712730526924134, "accuracy": 0.5864583333333333}
{"loss": 0.08670551429192226, "accuracy": 0.5802083333333333}
{"loss": 0.11357877813279628, "accuracy": 0.5645833333333333}
{"loss": 0.14995354289809865, "accuracy": 0.5510416666666667}
{"loss": 0.19680079668760297, "accuracy": 0.5302083333333333}
{"loss": 0.25708913306395215, "accuracy": 0.5104166666666666}
{"loss": 0.33238875965277354, "accuracy": 0.49375}
{"loss": 0.41623851209878926, "accuracy": 0.4864583333333333}
{"loss": 0.5024186511834462, "accuracy": 0.47604166666666664}
{"loss": 0.6824146330356599, "accuracy": 0.4666666666666667}
