{"round": 0, "loss": 0.07218380236625671, "accuracy": 0.0859, "preccision": 0.017529694651803568, "recall": 0.0859, "f1": 0.019027111094346374}
{"round": 1, "loss": 0.07165103061199188, "accuracy": 0.1708, "preccision": 0.05969039524166634, "recall": 0.1708, "f1": 0.07654995154786348}
{"round": 2, "loss": 0.07097502670288086, "accuracy": 0.1845, "preccision": 0.2548474001789101, "recall": 0.1845, "f1": 0.12841679904369205}
{"round": 3, "loss": 0.06953684067726135, "accuracy": 0.2952, "preccision": 0.36573283557219066, "recall": 0.2952, "f1": 0.2017389030279909}
{"round": 4, "loss": 0.06659034526348113, "accuracy": 0.33, "preccision": 0.4269240306825045, "recall": 0.33, "f1": 0.24352177693872376}
{"round": 5, "loss": 0.06133231691122055, "accuracy": 0.4321, "preccision": 0.44617305180467937, "recall": 0.4321, "f1": 0.363027093144305}
{"round": 6, "loss": 0.0533206953048706, "accuracy": 0.49, "preccision": 0.5044685036275743, "recall": 0.49, "f1": 0.4347066087117637}
{"round": 7, "loss": 0.045461046588420866, "accuracy": 0.5208, "preccision": 0.5086682770920301, "recall": 0.5208, "f1": 0.47511827847081967}
{"round": 8, "loss": 0.041274250334501265, "accuracy": 0.5514, "preccision": 0.540516045939973, "recall": 0.5514, "f1": 0.5172702022169714}
{"round": 9, "loss": 0.04179623057842255, "accuracy": 0.5698, "preccision": 0.5576588860088486, "recall": 0.5698, "f1": 0.5462032298200611}
{"round": 10, "loss": 0.047283399665355684, "accuracy": 0.5804, "preccision": 0.569858852076053, "recall": 0.5804, "f1": 0.5643433053558948}
{"round": 11, "loss": 0.05791104789972305, "accuracy": 0.5845, "preccision": 0.5764010737407674, "recall": 0.5845, "f1": 0.5738206744607844}
{"round": 12, "loss": 0.07438862280845641, "accuracy": 0.576, "preccision": 0.5707548429625398, "recall": 0.576, "f1": 0.5686239478488805}
{"round": 13, "loss": 0.09800116037130356, "accuracy": 0.5628, "preccision": 0.5604677508480328, "recall": 0.5628, "f1": 0.5578359542910488}
{"round": 14, "loss": 0.1308773953437805, "accuracy": 0.5417, "preccision": 0.5428399248779066, "recall": 0.5417, "f1": 0.5381614831568272}
{"round": 15, "loss": 0.17321500878334045, "accuracy": 0.5284, "preccision": 0.5315727144681558, "recall": 0.5284, "f1": 0.5262170953873616}
{"round": 16, "loss": 0.22738314123153686, "accuracy": 0.5167, "preccision": 0.5196405356418019, "recall": 0.5167, "f1": 0.5149315775853468}
{"round": 17, "loss": 0.29514394249916076, "accuracy": 0.5012, "preccision": 0.5041322125906076, "recall": 0.5012, "f1": 0.4997572969807551}
{"round": 18, "loss": 0.37915784697532656, "accuracy": 0.4915, "preccision": 0.49445808430240684, "recall": 0.4915, "f1": 0.4902632938525788}
{"round": 19, "loss": 0.4824638256072998, "accuracy": 0.4821, "preccision": 0.48711894949837886, "recall": 0.4821, "f1": 0.4815784524957323}
{"round": 20, "loss": 0.6069127386093139, "accuracy": 0.4719, "preccision": 0.47628280401271705, "recall": 0.4719, "f1": 0.4712744851943213}
