{"loss": 0.07681235949198405, "accuracy": 0.12083333333333332}
{"loss": 0.0766050265232722, "accuracy": 0.1375}
{"loss": 0.07640653888384501, "accuracy": 0.20999999999999996}
{"loss": 0.07612978418668112, "accuracy": 0.22666666666666666}
{"loss": 0.07572109162807464, "accuracy": 0.2783333333333333}
{"loss": 0.07497219483057657, "accuracy": 0.35583333333333333}
{"loss": 0.07373154123624166, "accuracy": 0.44416666666666665}
{"loss": 0.07155315697193146, "accuracy": 0.5016666666666667}
{"loss": 0.06822413563728333, "accuracy": 0.5516666666666667}
{"loss": 0.06346922248601913, "accuracy": 0.61}
{"loss": 0.0570997753739357, "accuracy": 0.6583333333333332}
{"loss": 0.049839938978354134, "accuracy": 0.6625}
{"loss": 0.043185458928346625, "accuracy": 0.6675}
{"loss": 0.037570389956235885, "accuracy": 0.6891666666666667}
{"loss": 0.03366285969813665, "accuracy": 0.6908333333333334}
{"loss": 0.03076028952995936, "accuracy": 0.7}
{"loss": 0.02850363751252492, "accuracy": 0.7191666666666667}
{"loss": 0.026833129028479258, "accuracy": 0.7324999999999999}
{"loss": 0.024935128465294838, "accuracy": 0.7466666666666667}
{"loss": 0.024159471293290456, "accuracy": 0.7558333333333334}
