{"round": 0, "loss": 0.07228001170158387, "accuracy": 0.1135}
{"round": 1, "loss": 0.07206067054271698, "accuracy": 0.1135}
{"round": 2, "loss": 0.07188376526832581, "accuracy": 0.1285}
{"round": 3, "loss": 0.07171358532905579, "accuracy": 0.1909}
{"round": 4, "loss": 0.07146102573871613, "accuracy": 0.2094}
{"round": 5, "loss": 0.07106129751205445, "accuracy": 0.2691}
{"round": 6, "loss": 0.07034343132972717, "accuracy": 0.3535}
{"round": 7, "loss": 0.06915482881069183, "accuracy": 0.4431}
{"round": 8, "loss": 0.0670829913854599, "accuracy": 0.5061}
{"round": 9, "loss": 0.06386838200092315, "accuracy": 0.5508}
{"round": 10, "loss": 0.059348321521282194, "accuracy": 0.6053}
{"round": 11, "loss": 0.053283466124534606, "accuracy": 0.659}
{"round": 12, "loss": 0.04645825357437134, "accuracy": 0.664}
{"round": 13, "loss": 0.0401679914355278, "accuracy": 0.6693}
{"round": 14, "loss": 0.0348893729031086, "accuracy": 0.6821}
{"round": 15, "loss": 0.03133729411363602, "accuracy": 0.6921}
{"round": 16, "loss": 0.028691599714756013, "accuracy": 0.701}
{"round": 17, "loss": 0.026511819261312485, "accuracy": 0.7188}
{"round": 18, "loss": 0.0248069406747818, "accuracy": 0.7394}
{"round": 19, "loss": 0.02327420997917652, "accuracy": 0.7581}
{"round": 20, "loss": 0.02262182861864567, "accuracy": 0.7618}
