{"loss": 0.07625581204891205, "accuracy": 0.16583333333333333}
{"loss": 0.0754610910018285, "accuracy": 0.1275}
{"loss": 0.07358991622924806, "accuracy": 0.2308333333333333}
{"loss": 0.06977092822392782, "accuracy": 0.33083333333333337}
{"loss": 0.06308923731247583, "accuracy": 0.4675000000000001}
{"loss": 0.05451197862625122, "accuracy": 0.505}
{"loss": 0.04772198528051376, "accuracy": 0.5158333333333334}
{"loss": 0.044650443146626154, "accuracy": 0.5416666666666666}
{"loss": 0.04448137968778611, "accuracy": 0.5583333333333333}
{"loss": 0.046946267535289125, "accuracy": 0.5825000000000001}
{"loss": 0.052481362273295716, "accuracy": 0.5983333333333333}
{"loss": 0.06129398574431737, "accuracy": 0.5983333333333334}
{"loss": 0.07402143398920695, "accuracy": 0.6033333333333334}
{"loss": 0.09088787406682967, "accuracy": 0.6075}
{"loss": 0.11360864659150441, "accuracy": 0.5925}
{"loss": 0.1422930669784546, "accuracy": 0.59}
{"loss": 0.1789475894967715, "accuracy": 0.5766666666666665}
{"loss": 0.22395970503489174, "accuracy": 0.5675000000000001}
{"loss": 0.27950429956118267, "accuracy": 0.5549999999999999}
{"loss": 0.34684549450874325, "accuracy": 0.5416666666666667}
