{"round": 0, "loss": 0.07207710530757903, "accuracy": 0.1028, "preccision": 0.010569953990798159, "recall": 0.1028, "f1": 0.019168946127335388}
{"round": 1, "loss": 0.07163104708194733, "accuracy": 0.1644, "preccision": 0.0368176465696705, "recall": 0.1644, "f1": 0.058454605263034955}
{"round": 2, "loss": 0.07091075294017792, "accuracy": 0.1115, "preccision": 0.09288819576217584, "recall": 0.1115, "f1": 0.03613763240533052}
{"round": 3, "loss": 0.06917811934947968, "accuracy": 0.2138, "preccision": 0.36231046544887174, "recall": 0.2138, "f1": 0.12213481763166595}
{"round": 4, "loss": 0.06559361103773118, "accuracy": 0.3249, "preccision": 0.4354970106141145, "recall": 0.3249, "f1": 0.24141032365961745}
{"round": 5, "loss": 0.05915869063138962, "accuracy": 0.4718, "preccision": 0.5040704726465858, "recall": 0.4718, "f1": 0.4174684668726407}
{"round": 6, "loss": 0.0508779267668724, "accuracy": 0.5159, "preccision": 0.531942571197401, "recall": 0.5159, "f1": 0.474145540410611}
{"round": 7, "loss": 0.04440407740473747, "accuracy": 0.5401, "preccision": 0.5507736421190657, "recall": 0.5401, "f1": 0.5031343960151837}
{"round": 8, "loss": 0.04168911710381508, "accuracy": 0.5624, "preccision": 0.5670723558694141, "recall": 0.5624, "f1": 0.5286633461759093}
{"round": 9, "loss": 0.04200057367086411, "accuracy": 0.5842, "preccision": 0.5819669113061795, "recall": 0.5842, "f1": 0.5568071952663348}
{"round": 10, "loss": 0.04475963458418846, "accuracy": 0.6039, "preccision": 0.5936690510033155, "recall": 0.6039, "f1": 0.5844857078085357}
{"round": 11, "loss": 0.050575743526220324, "accuracy": 0.6093, "preccision": 0.5955507476911531, "recall": 0.6093, "f1": 0.5941462826999934}
{"round": 12, "loss": 0.059444810736179354, "accuracy": 0.611, "preccision": 0.5980700945979869, "recall": 0.611, "f1": 0.5989886436719412}
{"round": 13, "loss": 0.07194784216880798, "accuracy": 0.6094, "preccision": 0.5982324753734195, "recall": 0.6094, "f1": 0.5996944457894073}
{"round": 14, "loss": 0.0882280172765255, "accuracy": 0.6047, "preccision": 0.5950866012642809, "recall": 0.6047, "f1": 0.5970535070728004}
{"round": 15, "loss": 0.1096519970536232, "accuracy": 0.5985, "preccision": 0.5903183611752982, "recall": 0.5985, "f1": 0.5918506605013891}
{"round": 16, "loss": 0.13676008020639419, "accuracy": 0.5879, "preccision": 0.5805632105115398, "recall": 0.5879, "f1": 0.5821481448503487}
{"round": 17, "loss": 0.17115229752063751, "accuracy": 0.5782, "preccision": 0.570649912840035, "recall": 0.5782, "f1": 0.5726532985112335}
{"round": 18, "loss": 0.2135056535243988, "accuracy": 0.5673, "preccision": 0.5612549178062418, "recall": 0.5673, "f1": 0.5628677971839958}
{"round": 19, "loss": 0.26567313039302826, "accuracy": 0.5547, "preccision": 0.5493540337660886, "recall": 0.5547, "f1": 0.5508446136194163}
{"round": 20, "loss": 0.32893347158432007, "accuracy": 0.5453, "preccision": 0.5404154023594436, "recall": 0.5453, "f1": 0.5416311680318024}
