{"loss": 0.07649134695529941, "accuracy": 0.1446666666666667}
{"loss": 0.07594262782732644, "accuracy": 0.12999999999999998}
{"loss": 0.07458578952153525, "accuracy": 0.3065}
{"loss": 0.07142343024412791, "accuracy": 0.40049999999999986}
{"loss": 0.06561035680770874, "accuracy": 0.468}
{"loss": 0.056676607767740875, "accuracy": 0.5281666666666667}
{"loss": 0.046786081612110134, "accuracy": 0.5934999999999999}
{"loss": 0.039657743702332174, "accuracy": 0.6308333333333332}
{"loss": 0.037156849622726446, "accuracy": 0.6510000000000001}
{"loss": 0.03889529683689276, "accuracy": 0.6618333333333334}
{"loss": 0.043800355200966194, "accuracy": 0.6691666666666669}
{"loss": 0.052104111010829623, "accuracy": 0.6678333333333335}
{"loss": 0.06406020856897038, "accuracy": 0.6603333333333333}
{"loss": 0.07985577978690464, "accuracy": 0.6516666666666668}
{"loss": 0.10038741602500281, "accuracy": 0.6361666666666665}
{"loss": 0.12624229179819427, "accuracy": 0.6168333333333333}
{"loss": 0.15870923880736035, "accuracy": 0.6025}
{"loss": 0.1984318022727966, "accuracy": 0.5928333333333332}
{"loss": 0.24687468155225126, "accuracy": 0.5795}
{"loss": 0.305513813773791, "accuracy": 0.5666666666666667}
