{"round": 0, "loss": 0.07214015040397644, "accuracy": 0.0988, "preccision": 0.05287489032142538, "recall": 0.0988, "f1": 0.022887375648145417}
{"round": 1, "loss": 0.0718349406003952, "accuracy": 0.1395, "preccision": 0.05001909520102642, "recall": 0.1395, "f1": 0.07257873040730067}
{"round": 2, "loss": 0.07129651372432709, "accuracy": 0.1279, "preccision": 0.12350549907488176, "recall": 0.1279, "f1": 0.04858764727246475}
{"round": 3, "loss": 0.0699718425989151, "accuracy": 0.3108, "preccision": 0.37811936741511526, "recall": 0.3108, "f1": 0.23859858595632522}
{"round": 4, "loss": 0.06690800302028656, "accuracy": 0.4077, "preccision": 0.39034106085731657, "recall": 0.4077, "f1": 0.30434988397290247}
{"round": 5, "loss": 0.06129104617834091, "accuracy": 0.4755, "preccision": 0.63833500625472, "recall": 0.4755, "f1": 0.37461830210571007}
{"round": 6, "loss": 0.05262519137859344, "accuracy": 0.5422, "preccision": 0.60785251005076, "recall": 0.5422, "f1": 0.4796507964016224}
{"round": 7, "loss": 0.04293306818008423, "accuracy": 0.6093, "preccision": 0.619927267854277, "recall": 0.6093, "f1": 0.5811064683822884}
{"round": 8, "loss": 0.03583903885483742, "accuracy": 0.6433, "preccision": 0.6394701620792492, "recall": 0.6433, "f1": 0.6246335381644581}
{"round": 9, "loss": 0.033026599270105365, "accuracy": 0.666, "preccision": 0.6591776639315017, "recall": 0.666, "f1": 0.6519450912100184}
{"round": 10, "loss": 0.03411157367825508, "accuracy": 0.6769, "preccision": 0.6671892194358366, "recall": 0.6769, "f1": 0.6655319759941167}
{"round": 11, "loss": 0.038220805776119235, "accuracy": 0.6846, "preccision": 0.6754859327935588, "recall": 0.6846, "f1": 0.6765220291924311}
{"round": 12, "loss": 0.045358906561136246, "accuracy": 0.684, "preccision": 0.6762272383939169, "recall": 0.684, "f1": 0.67783639374361}
{"round": 13, "loss": 0.0557630897462368, "accuracy": 0.6783, "preccision": 0.6719525690475681, "recall": 0.6783, "f1": 0.6733389068406596}
{"round": 14, "loss": 0.06965450183451176, "accuracy": 0.6685, "preccision": 0.6631291840399264, "recall": 0.6685, "f1": 0.6641166795232255}
{"round": 15, "loss": 0.08768969367444515, "accuracy": 0.6564, "preccision": 0.651369986792845, "recall": 0.6564, "f1": 0.6521840663424062}
{"round": 16, "loss": 0.11063376064300537, "accuracy": 0.6406, "preccision": 0.6356058554829424, "recall": 0.6406, "f1": 0.636477303790883}
{"round": 17, "loss": 0.13964686862826348, "accuracy": 0.6262, "preccision": 0.6213509279604267, "recall": 0.6262, "f1": 0.6220638222141572}
{"round": 18, "loss": 0.17523593645095825, "accuracy": 0.6114, "preccision": 0.6066774879167167, "recall": 0.6114, "f1": 0.6075519082756585}
{"round": 19, "loss": 0.2188247924208641, "accuracy": 0.5979, "preccision": 0.5928003413219002, "recall": 0.5979, "f1": 0.5939355923693038}
{"round": 20, "loss": 0.2719212434768677, "accuracy": 0.5819, "preccision": 0.577276995719326, "recall": 0.5819, "f1": 0.5782715661697853}
