{"loss": 0.07639312589610064, "accuracy": 0.09351851851851851}
{"loss": 0.07574169635772704, "accuracy": 0.11944444444444444}
{"loss": 0.07428829979013513, "accuracy": 0.31574074074074077}
{"loss": 0.07098218655144727, "accuracy": 0.35925925925925933}
{"loss": 0.06488236851162381, "accuracy": 0.42500000000000004}
{"loss": 0.05681848459773594, "accuracy": 0.4851851851851852}
{"loss": 0.050189550386534804, "accuracy": 0.5212962962962964}
{"loss": 0.04849498338169522, "accuracy": 0.5444444444444444}
{"loss": 0.05333660520889141, "accuracy": 0.5611111111111111}
{"loss": 0.06335508613674729, "accuracy": 0.5703703703703702}
{"loss": 0.07933088276121353, "accuracy": 0.5675925925925926}
{"loss": 0.10359510514471267, "accuracy": 0.549074074074074}
{"loss": 0.13730448241587037, "accuracy": 0.5324074074074074}
{"loss": 0.18314404774595192, "accuracy": 0.5111111111111111}
{"loss": 0.24335865621213562, "accuracy": 0.49074074074074076}
{"loss": 0.319518796161369, "accuracy": 0.46388888888888885}
{"loss": 0.41426072738788744, "accuracy": 0.44351851851851853}
{"loss": 0.5310660600662231, "accuracy": 0.4268518518518518}
{"loss": 0.6745862007141112, "accuracy": 0.4101851851851851}
{"loss": 0.8450527676829586, "accuracy": 0.38888888888888884}
