{"round": 0, "loss": 0.0721090440750122, "accuracy": 0.0788, "preccision": 0.013255274689366837, "recall": 0.0788, "f1": 0.019073228572654494}
{"round": 1, "loss": 0.07171215100288392, "accuracy": 0.0981, "preccision": 0.1128049604960496, "recall": 0.0981, "f1": 0.01769502453288673}
{"round": 2, "loss": 0.07109681708812714, "accuracy": 0.1262, "preccision": 0.27985315161000696, "recall": 0.1262, "f1": 0.06454519826173039}
{"round": 3, "loss": 0.06966230854988098, "accuracy": 0.3167, "preccision": 0.3447377404266279, "recall": 0.3167, "f1": 0.20750021715475095}
{"round": 4, "loss": 0.06643684768676758, "accuracy": 0.3638, "preccision": 0.3583219918526019, "recall": 0.3638, "f1": 0.289702301484674}
{"round": 5, "loss": 0.06041395205259323, "accuracy": 0.4264, "preccision": 0.4572515816099658, "recall": 0.4264, "f1": 0.3472668708856044}
{"round": 6, "loss": 0.05224622600078583, "accuracy": 0.4974, "preccision": 0.5000230165145777, "recall": 0.4974, "f1": 0.4365636510999441}
{"round": 7, "loss": 0.045226541846990584, "accuracy": 0.5314, "preccision": 0.5195637346459936, "recall": 0.5314, "f1": 0.48226976591014925}
{"round": 8, "loss": 0.042820585495233536, "accuracy": 0.5517, "preccision": 0.5413612576174498, "recall": 0.5517, "f1": 0.5108337272212963}
{"round": 9, "loss": 0.04616017283797264, "accuracy": 0.5643, "preccision": 0.5514562378081345, "recall": 0.5643, "f1": 0.5310341074376584}
{"round": 10, "loss": 0.053879778122901914, "accuracy": 0.5777, "preccision": 0.5612635864545078, "recall": 0.5777, "f1": 0.551817012819368}
{"round": 11, "loss": 0.06638471059203148, "accuracy": 0.5813, "preccision": 0.56446084649939, "recall": 0.5813, "f1": 0.5612036478123746}
{"round": 12, "loss": 0.08535963147878647, "accuracy": 0.5774, "preccision": 0.5628288986129615, "recall": 0.5774, "f1": 0.5612391990529447}
{"round": 13, "loss": 0.11187102482318878, "accuracy": 0.5651, "preccision": 0.5504082149281607, "recall": 0.5651, "f1": 0.5511858718097314}
{"round": 14, "loss": 0.1473388292312622, "accuracy": 0.546, "preccision": 0.5335265414693305, "recall": 0.546, "f1": 0.5345572543225185}
{"round": 15, "loss": 0.19445011422634126, "accuracy": 0.5258, "preccision": 0.5152323256262988, "recall": 0.5258, "f1": 0.5162327770547105}
{"round": 16, "loss": 0.2551432831764221, "accuracy": 0.5039, "preccision": 0.49627718182007785, "recall": 0.5039, "f1": 0.49610292857056065}
{"round": 17, "loss": 0.3313620500564575, "accuracy": 0.483, "preccision": 0.4768561373567533, "recall": 0.483, "f1": 0.47704445815626734}
{"round": 18, "loss": 0.42735581455230714, "accuracy": 0.4644, "preccision": 0.459711857666967, "recall": 0.4644, "f1": 0.45938929606635176}
{"round": 19, "loss": 0.5442015301704407, "accuracy": 0.4491, "preccision": 0.44493012734092263, "recall": 0.4491, "f1": 0.44463364227851726}
{"round": 20, "loss": 0.6851759906768798, "accuracy": 0.4353, "preccision": 0.4322721827551558, "recall": 0.4353, "f1": 0.4314855314882504}
