{"loss": 0.07632578114668528, "accuracy": 0.10625}
{"loss": 0.07537149066726366, "accuracy": 0.21354166666666666}
{"loss": 0.07302179609735807, "accuracy": 0.18854166666666666}
{"loss": 0.0680992548664411, "accuracy": 0.33437500000000003}
{"loss": 0.06108725989858309, "accuracy": 0.45416666666666666}
{"loss": 0.05365651560326418, "accuracy": 0.45625}
{"loss": 0.04788482170552016, "accuracy": 0.5145833333333333}
{"loss": 0.04585149325430393, "accuracy": 0.5364583333333334}
{"loss": 0.04828172381967306, "accuracy": 0.5656249999999999}
{"loss": 0.058747727610170844, "accuracy": 0.5479166666666667}
{"loss": 0.08507767965396246, "accuracy": 0.484375}
{"loss": 0.10181697097917397, "accuracy": 0.48750000000000004}
{"loss": 0.11894807169834773, "accuracy": 0.509375}
{"loss": 0.16865675523877144, "accuracy": 0.503125}
{"loss": 0.21217666293183962, "accuracy": 0.5104166666666667}
{"loss": 0.29111860354741415, "accuracy": 0.4533333333333334}
{"loss": 0.32551339070002233, "accuracy": 0.4697916666666667}
{"loss": 0.44265463650226594, "accuracy": 0.4427083333333333}
{"loss": 0.5470423633853594, "accuracy": 0.43645833333333334}
{"loss": 0.7367410550514857, "accuracy": 0.41875}
