{"round": 0, "loss": 0.07212486484050751, "accuracy": 0.0958, "preccision": 0.009177639999999999, "recall": 0.0958, "f1": 0.0167505749224311}
{"round": 1, "loss": 0.07151638233661652, "accuracy": 0.1138, "preccision": 0.1742823086851438, "recall": 0.1138, "f1": 0.04951766919440323}
{"round": 2, "loss": 0.07053982989788056, "accuracy": 0.2332, "preccision": 0.2982753786755734, "recall": 0.2332, "f1": 0.17727044239909065}
{"round": 3, "loss": 0.06823355100154876, "accuracy": 0.2055, "preccision": 0.5492797365489891, "recall": 0.2055, "f1": 0.13893888265756424}
{"round": 4, "loss": 0.06374390956163406, "accuracy": 0.3359, "preccision": 0.5392678238640582, "recall": 0.3359, "f1": 0.28604767768662004}
{"round": 5, "loss": 0.05658836597204208, "accuracy": 0.4752, "preccision": 0.5511119285139586, "recall": 0.4752, "f1": 0.44435668678269274}
{"round": 6, "loss": 0.04913111493587494, "accuracy": 0.4905, "preccision": 0.5156997994671663, "recall": 0.4905, "f1": 0.451626687198628}
{"round": 7, "loss": 0.043687179797887804, "accuracy": 0.5324, "preccision": 0.5165058168289053, "recall": 0.5324, "f1": 0.4958761539048316}
{"round": 8, "loss": 0.042517487597465514, "accuracy": 0.543, "preccision": 0.5203219853290338, "recall": 0.543, "f1": 0.5085346394951337}
{"round": 9, "loss": 0.044769398367404935, "accuracy": 0.5594, "preccision": 0.5410894210988472, "recall": 0.5594, "f1": 0.5396177867260663}
{"round": 10, "loss": 0.05266809090971947, "accuracy": 0.5621, "preccision": 0.5415960250061281, "recall": 0.5621, "f1": 0.5448625919709326}
{"round": 11, "loss": 0.066901697909832, "accuracy": 0.554, "preccision": 0.5310144503415467, "recall": 0.554, "f1": 0.5358933768305449}
{"round": 12, "loss": 0.08721071561574936, "accuracy": 0.5323, "preccision": 0.5341982908263735, "recall": 0.5323, "f1": 0.5272643230172617}
{"round": 13, "loss": 0.11043175469636918, "accuracy": 0.5306, "preccision": 0.5227003263318235, "recall": 0.5306, "f1": 0.5243933896770961}
{"round": 14, "loss": 0.14624117393493652, "accuracy": 0.5139, "preccision": 0.5065458207121607, "recall": 0.5139, "f1": 0.507184496418392}
{"round": 15, "loss": 0.18797669825553895, "accuracy": 0.504, "preccision": 0.5019519639073516, "recall": 0.504, "f1": 0.5016506492496497}
{"round": 16, "loss": 0.24206871905326843, "accuracy": 0.4903, "preccision": 0.48484824524052395, "recall": 0.4903, "f1": 0.486298353535136}
{"round": 17, "loss": 0.31010212712287905, "accuracy": 0.477, "preccision": 0.4772284672164694, "recall": 0.477, "f1": 0.47595907639333984}
{"round": 18, "loss": 0.3954034306049347, "accuracy": 0.4675, "preccision": 0.46799598936895037, "recall": 0.4675, "f1": 0.466363268656316}
{"round": 19, "loss": 0.501045641040802, "accuracy": 0.4487, "preccision": 0.45665852242021826, "recall": 0.4487, "f1": 0.4498186875056747}
{"round": 20, "loss": 0.6170844261169434, "accuracy": 0.4462, "preccision": 0.4504297508478784, "recall": 0.4462, "f1": 0.446910669051482}
