{"loss": 0.07654259381470857, "accuracy": 0.08796296296296297}
{"loss": 0.07618941267331442, "accuracy": 0.21203703703703705}
{"loss": 0.07505191078892462, "accuracy": 0.24814814814814815}
{"loss": 0.07205009791586134, "accuracy": 0.33055555555555555}
{"loss": 0.0659929175067831, "accuracy": 0.4}
{"loss": 0.058281695511606, "accuracy": 0.4416666666666667}
{"loss": 0.050001006545843905, "accuracy": 0.4972222222222222}
{"loss": 0.044253034503371626, "accuracy": 0.550925925925926}
{"loss": 0.04425277588544069, "accuracy": 0.575}
{"loss": 0.04958506541119682, "accuracy": 0.6}
{"loss": 0.060627274767116254, "accuracy": 0.6203703703703703}
{"loss": 0.07761067383819156, "accuracy": 0.6231481481481481}
{"loss": 0.10217499766084884, "accuracy": 0.6194444444444444}
{"loss": 0.13519918852382234, "accuracy": 0.6083333333333334}
{"loss": 0.178578382730484, "accuracy": 0.5944444444444446}
{"loss": 0.23344937474639327, "accuracy": 0.5833333333333334}
{"loss": 0.3011980215708415, "accuracy": 0.5657407407407408}
{"loss": 0.38435604793054085, "accuracy": 0.5407407407407407}
{"loss": 0.4882459658163565, "accuracy": 0.5222222222222223}
{"loss": 0.6131133256135164, "accuracy": 0.5138888888888888}
