{"round": 0, "loss": 0.07210463590621949, "accuracy": 0.0953, "preccision": 0.08720333535537352, "recall": 0.0953, "f1": 0.06449457672192811}
{"round": 1, "loss": 0.07188884823322296, "accuracy": 0.0834, "preccision": 0.04327157371526758, "recall": 0.0834, "f1": 0.02549581359091571}
{"round": 2, "loss": 0.07152842376232148, "accuracy": 0.219, "preccision": 0.18500950846020345, "recall": 0.219, "f1": 0.1402338982509968}
{"round": 3, "loss": 0.07037352857589722, "accuracy": 0.2472, "preccision": 0.2861421947376558, "recall": 0.2472, "f1": 0.13279752961944613}
{"round": 4, "loss": 0.06738070952892304, "accuracy": 0.3379, "preccision": 0.4209475719365927, "recall": 0.3379, "f1": 0.2503933936834841}
{"round": 5, "loss": 0.06168172039985657, "accuracy": 0.4105, "preccision": 0.41163668948405757, "recall": 0.4105, "f1": 0.3298290254783822}
{"round": 6, "loss": 0.0534296387553215, "accuracy": 0.4717, "preccision": 0.4957595438247373, "recall": 0.4717, "f1": 0.40323110987805305}
{"round": 7, "loss": 0.04472587530016899, "accuracy": 0.5301, "preccision": 0.5257273250517025, "recall": 0.5301, "f1": 0.48544303037418257}
{"round": 8, "loss": 0.038629722315073015, "accuracy": 0.5859, "preccision": 0.5688613602588027, "recall": 0.5859, "f1": 0.563638606209474}
{"round": 9, "loss": 0.038218641132116316, "accuracy": 0.6127, "preccision": 0.6006750260996169, "recall": 0.6127, "f1": 0.5980766240993759}
{"round": 10, "loss": 0.04273337041735649, "accuracy": 0.6271, "preccision": 0.6171925015631499, "recall": 0.6271, "f1": 0.6165445697004777}
{"round": 11, "loss": 0.05246819906234741, "accuracy": 0.6316, "preccision": 0.6223945580855896, "recall": 0.6316, "f1": 0.6228416930588407}
{"round": 12, "loss": 0.06749428218603135, "accuracy": 0.6284, "preccision": 0.6193118882141163, "recall": 0.6284, "f1": 0.6209138765285794}
{"round": 13, "loss": 0.08892750688791275, "accuracy": 0.6174, "preccision": 0.6081319497014804, "recall": 0.6174, "f1": 0.610112756821219}
{"round": 14, "loss": 0.11769104089736938, "accuracy": 0.6042, "preccision": 0.5959173612845098, "recall": 0.6042, "f1": 0.5979523320039615}
{"round": 15, "loss": 0.15589646835327148, "accuracy": 0.5927, "preccision": 0.584190780156994, "recall": 0.5927, "f1": 0.5862712673470107}
{"round": 16, "loss": 0.2044461536169052, "accuracy": 0.576, "preccision": 0.5685043219113192, "recall": 0.576, "f1": 0.5700707487338186}
{"round": 17, "loss": 0.26545533447265623, "accuracy": 0.5629, "preccision": 0.5554896616412376, "recall": 0.5629, "f1": 0.557048370638905}
{"round": 18, "loss": 0.3400026909351349, "accuracy": 0.5496, "preccision": 0.5429903109702041, "recall": 0.5496, "f1": 0.5442792736737364}
{"round": 19, "loss": 0.43238316736221316, "accuracy": 0.5385, "preccision": 0.5318982328085968, "recall": 0.5385, "f1": 0.5331520493365377}
{"round": 20, "loss": 0.5439741333961486, "accuracy": 0.526, "preccision": 0.5197961529782322, "recall": 0.526, "f1": 0.5208122982313784}
