{"loss": 0.07648620367050171, "accuracy": 0.11499999999999999}
{"loss": 0.07597706377506255, "accuracy": 0.22166666666666668}
{"loss": 0.07480168680349987, "accuracy": 0.23666666666666666}
{"loss": 0.07217709441979725, "accuracy": 0.29250000000000004}
{"loss": 0.06689198046922683, "accuracy": 0.4425}
{"loss": 0.05852708498636881, "accuracy": 0.5158333333333334}
{"loss": 0.04867240796486537, "accuracy": 0.5658333333333333}
{"loss": 0.041777277439832686, "accuracy": 0.5825000000000001}
{"loss": 0.04012860774993897, "accuracy": 0.5925}
{"loss": 0.041426892131567, "accuracy": 0.6091666666666666}
{"loss": 0.044882965659101805, "accuracy": 0.6174999999999999}
{"loss": 0.052734403039018315, "accuracy": 0.6249999999999999}
{"loss": 0.06492397035161654, "accuracy": 0.6241666666666668}
{"loss": 0.08130689064661663, "accuracy": 0.6116666666666666}
{"loss": 0.10262766679128013, "accuracy": 0.5958333333333332}
{"loss": 0.13000667134920757, "accuracy": 0.5858333333333334}
{"loss": 0.1649744387467702, "accuracy": 0.5758333333333334}
{"loss": 0.20799342234929402, "accuracy": 0.5658333333333333}
{"loss": 0.2603265317281087, "accuracy": 0.5483333333333335}
{"loss": 0.3240982735157013, "accuracy": 0.5433333333333333}
