{"round": 0, "loss": 0.07212343354225159, "accuracy": 0.0957, "preccision": 0.0191419088177905, "recall": 0.0957, "f1": 0.029086461262943196}
{"round": 1, "loss": 0.07181154301166534, "accuracy": 0.1231, "preccision": 0.15410092023299707, "recall": 0.1231, "f1": 0.0537852859015237}
{"round": 2, "loss": 0.07132533113956452, "accuracy": 0.2155, "preccision": 0.18972146306298882, "recall": 0.2155, "f1": 0.08953395917614033}
{"round": 3, "loss": 0.07022632660865784, "accuracy": 0.2267, "preccision": 0.2145067821280261, "recall": 0.2267, "f1": 0.117438426035365}
{"round": 4, "loss": 0.06772199721336365, "accuracy": 0.2959, "preccision": 0.43997834404027847, "recall": 0.2959, "f1": 0.20754037455576066}
{"round": 5, "loss": 0.06268033204078674, "accuracy": 0.4694, "preccision": 0.5425145850862526, "recall": 0.4694, "f1": 0.41949697538903347}
{"round": 6, "loss": 0.05468727093935013, "accuracy": 0.5478, "preccision": 0.5782629475637291, "recall": 0.5478, "f1": 0.5042849388134468}
{"round": 7, "loss": 0.04501758499145508, "accuracy": 0.5799, "preccision": 0.5911912443701903, "recall": 0.5799, "f1": 0.5392850281178405}
{"round": 8, "loss": 0.03788360266685486, "accuracy": 0.5931, "preccision": 0.6005241809638374, "recall": 0.5931, "f1": 0.554232344606162}
{"round": 9, "loss": 0.03558359134197235, "accuracy": 0.6092, "preccision": 0.6138405725255477, "recall": 0.6092, "f1": 0.5745340553929769}
{"round": 10, "loss": 0.03618521358668804, "accuracy": 0.629, "preccision": 0.6239630975941964, "recall": 0.629, "f1": 0.6043153586339512}
{"round": 11, "loss": 0.03888946769833565, "accuracy": 0.6406, "preccision": 0.6299694046887343, "recall": 0.6406, "f1": 0.6244698857863435}
{"round": 12, "loss": 0.04501784618496895, "accuracy": 0.6414, "preccision": 0.6323751963561893, "recall": 0.6414, "f1": 0.6301038142771317}
{"round": 13, "loss": 0.05464195501804352, "accuracy": 0.6356, "preccision": 0.6274343293150774, "recall": 0.6356, "f1": 0.6271915967401255}
{"round": 14, "loss": 0.06798807558119296, "accuracy": 0.6249, "preccision": 0.6189486866681452, "recall": 0.6249, "f1": 0.6190696142262337}
{"round": 15, "loss": 0.08563516188859939, "accuracy": 0.6145, "preccision": 0.6090569836517148, "recall": 0.6145, "f1": 0.6097992737964558}
{"round": 16, "loss": 0.10862381284832955, "accuracy": 0.6039, "preccision": 0.5997967305335117, "recall": 0.6039, "f1": 0.6002697017319305}
{"round": 17, "loss": 0.13798541483283042, "accuracy": 0.5891, "preccision": 0.5845655114918543, "recall": 0.5891, "f1": 0.585415796336018}
{"round": 18, "loss": 0.1746055908679962, "accuracy": 0.5761, "preccision": 0.5728719017792863, "recall": 0.5761, "f1": 0.5729665825745626}
{"round": 19, "loss": 0.21885100066661833, "accuracy": 0.5635, "preccision": 0.5605865667393858, "recall": 0.5635, "f1": 0.5604788803846266}
{"round": 20, "loss": 0.27349578218460086, "accuracy": 0.5533, "preccision": 0.5504121440808751, "recall": 0.5533, "f1": 0.5499091323083346}
