{"loss": 0.07683673401673635, "accuracy": 0.09166666666666667}
{"loss": 0.07674535214900971, "accuracy": 0.09166666666666667}
{"loss": 0.07652774552504221, "accuracy": 0.09583333333333333}
{"loss": 0.07683386206626892, "accuracy": 0.11249999999999999}
{"loss": 0.07794638077418009, "accuracy": 0.1}
{"loss": 0.07954451541105906, "accuracy": 0.125}
{"loss": 0.08671971559524536, "accuracy": 0.18333333333333335}
{"loss": 0.10790003736813863, "accuracy": 0.22916666666666669}
{"loss": 0.15109055836995444, "accuracy": 0.25}
{"loss": 0.22241321404774983, "accuracy": 0.25416666666666665}
{"loss": 0.07690874735514323, "accuracy": 0.09166666666666667}
{"loss": 0.07690874735514323, "accuracy": 0.09166666666666667}
{"loss": 0.07690874735514323, "accuracy": 0.09166666666666667}
{"loss": 0.07690874735514323, "accuracy": 0.09166666666666667}
{"loss": 0.07690874735514323, "accuracy": 0.09166666666666667}
