{"round": 0, "loss": 0.07228001170158387, "accuracy": 0.1135, "preccision": 0.012883538353835385, "recall": 0.1135, "f1": 0.02314038081552003}
{"round": 1, "loss": 0.0721466249704361, "accuracy": 0.1135, "preccision": 0.01288225, "recall": 0.1135, "f1": 0.023138302649304}
{"round": 2, "loss": 0.07206456682682037, "accuracy": 0.1135, "preccision": 0.012892564051240993, "recall": 0.1135, "f1": 0.023154938438033613}
{"round": 3, "loss": 0.07203458368778229, "accuracy": 0.1137, "preccision": 0.023164776081026697, "recall": 0.1137, "f1": 0.02771682726335943}
{"round": 4, "loss": 0.07225616652965546, "accuracy": 0.1157, "preccision": 0.18714615126646827, "recall": 0.1157, "f1": 0.05223725986954713}
{"round": 5, "loss": 0.07271588773727417, "accuracy": 0.1334, "preccision": 0.14700153390823412, "recall": 0.1334, "f1": 0.09549596429591872}
{"round": 6, "loss": 0.0724484626531601, "accuracy": 0.1662, "preccision": 0.23885910479096328, "recall": 0.1662, "f1": 0.14858572899506312}
{"round": 7, "loss": 0.0751619861483574, "accuracy": 0.2275, "preccision": 0.23395150169192552, "recall": 0.2275, "f1": 0.21632387414402196}
{"round": 8, "loss": 0.08988599078655243, "accuracy": 0.2657, "preccision": 0.2464449565573645, "recall": 0.2657, "f1": 0.24448433443399445}
{"round": 9, "loss": 0.12203859128952026, "accuracy": 0.2819, "preccision": 0.2585360203244083, "recall": 0.2819, "f1": 0.2599827233558381}
{"round": 10, "loss": 0.1745502836704254, "accuracy": 0.2915, "preccision": 0.2721596281229854, "recall": 0.2915, "f1": 0.2751883776437903}
{"round": 0, "loss": 0.07228001170158387, "accuracy": 0.1135, "preccision": 0.012883538353835385, "recall": 0.1135, "f1": 0.02314038081552003}
{"round": 1, "loss": 0.07228001170158387, "accuracy": 0.1135, "preccision": 0.012883538353835385, "recall": 0.1135, "f1": 0.02314038081552003}
{"round": 0, "loss": 0.07228001170158387, "accuracy": 0.1135, "preccision": 0.012883538353835385, "recall": 0.1135, "f1": 0.02314038081552003}
{"round": 1, "loss": 0.07228001170158387, "accuracy": 0.1135, "preccision": 0.012883538353835385, "recall": 0.1135, "f1": 0.02314038081552003}
{"round": 2, "loss": 0.07228001170158387, "accuracy": 0.1135, "preccision": 0.012883538353835385, "recall": 0.1135, "f1": 0.02314038081552003}
{"round": 3, "loss": 0.07228001170158387, "accuracy": 0.1135, "preccision": 0.012883538353835385, "recall": 0.1135, "f1": 0.02314038081552003}
{"round": 4, "loss": 0.07228001170158387, "accuracy": 0.1135, "preccision": 0.012883538353835385, "recall": 0.1135, "f1": 0.02314038081552003}
