{"loss": 0.07656448104164817, "accuracy": 0.178030303030303}
{"loss": 0.0761610999251857, "accuracy": 0.24469696969696966}
{"loss": 0.07526518467700843, "accuracy": 0.2772727272727273}
{"loss": 0.0729251023494836, "accuracy": 0.33712121212121215}
{"loss": 0.06875644497799151, "accuracy": 0.36590909090909085}
{"loss": 0.060273315870400634, "accuracy": 0.46439393939393947}
{"loss": 0.050394482865478055, "accuracy": 0.5257575757575758}
{"loss": 0.04482323527336121, "accuracy": 0.5446969696969697}
{"loss": 0.047174416708223754, "accuracy": 0.5765151515151515}
{"loss": 0.05330083081216523, "accuracy": 0.5795454545454546}
{"loss": 0.06318310986865651, "accuracy": 0.584848484848485}
{"loss": 0.08770315276853966, "accuracy": 0.5477272727272727}
{"loss": 0.11796077209891696, "accuracy": 0.5340909090909091}
{"loss": 0.14602091818144827, "accuracy": 0.5522727272727272}
{"loss": 0.19432310263315833, "accuracy": 0.5189393939393938}
{"loss": 0.24340036312739058, "accuracy": 0.5310606060606061}
{"loss": 0.34517360672806247, "accuracy": 0.4765151515151515}
{"loss": 0.44107361923564564, "accuracy": 0.4984848484848485}
{"loss": 0.5313959277037418, "accuracy": 0.4840909090909091}
{"loss": 0.6562015107183745, "accuracy": 0.475}
