{"round": 0, "loss": 0.07212343354225159, "accuracy": 0.0957, "preccision": 0.0191419088177905, "recall": 0.0957, "f1": 0.029086461262943196}
{"round": 1, "loss": 0.07189538905620575, "accuracy": 0.1709, "preccision": 0.03927608065251941, "recall": 0.1709, "f1": 0.06161133404027038}
{"round": 2, "loss": 0.07150869133472443, "accuracy": 0.2534, "preccision": 0.20677675001747903, "recall": 0.2534, "f1": 0.14693960755079175}
{"round": 3, "loss": 0.0705470463514328, "accuracy": 0.2784, "preccision": 0.23625554261684437, "recall": 0.2784, "f1": 0.1703007652493667}
{"round": 4, "loss": 0.06840473217964173, "accuracy": 0.3302, "preccision": 0.4079468631738875, "recall": 0.3302, "f1": 0.24819301248798983}
{"round": 5, "loss": 0.06410025581121445, "accuracy": 0.3646, "preccision": 0.5223440852984389, "recall": 0.3646, "f1": 0.3194152182745979}
{"round": 6, "loss": 0.056475534331798555, "accuracy": 0.4746, "preccision": 0.5309737998962485, "recall": 0.4746, "f1": 0.43302974200658717}
{"round": 7, "loss": 0.047331546366214755, "accuracy": 0.53, "preccision": 0.5431681046434215, "recall": 0.53, "f1": 0.499631105727678}
{"round": 8, "loss": 0.0419940171957016, "accuracy": 0.553, "preccision": 0.5418230372806923, "recall": 0.553, "f1": 0.5274839773427259}
{"round": 9, "loss": 0.042774044752120974, "accuracy": 0.5715, "preccision": 0.561826389154923, "recall": 0.5715, "f1": 0.5482759412324459}
{"round": 10, "loss": 0.047608319371938705, "accuracy": 0.5842, "preccision": 0.5711857291152143, "recall": 0.5842, "f1": 0.5705568862604369}
{"round": 11, "loss": 0.06065572993159294, "accuracy": 0.5819, "preccision": 0.5735583288118468, "recall": 0.5819, "f1": 0.5694571598183257}
{"round": 12, "loss": 0.07616170318722724, "accuracy": 0.5781, "preccision": 0.5694744456668462, "recall": 0.5781, "f1": 0.5721017537704057}
{"round": 13, "loss": 0.1043984018445015, "accuracy": 0.5558, "preccision": 0.5548049536803291, "recall": 0.5558, "f1": 0.549418688631114}
{"round": 14, "loss": 0.13437953004837036, "accuracy": 0.5496, "preccision": 0.5495397485175424, "recall": 0.5496, "f1": 0.5485997912721443}
{"round": 15, "loss": 0.18017781212329864, "accuracy": 0.5323, "preccision": 0.5332384421300415, "recall": 0.5323, "f1": 0.530991432943804}
{"round": 16, "loss": 0.2384955518245697, "accuracy": 0.5185, "preccision": 0.5157662176254261, "recall": 0.5185, "f1": 0.515232994991721}
{"round": 17, "loss": 0.30900679626464844, "accuracy": 0.5092, "preccision": 0.5144448921097469, "recall": 0.5092, "f1": 0.5099679978186219}
{"round": 18, "loss": 0.3961874320983887, "accuracy": 0.5026, "preccision": 0.5002265997641598, "recall": 0.5026, "f1": 0.4997787221913529}
{"round": 19, "loss": 0.4997196144104004, "accuracy": 0.4877, "preccision": 0.49504588916571063, "recall": 0.4877, "f1": 0.49006945010717573}
{"round": 20, "loss": 0.6276455122947693, "accuracy": 0.4782, "preccision": 0.48878793898135164, "recall": 0.4782, "f1": 0.4808002739820538}
