{"loss": 0.07612754722436268, "accuracy": 0.11333333333333333}
{"loss": 0.07459594229857126, "accuracy": 0.20833333333333334}
{"loss": 0.07010820209980011, "accuracy": 0.2633333333333333}
{"loss": 0.07186425844828288, "accuracy": 0.3075}
{"loss": 0.11055735150973003, "accuracy": 0.33999999999999997}
{"loss": 0.2010777817169825, "accuracy": 0.355}
{"loss": 0.3789653333028158, "accuracy": 0.3458333333333333}
{"loss": 0.6864504432678223, "accuracy": 0.3383333333333334}
{"loss": 1.1759942007064819, "accuracy": 0.32999999999999996}
{"loss": 1.915037094751994, "accuracy": 0.3241666666666666}
{"loss": 2.988875691095988, "accuracy": 0.31416666666666665}
{"loss": 4.5016736094156915, "accuracy": 0.30916666666666665}
{"loss": 6.568091723124186, "accuracy": 0.3058333333333333}
{"loss": 9.33775452931722, "accuracy": 0.3058333333333333}
{"loss": 12.961647364298504, "accuracy": 0.30166666666666675}
{"loss": 17.62331398010254, "accuracy": 0.2975}
{"loss": 23.396315561930344, "accuracy": 0.2908333333333334}
{"loss": 30.841928151448563, "accuracy": 0.2916666666666667}
{"loss": 39.95630071004232, "accuracy": 0.29416666666666663}
{"loss": 51.146270802815756, "accuracy": 0.29333333333333333}
