{"round": 0, "loss": 0.07207710530757903, "accuracy": 0.1028, "preccision": 0.010569953990798159, "recall": 0.1028, "f1": 0.019168946127335388}
{"round": 1, "loss": 0.07152409455776215, "accuracy": 0.1041, "preccision": 0.10172833247457773, "recall": 0.1041, "f1": 0.024937151018622226}
{"round": 2, "loss": 0.07015293431282044, "accuracy": 0.1933, "preccision": 0.18073157286215713, "recall": 0.1933, "f1": 0.10834709127047013}
{"round": 3, "loss": 0.06574790472984314, "accuracy": 0.2612, "preccision": 0.25341938628895533, "recall": 0.2612, "f1": 0.21717624123878518}
{"round": 4, "loss": 0.06694270030260085, "accuracy": 0.312, "preccision": 0.2898147554383594, "recall": 0.312, "f1": 0.29146613682595335}
{"round": 5, "loss": 0.10330783770084381, "accuracy": 0.3397, "preccision": 0.31560073638979086, "recall": 0.3397, "f1": 0.3201350347347723}
{"round": 6, "loss": 0.18978219552040101, "accuracy": 0.3545, "preccision": 0.33724597380729054, "recall": 0.3545, "f1": 0.3410365859876374}
{"round": 7, "loss": 0.3553947733879089, "accuracy": 0.3556, "preccision": 0.34377026179775366, "recall": 0.3556, "f1": 0.346029583598332}
{"round": 8, "loss": 0.6405046975135803, "accuracy": 0.3462, "preccision": 0.3382844302527008, "recall": 0.3462, "f1": 0.3390338642003175}
{"round": 9, "loss": 1.089525506210327, "accuracy": 0.3382, "preccision": 0.33118250827278906, "recall": 0.3382, "f1": 0.33165168582736715}
{"round": 10, "loss": 1.7694442312240601, "accuracy": 0.3329, "preccision": 0.32841709252943796, "recall": 0.3329, "f1": 0.3274974700447928}
{"round": 11, "loss": 2.7552894790649414, "accuracy": 0.3277, "preccision": 0.32349111626696625, "recall": 0.3277, "f1": 0.3225046644656588}
{"round": 12, "loss": 4.14372657623291, "accuracy": 0.3255, "preccision": 0.3217765182165717, "recall": 0.3255, "f1": 0.320499157861695}
{"round": 13, "loss": 6.043834706115723, "accuracy": 0.3202, "preccision": 0.31714020815641725, "recall": 0.3202, "f1": 0.31554995928119434}
{"round": 14, "loss": 8.59021713104248, "accuracy": 0.3181, "preccision": 0.3156942676689799, "recall": 0.3181, "f1": 0.31358532937157313}
{"round": 15, "loss": 11.921370974731445, "accuracy": 0.317, "preccision": 0.3143378158902228, "recall": 0.317, "f1": 0.3122808859262575}
{"round": 16, "loss": 16.21119306945801, "accuracy": 0.3151, "preccision": 0.3127862362333978, "recall": 0.3151, "f1": 0.310561286810355}
{"round": 17, "loss": 21.544214819335938, "accuracy": 0.3116, "preccision": 0.31051547203324764, "recall": 0.3116, "f1": 0.30766019643398507}
{"round": 18, "loss": 28.388291064453124, "accuracy": 0.3133, "preccision": 0.3116913144429183, "recall": 0.3133, "f1": 0.3088866623932646}
{"round": 19, "loss": 36.78318840942383, "accuracy": 0.3147, "preccision": 0.3119496447446977, "recall": 0.3147, "f1": 0.309607996353687}
{"round": 20, "loss": 47.079068798828125, "accuracy": 0.3139, "preccision": 0.31201448737000514, "recall": 0.3139, "f1": 0.3090629062174881}
