{"loss": 0.07612706303596495, "accuracy": 0.17850000000000005}
{"loss": 0.07520810234546661, "accuracy": 0.24966666666666665}
{"loss": 0.0738044806321462, "accuracy": 0.3675}
{"loss": 0.071649063428243, "accuracy": 0.49}
{"loss": 0.06842445983489355, "accuracy": 0.5295}
{"loss": 0.06419832670688627, "accuracy": 0.5661666666666665}
{"loss": 0.05892774524291356, "accuracy": 0.6169999999999999}
{"loss": 0.053298251609007516, "accuracy": 0.6281666666666665}
{"loss": 0.047728881875673944, "accuracy": 0.6518333333333335}
{"loss": 0.04305575514833132, "accuracy": 0.6601666666666668}
{"loss": 0.03924133012692134, "accuracy": 0.6605000000000001}
{"loss": 0.0356614742577076, "accuracy": 0.6781666666666665}
{"loss": 0.033011559198300046, "accuracy": 0.6953333333333334}
{"loss": 0.030819221357504527, "accuracy": 0.7001666666666666}
{"loss": 0.028909280583262434, "accuracy": 0.7196666666666665}
{"loss": 0.02734054747720559, "accuracy": 0.7288333333333336}
{"loss": 0.026255253488818794, "accuracy": 0.7348333333333332}
{"loss": 0.025314710110425947, "accuracy": 0.7534999999999998}
{"loss": 0.024179940372705464, "accuracy": 0.7533333333333334}
{"loss": 0.02382992762327195, "accuracy": 0.7550000000000001}
