{"round": 0, "loss": 0.07224980416297913, "accuracy": 0.0822}
{"round": 1, "loss": 0.07151743166446686, "accuracy": 0.178}
{"round": 2, "loss": 0.0706462372303009, "accuracy": 0.2466}
{"round": 3, "loss": 0.06931788339614868, "accuracy": 0.3731}
{"round": 4, "loss": 0.0672669474363327, "accuracy": 0.4998}
{"round": 5, "loss": 0.0642059685587883, "accuracy": 0.545}
{"round": 6, "loss": 0.060168372762203215, "accuracy": 0.5878}
{"round": 7, "loss": 0.05512007431983948, "accuracy": 0.6299}
{"round": 8, "loss": 0.049712767374515535, "accuracy": 0.6411}
{"round": 9, "loss": 0.044345357286930086, "accuracy": 0.6651}
{"round": 10, "loss": 0.03978684305548668, "accuracy": 0.6718}
{"round": 11, "loss": 0.03610256050825119, "accuracy": 0.6721}
{"round": 12, "loss": 0.03262550311088562, "accuracy": 0.6946}
{"round": 13, "loss": 0.030071812230348587, "accuracy": 0.7083}
{"round": 14, "loss": 0.027972288608551027, "accuracy": 0.7133}
{"round": 15, "loss": 0.02621231251358986, "accuracy": 0.7302}
{"round": 16, "loss": 0.02474058093428612, "accuracy": 0.7384}
{"round": 17, "loss": 0.023767575457692147, "accuracy": 0.7413}
{"round": 18, "loss": 0.022956145870685576, "accuracy": 0.7523}
{"round": 19, "loss": 0.021854961356520652, "accuracy": 0.7596}
{"round": 20, "loss": 0.021537879079580307, "accuracy": 0.7623}
