{"loss": 0.07622833907604218, "accuracy": 0.18416666666666665}
{"loss": 0.07414512534936268, "accuracy": 0.24666666666666667}
{"loss": 0.0693136391043663, "accuracy": 0.2866666666666666}
{"loss": 0.06836048503716786, "accuracy": 0.3958333333333333}
{"loss": 0.10290863901376723, "accuracy": 0.42333333333333323}
{"loss": 0.19509432077407834, "accuracy": 0.4125}
{"loss": 0.3645015263557434, "accuracy": 0.38083333333333336}
{"loss": 0.6528708879152935, "accuracy": 0.3566666666666667}
{"loss": 1.1054934565226238, "accuracy": 0.3466666666666667}
{"loss": 1.796065616607666, "accuracy": 0.3233333333333333}
{"loss": 2.7955987040201817, "accuracy": 0.3225}
{"loss": 4.194370371500652, "accuracy": 0.31166666666666665}
{"loss": 6.097661259969076, "accuracy": 0.30416666666666664}
{"loss": 8.624457047780353, "accuracy": 0.29833333333333334}
{"loss": 11.927846857706706, "accuracy": 0.29}
{"loss": 16.193262825012205, "accuracy": 0.28666666666666674}
{"loss": 21.624662221272786, "accuracy": 0.2816666666666666}
{"loss": 28.417700271606446, "accuracy": 0.27999999999999997}
{"loss": 36.81279622395834, "accuracy": 0.27749999999999997}
{"loss": 47.06531407674154, "accuracy": 0.2766666666666667}
