{"round": 0, "loss": 0.07218380236625671, "accuracy": 0.0859, "preccision": 0.017529694651803568, "recall": 0.0859, "f1": 0.019027111094346374}
{"round": 1, "loss": 0.07154808974266053, "accuracy": 0.1873, "preccision": 0.0976621928658783, "recall": 0.1873, "f1": 0.10641014459011726}
{"round": 2, "loss": 0.06950279619693756, "accuracy": 0.2354, "preccision": 0.18725347035674075, "recall": 0.2354, "f1": 0.17105965241490725}
{"round": 3, "loss": 0.0648148866534233, "accuracy": 0.3001, "preccision": 0.38480157238392876, "recall": 0.3001, "f1": 0.24428005659615787}
{"round": 4, "loss": 0.06469040396213531, "accuracy": 0.3954, "preccision": 0.3852254819547068, "recall": 0.3954, "f1": 0.36239695613580136}
{"round": 5, "loss": 0.09891573209762573, "accuracy": 0.4192, "preccision": 0.3935318319742943, "recall": 0.4192, "f1": 0.3911585245011368}
{"round": 6, "loss": 0.1869166347026825, "accuracy": 0.4063, "preccision": 0.3919416029393809, "recall": 0.4063, "f1": 0.3884025348488728}
{"round": 7, "loss": 0.34673855171203616, "accuracy": 0.381, "preccision": 0.37684150874727934, "recall": 0.381, "f1": 0.3719498346059185}
{"round": 8, "loss": 0.6184789233207703, "accuracy": 0.3592, "preccision": 0.36408389336174235, "recall": 0.3592, "f1": 0.35522134793031496}
{"round": 9, "loss": 1.0443632829666138, "accuracy": 0.3414, "preccision": 0.3498346293127899, "recall": 0.3414, "f1": 0.33982290370599266}
{"round": 10, "loss": 1.6918127954483033, "accuracy": 0.327, "preccision": 0.3366709737854708, "recall": 0.327, "f1": 0.3265016853950797}
{"round": 11, "loss": 2.6283469928741456, "accuracy": 0.3192, "preccision": 0.3261619789085522, "recall": 0.3192, "f1": 0.3174848486050213}
{"round": 12, "loss": 3.9423256546020506, "accuracy": 0.3111, "preccision": 0.3185173605595972, "recall": 0.3111, "f1": 0.3097186189024058}
{"round": 13, "loss": 5.734068074035645, "accuracy": 0.3034, "preccision": 0.31163375512629204, "recall": 0.3034, "f1": 0.302268932466833}
{"round": 14, "loss": 8.113939294433594, "accuracy": 0.2995, "preccision": 0.30756555891677867, "recall": 0.2995, "f1": 0.2984583989805493}
{"round": 15, "loss": 11.232434175109864, "accuracy": 0.2961, "preccision": 0.30482918543088433, "recall": 0.2961, "f1": 0.2952016676341339}
{"round": 16, "loss": 15.249962168884277, "accuracy": 0.2916, "preccision": 0.3000329176200547, "recall": 0.2916, "f1": 0.29051703635538817}
{"round": 17, "loss": 20.344467135620118, "accuracy": 0.2884, "preccision": 0.2967581459328747, "recall": 0.2884, "f1": 0.28717063368900664}
{"round": 18, "loss": 26.72649815979004, "accuracy": 0.2868, "preccision": 0.29415901335205763, "recall": 0.2868, "f1": 0.28516014553879493}
{"round": 19, "loss": 34.61028037719726, "accuracy": 0.2842, "preccision": 0.29145727064464805, "recall": 0.2842, "f1": 0.2825109060430339}
{"round": 20, "loss": 44.222164221191406, "accuracy": 0.2811, "preccision": 0.2882642431795055, "recall": 0.2811, "f1": 0.27940990099452967}
