{"loss": 0.07643113752206167, "accuracy": 0.12083333333333332}
{"loss": 0.07573864877223968, "accuracy": 0.09833333333333331}
{"loss": 0.07366577068964641, "accuracy": 0.2666666666666667}
{"loss": 0.0692449200153351, "accuracy": 0.38916666666666666}
{"loss": 0.061487359305222825, "accuracy": 0.4541666666666667}
{"loss": 0.051778400937716164, "accuracy": 0.5108333333333334}
{"loss": 0.045992467850446694, "accuracy": 0.5566666666666666}
{"loss": 0.04730661039551099, "accuracy": 0.5841666666666667}
{"loss": 0.055994204183419535, "accuracy": 0.6041666666666667}
{"loss": 0.07160070111354193, "accuracy": 0.6058333333333333}
{"loss": 0.09662700633207957, "accuracy": 0.5858333333333332}
{"loss": 0.13334836363792418, "accuracy": 0.5824999999999999}
{"loss": 0.18222668985525767, "accuracy": 0.5666666666666667}
{"loss": 0.2484546720981598, "accuracy": 0.5416666666666667}
{"loss": 0.3339554464817047, "accuracy": 0.5241666666666667}
{"loss": 0.4406367484728496, "accuracy": 0.5091666666666667}
{"loss": 0.5734771927197775, "accuracy": 0.4841666666666667}
{"loss": 0.7424051984151204, "accuracy": 0.4725}
{"loss": 0.9493953855832418, "accuracy": 0.45916666666666667}
{"loss": 1.200224839846293, "accuracy": 0.4425}
