{"round": 0, "loss": 0.07214015040397644, "accuracy": 0.0988, "preccision": 0.05287489032142538, "recall": 0.0988, "f1": 0.022887375648145417}
{"round": 1, "loss": 0.07183282754421234, "accuracy": 0.1204, "preccision": 0.03146017442700818, "recall": 0.1204, "f1": 0.04415755350504891}
{"round": 2, "loss": 0.07112231395244599, "accuracy": 0.102, "preccision": 0.1675245556527008, "recall": 0.102, "f1": 0.024914996068499545}
{"round": 3, "loss": 0.06896494364738465, "accuracy": 0.2873, "preccision": 0.5128312929943606, "recall": 0.2873, "f1": 0.21155869323705728}
{"round": 4, "loss": 0.06448153584003448, "accuracy": 0.4139, "preccision": 0.47229254227613127, "recall": 0.4139, "f1": 0.35797548653383926}
{"round": 5, "loss": 0.0567766486287117, "accuracy": 0.4712, "preccision": 0.5408964908900628, "recall": 0.4712, "f1": 0.40704651372642514}
{"round": 6, "loss": 0.04716467596292496, "accuracy": 0.5327, "preccision": 0.5434444929210213, "recall": 0.5327, "f1": 0.5054340213930094}
{"round": 7, "loss": 0.041061912566423414, "accuracy": 0.5744, "preccision": 0.5680341979298319, "recall": 0.5744, "f1": 0.5588103418876562}
{"round": 8, "loss": 0.041578332543373106, "accuracy": 0.5977, "preccision": 0.5886279453729357, "recall": 0.5977, "f1": 0.5857768831932166}
{"round": 9, "loss": 0.048918754190206526, "accuracy": 0.6111, "preccision": 0.6015161480884413, "recall": 0.6111, "f1": 0.601837031227027}
{"round": 10, "loss": 0.06266796029210091, "accuracy": 0.616, "preccision": 0.6097351950742903, "recall": 0.616, "f1": 0.6098280719811304}
{"round": 11, "loss": 0.08438021816015244, "accuracy": 0.6075, "preccision": 0.6024673235444694, "recall": 0.6075, "f1": 0.6022452510181536}
{"round": 12, "loss": 0.11585761088132858, "accuracy": 0.5893, "preccision": 0.5839630340850819, "recall": 0.5893, "f1": 0.5838983711632594}
{"round": 13, "loss": 0.158347840487957, "accuracy": 0.5737, "preccision": 0.5688771870349979, "recall": 0.5737, "f1": 0.5688938561854788}
{"round": 14, "loss": 0.21566359803676605, "accuracy": 0.5539, "preccision": 0.5501490297931931, "recall": 0.5539, "f1": 0.5496036221471889}
{"round": 15, "loss": 0.29115685858726503, "accuracy": 0.5319, "preccision": 0.5296275951562295, "recall": 0.5319, "f1": 0.528298361085539}
{"round": 16, "loss": 0.38698798906803134, "accuracy": 0.5133, "preccision": 0.5117395003428482, "recall": 0.5133, "f1": 0.5102689866007923}
{"round": 17, "loss": 0.5080796820640564, "accuracy": 0.4988, "preccision": 0.4988317023626608, "recall": 0.4988, "f1": 0.4966915056481318}
{"round": 18, "loss": 0.6595095732212066, "accuracy": 0.4827, "preccision": 0.48366329802639046, "recall": 0.4827, "f1": 0.480949318988574}
{"round": 19, "loss": 0.8461113723754883, "accuracy": 0.4702, "preccision": 0.47330739910927644, "recall": 0.4702, "f1": 0.46947907071132133}
{"round": 20, "loss": 1.0704407185554505, "accuracy": 0.4601, "preccision": 0.4655511934449165, "recall": 0.4601, "f1": 0.4607265292214404}
