{"loss": 0.07666647632916768, "accuracy": 0.0625}
{"loss": 0.07632210354010265, "accuracy": 0.08333333333333334}
{"loss": 0.07554973165194193, "accuracy": 0.22083333333333333}
{"loss": 0.07430373132228851, "accuracy": 0.22499999999999998}
{"loss": 0.07235093116760255, "accuracy": 0.29166666666666663}
{"loss": 0.06949736128250758, "accuracy": 0.36250000000000004}
{"loss": 0.0660051887234052, "accuracy": 0.4083333333333333}
{"loss": 0.06179106036822001, "accuracy": 0.475}
{"loss": 0.056628284851709995, "accuracy": 0.5458333333333334}
{"loss": 0.052124412357807154, "accuracy": 0.5541666666666667}
{"loss": 0.04778539737065633, "accuracy": 0.5708333333333333}
{"loss": 0.04426079392433166, "accuracy": 0.5916666666666667}
{"loss": 0.0412046934167544, "accuracy": 0.6375}
{"loss": 0.03778686374425888, "accuracy": 0.6583333333333334}
{"loss": 0.03758650571107865, "accuracy": 0.6458333333333334}
{"loss": 0.03609590828418732, "accuracy": 0.6708333333333334}
{"loss": 0.0349532941977183, "accuracy": 0.6916666666666667}
{"loss": 0.03201480060815811, "accuracy": 0.7333333333333334}
{"loss": 0.03107660487294197, "accuracy": 0.7166666666666667}
{"loss": 0.02999517520268758, "accuracy": 0.7333333333333334}
