{"round": 0, "loss": 0.07212343354225159, "accuracy": 0.0957}
{"round": 1, "loss": 0.07182219114303588, "accuracy": 0.101}
{"round": 2, "loss": 0.07140708758831024, "accuracy": 0.1365}
{"round": 3, "loss": 0.07055998959541321, "accuracy": 0.2536}
{"round": 4, "loss": 0.06925047986507415, "accuracy": 0.2565}
{"round": 5, "loss": 0.06704193186759949, "accuracy": 0.3314}
{"round": 6, "loss": 0.06384702988862992, "accuracy": 0.3779}
{"round": 7, "loss": 0.060020996403694155, "accuracy": 0.4295}
{"round": 8, "loss": 0.05519715317487717, "accuracy": 0.5058}
{"round": 9, "loss": 0.050184355747699735, "accuracy": 0.5437}
{"round": 10, "loss": 0.04556197829246521, "accuracy": 0.5714}
{"round": 11, "loss": 0.04144330864548683, "accuracy": 0.5983}
{"round": 12, "loss": 0.03752103880047798, "accuracy": 0.6162}
{"round": 13, "loss": 0.03498956078886986, "accuracy": 0.6373}
{"round": 14, "loss": 0.031718825018405915, "accuracy": 0.664}
{"round": 15, "loss": 0.03162167906165123, "accuracy": 0.6598}
{"round": 16, "loss": 0.029924339121580126, "accuracy": 0.6624}
{"round": 17, "loss": 0.028850400331616403, "accuracy": 0.6831}
{"round": 18, "loss": 0.026138749784231186, "accuracy": 0.7229}
{"round": 19, "loss": 0.025677172738313676, "accuracy": 0.7255}
{"round": 20, "loss": 0.02459444882273674, "accuracy": 0.7408}
