{"loss": 0.07630729873975119, "accuracy": 0.195}
{"loss": 0.0749371329943339, "accuracy": 0.25583333333333336}
{"loss": 0.0710462212562561, "accuracy": 0.33916666666666667}
{"loss": 0.062407672504584, "accuracy": 0.4341666666666667}
{"loss": 0.051251312394936875, "accuracy": 0.5225000000000001}
{"loss": 0.051534417420625686, "accuracy": 0.5491666666666667}
{"loss": 0.06712011560797693, "accuracy": 0.5566666666666666}
{"loss": 0.09852904026707014, "accuracy": 0.5491666666666666}
{"loss": 0.151439774731795, "accuracy": 0.525}
{"loss": 0.23107752581437424, "accuracy": 0.49916666666666665}
{"loss": 0.3450011511643728, "accuracy": 0.485}
{"loss": 0.5042316408952078, "accuracy": 0.4699999999999999}
{"loss": 0.7195872998237611, "accuracy": 0.4533333333333333}
{"loss": 1.00094779809316, "accuracy": 0.4408333333333333}
{"loss": 1.3669482819239298, "accuracy": 0.42416666666666664}
{"loss": 1.8319758669535318, "accuracy": 0.41999999999999993}
{"loss": 2.410761278470357, "accuracy": 0.4175}
{"loss": 3.126800101598104, "accuracy": 0.4083333333333333}
{"loss": 4.005183410644531, "accuracy": 0.4033333333333333}
{"loss": 5.080887263615926, "accuracy": 0.4050000000000001}
