{"round": 0, "loss": 0.07218380236625671, "accuracy": 0.0859, "preccision": 0.017529694651803568, "recall": 0.0859, "f1": 0.019027111094346374}
{"round": 1, "loss": 0.07162177660465241, "accuracy": 0.2056, "preccision": 0.20106561964685943, "recall": 0.2056, "f1": 0.11012000947876902}
{"round": 2, "loss": 0.07031060762405396, "accuracy": 0.2552, "preccision": 0.21943370859227151, "recall": 0.2552, "f1": 0.16022632809710327}
{"round": 3, "loss": 0.06661364970207215, "accuracy": 0.349, "preccision": 0.3582447321476805, "recall": 0.349, "f1": 0.27563010924131653}
{"round": 4, "loss": 0.0585389404296875, "accuracy": 0.4338, "preccision": 0.5005092722003772, "recall": 0.4338, "f1": 0.3862241738688725}
{"round": 5, "loss": 0.04843303691148758, "accuracy": 0.5185, "preccision": 0.5017423538808389, "recall": 0.5185, "f1": 0.4844028249581664}
{"round": 6, "loss": 0.04922332366108895, "accuracy": 0.5423, "preccision": 0.503297244342504, "recall": 0.5423, "f1": 0.505770640173198}
{"round": 7, "loss": 0.06469562745690345, "accuracy": 0.5515, "preccision": 0.5148070135314335, "recall": 0.5515, "f1": 0.5227571542731659}
{"round": 8, "loss": 0.09501496423482896, "accuracy": 0.5419, "preccision": 0.5165929961388877, "recall": 0.5419, "f1": 0.5234315910418332}
{"round": 9, "loss": 0.14576731189489364, "accuracy": 0.5256, "preccision": 0.5070207587818566, "recall": 0.5256, "f1": 0.5120895531792221}
{"round": 10, "loss": 0.22163855884075165, "accuracy": 0.5045, "preccision": 0.49528932752074195, "recall": 0.5045, "f1": 0.49612313472772446}
{"round": 11, "loss": 0.329838427066803, "accuracy": 0.484, "preccision": 0.48000523442590576, "recall": 0.484, "f1": 0.4786823830390749}
{"round": 12, "loss": 0.480429464673996, "accuracy": 0.4676, "preccision": 0.4686037024363094, "recall": 0.4676, "f1": 0.4647802316687145}
{"round": 13, "loss": 0.6823181224822998, "accuracy": 0.4531, "preccision": 0.45561781025849024, "recall": 0.4531, "f1": 0.45120813026085177}
{"round": 14, "loss": 0.9447702270507813, "accuracy": 0.4396, "preccision": 0.4430298461518188, "recall": 0.4396, "f1": 0.43877044764775147}
{"round": 15, "loss": 1.2868365982055665, "accuracy": 0.4306, "preccision": 0.43546708322972544, "recall": 0.4306, "f1": 0.4302454737929207}
{"round": 16, "loss": 1.7201149000167846, "accuracy": 0.4229, "preccision": 0.42993324195059257, "recall": 0.4229, "f1": 0.4237410865654152}
{"round": 17, "loss": 2.266304480743408, "accuracy": 0.4187, "preccision": 0.4250173749702721, "recall": 0.4187, "f1": 0.41906082415844603}
{"round": 18, "loss": 2.9419708564758302, "accuracy": 0.412, "preccision": 0.420640065163545, "recall": 0.412, "f1": 0.4133978326288543}
{"round": 19, "loss": 3.769567874145508, "accuracy": 0.407, "preccision": 0.4152446537068961, "recall": 0.407, "f1": 0.40818917445753977}
{"round": 20, "loss": 4.78089778213501, "accuracy": 0.4015, "preccision": 0.4109173036554598, "recall": 0.4015, "f1": 0.40286678538551207}
