{"loss": 0.07607730786005655, "accuracy": 0.11916666666666667}
{"loss": 0.07533424019813538, "accuracy": 0.14916666666666667}
{"loss": 0.07350963393847147, "accuracy": 0.17333333333333334}
{"loss": 0.06918202410141627, "accuracy": 0.31166666666666665}
{"loss": 0.06399892777204515, "accuracy": 0.385}
{"loss": 0.06308051556348801, "accuracy": 0.42416666666666664}
{"loss": 0.0761088451743126, "accuracy": 0.4566666666666667}
{"loss": 0.10416750013828278, "accuracy": 0.4593750000000001}
{"loss": 0.14949003239472708, "accuracy": 0.45500000000000007}
{"loss": 0.2191708385944367, "accuracy": 0.43666666666666665}
{"loss": 0.32210256973902385, "accuracy": 0.41083333333333333}
{"loss": 0.46376338203748063, "accuracy": 0.3916666666666667}
{"loss": 0.6572337683041891, "accuracy": 0.3691666666666667}
{"loss": 0.9145108207066854, "accuracy": 0.35833333333333334}
{"loss": 1.2540117454528807, "accuracy": 0.3516666666666667}
{"loss": 1.6810016345977783, "accuracy": 0.3466666666666667}
{"loss": 2.2102743117014567, "accuracy": 0.3441666666666666}
{"loss": 2.866259644826253, "accuracy": 0.32916666666666666}
{"loss": 3.6701636028289792, "accuracy": 0.31416666666666665}
{"loss": 4.640328458150228, "accuracy": 0.30500000000000005}
