{"round": 0, "loss": 0.07212486484050751, "accuracy": 0.0958, "preccision": 0.009177639999999999, "recall": 0.0958, "f1": 0.0167505749224311}
{"round": 1, "loss": 0.07141710765361786, "accuracy": 0.1288, "preccision": 0.17117261497708877, "recall": 0.1288, "f1": 0.04372462471620023}
{"round": 2, "loss": 0.07069997837543487, "accuracy": 0.1495, "preccision": 0.1854587819735535, "recall": 0.1495, "f1": 0.07182858106406334}
{"round": 3, "loss": 0.06888580822944641, "accuracy": 0.1659, "preccision": 0.2997604959467648, "recall": 0.1659, "f1": 0.12777737162636446}
{"round": 4, "loss": 0.0645026317000389, "accuracy": 0.3314, "preccision": 0.35822204170184474, "recall": 0.3314, "f1": 0.3002794285093662}
{"round": 5, "loss": 0.05883583195209503, "accuracy": 0.4105, "preccision": 0.3786776690496551, "recall": 0.4105, "f1": 0.3693735325224342}
{"round": 6, "loss": 0.05701416698694229, "accuracy": 0.4459, "preccision": 0.407287692894221, "recall": 0.4459, "f1": 0.4099628373307962}
{"round": 7, "loss": 0.06749344198703766, "accuracy": 0.4714, "preccision": 0.4322095426256341, "recall": 0.4714, "f1": 0.43507399702770116}
{"round": 8, "loss": 0.09065942995548248, "accuracy": 0.4742, "preccision": 0.4404864590430202, "recall": 0.4742, "f1": 0.44609800144667544}
{"round": 9, "loss": 0.1312714908719063, "accuracy": 0.4693, "preccision": 0.4428182880576056, "recall": 0.4693, "f1": 0.4482349243790795}
{"round": 10, "loss": 0.19341270122528076, "accuracy": 0.4568, "preccision": 0.43471969792466236, "recall": 0.4568, "f1": 0.44041321688138213}
{"round": 11, "loss": 0.2846946757078171, "accuracy": 0.4362, "preccision": 0.41792742889170315, "recall": 0.4362, "f1": 0.42304804564960896}
{"round": 12, "loss": 0.4109651708126068, "accuracy": 0.4155, "preccision": 0.401353156405982, "recall": 0.4155, "f1": 0.4055150781162546}
{"round": 13, "loss": 0.5826278513908386, "accuracy": 0.3999, "preccision": 0.38907229576890556, "recall": 0.3999, "f1": 0.39200658686526807}
{"round": 14, "loss": 0.8093786109924317, "accuracy": 0.3845, "preccision": 0.37708402136119623, "recall": 0.3845, "f1": 0.37872418924697354}
{"round": 15, "loss": 1.1057673892974853, "accuracy": 0.3703, "preccision": 0.3652531371859252, "recall": 0.3703, "f1": 0.3657998376239553}
{"round": 16, "loss": 1.4812518983840943, "accuracy": 0.3586, "preccision": 0.3557713639211861, "recall": 0.3586, "f1": 0.35515537941031117}
{"round": 17, "loss": 1.951025846862793, "accuracy": 0.3478, "preccision": 0.3455125140071712, "recall": 0.3478, "f1": 0.3446813617698069}
{"round": 18, "loss": 2.5337993221282957, "accuracy": 0.3386, "preccision": 0.3361458161872116, "recall": 0.3386, "f1": 0.3356046050813298}
{"round": 19, "loss": 3.2470529624938966, "accuracy": 0.333, "preccision": 0.3292906664691095, "recall": 0.333, "f1": 0.3295055632249586}
{"round": 20, "loss": 4.106500824737549, "accuracy": 0.3298, "preccision": 0.3258847421535941, "recall": 0.3298, "f1": 0.3262682583672118}
