{"loss": 0.07611710846424104, "accuracy": 0.24333333333333335}
{"loss": 0.0751222405831019, "accuracy": 0.3466666666666667}
{"loss": 0.07304997086524964, "accuracy": 0.4375}
{"loss": 0.06931546727816264, "accuracy": 0.4666666666666666}
{"loss": 0.06360617230335872, "accuracy": 0.4883333333333334}
{"loss": 0.05560963670412698, "accuracy": 0.5433333333333333}
{"loss": 0.04721460362275441, "accuracy": 0.5783333333333334}
{"loss": 0.04267141883571943, "accuracy": 0.5858333333333333}
{"loss": 0.04270038694143295, "accuracy": 0.6000000000000001}
{"loss": 0.04644824956854184, "accuracy": 0.6141666666666667}
{"loss": 0.05371519034107527, "accuracy": 0.6141666666666665}
{"loss": 0.06459446266293527, "accuracy": 0.6116666666666667}
{"loss": 0.0800958189368248, "accuracy": 0.5966666666666667}
{"loss": 0.10043245027462641, "accuracy": 0.58}
{"loss": 0.12663471579551694, "accuracy": 0.5683333333333334}
{"loss": 0.1603750773270925, "accuracy": 0.5558333333333334}
{"loss": 0.20242470224698383, "accuracy": 0.5316666666666666}
{"loss": 0.2544696124394735, "accuracy": 0.5191666666666667}
{"loss": 0.31710973381996155, "accuracy": 0.5058333333333332}
{"loss": 0.3900237282117208, "accuracy": 0.4958333333333333}
