{"round": 0, "loss": 0.07204539165496826, "accuracy": 0.1096, "preccision": 0.09697667574561834, "recall": 0.1096, "f1": 0.06719632393106954}
{"round": 1, "loss": 0.07142342064380645, "accuracy": 0.2461, "preccision": 0.183022562944766, "recall": 0.2461, "f1": 0.14436427714242192}
{"round": 2, "loss": 0.07037312710285187, "accuracy": 0.3592, "preccision": 0.3152579663255478, "recall": 0.3592, "f1": 0.2696983309516325}
{"round": 3, "loss": 0.0682184921503067, "accuracy": 0.4554, "preccision": 0.3741285981562457, "recall": 0.4554, "f1": 0.3578494618105132}
{"round": 4, "loss": 0.06445174696445465, "accuracy": 0.4816, "preccision": 0.5629922781850416, "recall": 0.4816, "f1": 0.39780832901240953}
{"round": 5, "loss": 0.05886542842388153, "accuracy": 0.4976, "preccision": 0.5608077705920598, "recall": 0.4976, "f1": 0.41636556573071176}
{"round": 6, "loss": 0.05136064232587814, "accuracy": 0.5298, "preccision": 0.5367533024763721, "recall": 0.5298, "f1": 0.46187347288467445}
{"round": 7, "loss": 0.043779533064365383, "accuracy": 0.5613, "preccision": 0.5764461647919327, "recall": 0.5613, "f1": 0.504617893087504}
{"round": 8, "loss": 0.03985823416113853, "accuracy": 0.5845, "preccision": 0.5843241494462994, "recall": 0.5845, "f1": 0.5400549899298916}
{"round": 9, "loss": 0.040253288263082505, "accuracy": 0.5998, "preccision": 0.5864008305983689, "recall": 0.5998, "f1": 0.564030174645442}
{"round": 10, "loss": 0.044368463253974914, "accuracy": 0.605, "preccision": 0.5859441921703459, "recall": 0.605, "f1": 0.5764968733000753}
{"round": 11, "loss": 0.05188528142571449, "accuracy": 0.6048, "preccision": 0.5842310595429894, "recall": 0.6048, "f1": 0.5811102890751485}
{"round": 12, "loss": 0.0630780480325222, "accuracy": 0.5952, "preccision": 0.574677251266745, "recall": 0.5952, "f1": 0.5753441075649384}
{"round": 13, "loss": 0.0787401202917099, "accuracy": 0.5866, "preccision": 0.5687138176238254, "recall": 0.5866, "f1": 0.5704653372348508}
{"round": 14, "loss": 0.0991949383378029, "accuracy": 0.5779, "preccision": 0.5629144512145908, "recall": 0.5779, "f1": 0.5654122025665901}
{"round": 15, "loss": 0.12512992928028108, "accuracy": 0.5662, "preccision": 0.5535763671032637, "recall": 0.5662, "f1": 0.555883347875948}
{"round": 16, "loss": 0.15808395144939422, "accuracy": 0.5504, "preccision": 0.5405311097422546, "recall": 0.5504, "f1": 0.541840291115571}
{"round": 17, "loss": 0.19846937270164489, "accuracy": 0.5393, "preccision": 0.53045603757152, "recall": 0.5393, "f1": 0.531704196747929}
{"round": 18, "loss": 0.2481693327188492, "accuracy": 0.5257, "preccision": 0.5197895078960689, "recall": 0.5257, "f1": 0.5195497541869453}
{"round": 19, "loss": 0.30861271624565123, "accuracy": 0.5143, "preccision": 0.509317765143288, "recall": 0.5143, "f1": 0.5084677419997794}
{"round": 20, "loss": 0.379924167060852, "accuracy": 0.499, "preccision": 0.4958822063399062, "recall": 0.499, "f1": 0.4942183517852156}
