{"loss": 0.07680044253667195, "accuracy": 0.11833333333333333}
{"loss": 0.07657962262630463, "accuracy": 0.13916666666666666}
{"loss": 0.07572327395280201, "accuracy": 0.255}
{"loss": 0.07340125977993013, "accuracy": 0.195}
{"loss": 0.06874990652004878, "accuracy": 0.3308333333333333}
{"loss": 0.06152737220128377, "accuracy": 0.45499999999999996}
{"loss": 0.05212616284688314, "accuracy": 0.515}
{"loss": 0.04878145388017098, "accuracy": 0.5171875}
{"loss": 0.04906799674034119, "accuracy": 0.5333333333333334}
{"loss": 0.06102359908677283, "accuracy": 0.5363095238095238}
{"loss": 0.08161837210257847, "accuracy": 0.5366666666666667}
{"loss": 0.10449011534452439, "accuracy": 0.5158333333333333}
{"loss": 0.14392123798529305, "accuracy": 0.5125000000000001}
{"loss": 0.20412920554478964, "accuracy": 0.4916666666666666}
{"loss": 0.26032558262348177, "accuracy": 0.4716666666666667}
{"loss": 0.33121101935704544, "accuracy": 0.46749999999999997}
{"loss": 0.4185105946328905, "accuracy": 0.46666666666666673}
{"loss": 0.5570115439097088, "accuracy": 0.4508333333333333}
{"loss": 0.7404511760782314, "accuracy": 0.448148148148148}
{"loss": 0.885803956190745, "accuracy": 0.4149999999999999}
