{"round": 0, "loss": 0.07228001170158387, "accuracy": 0.1135, "preccision": 0.012883538353835385, "recall": 0.1135, "f1": 0.02314038081552003}
{"round": 1, "loss": 0.07208134639263153, "accuracy": 0.114, "preccision": 0.05498364376794179, "recall": 0.114, "f1": 0.02415568930344752}
{"round": 2, "loss": 0.0718179258108139, "accuracy": 0.1353, "preccision": 0.04154653612844392, "recall": 0.1353, "f1": 0.048522003036354254}
{"round": 3, "loss": 0.07101889281272888, "accuracy": 0.2429, "preccision": 0.2550199181598979, "recall": 0.2429, "f1": 0.12350080104796796}
{"round": 4, "loss": 0.06891739463806153, "accuracy": 0.1996, "preccision": 0.31776818502188386, "recall": 0.1996, "f1": 0.14138592941903072}
{"round": 5, "loss": 0.06470996047258377, "accuracy": 0.315, "preccision": 0.4618462596886905, "recall": 0.315, "f1": 0.2858546579554625}
{"round": 6, "loss": 0.05735704176425934, "accuracy": 0.4776, "preccision": 0.5110465025977232, "recall": 0.4776, "f1": 0.4798946919756381}
{"round": 7, "loss": 0.04880791659355164, "accuracy": 0.5087, "preccision": 0.5184550957047238, "recall": 0.5087, "f1": 0.5023374297754132}
{"round": 8, "loss": 0.04493844872117043, "accuracy": 0.5258, "preccision": 0.5051724534444334, "recall": 0.5258, "f1": 0.5047737302454088}
{"round": 9, "loss": 0.04723028120398522, "accuracy": 0.532, "preccision": 0.5146304525615653, "recall": 0.532, "f1": 0.5152293973768649}
{"round": 10, "loss": 0.05830154334306717, "accuracy": 0.5302, "preccision": 0.5114296785324972, "recall": 0.5302, "f1": 0.5131695962847357}
{"round": 11, "loss": 0.07461433174610138, "accuracy": 0.5334, "preccision": 0.5233590975081772, "recall": 0.5334, "f1": 0.5256437041784213}
{"round": 12, "loss": 0.09978150404691696, "accuracy": 0.5224, "preccision": 0.5176691619726165, "recall": 0.5224, "f1": 0.5181259222473371}
{"round": 13, "loss": 0.13501014612913131, "accuracy": 0.5112, "preccision": 0.5043755246057859, "recall": 0.5112, "f1": 0.5066093615053161}
{"round": 14, "loss": 0.18168992717266083, "accuracy": 0.499, "preccision": 0.5001889185453331, "recall": 0.499, "f1": 0.4984852325543925}
{"round": 15, "loss": 0.24204153177738189, "accuracy": 0.4864, "preccision": 0.49112893332913593, "recall": 0.4864, "f1": 0.48766227672867535}
{"round": 16, "loss": 0.3175589530467987, "accuracy": 0.4694, "preccision": 0.47517124473966216, "recall": 0.4694, "f1": 0.47126179709102334}
{"round": 17, "loss": 0.41097036814689636, "accuracy": 0.4592, "preccision": 0.4622308323086487, "recall": 0.4592, "f1": 0.4599074652063842}
{"round": 18, "loss": 0.5258154237270355, "accuracy": 0.4498, "preccision": 0.4549839088646511, "recall": 0.4498, "f1": 0.4512950479351771}
{"round": 19, "loss": 0.6663691892623901, "accuracy": 0.4405, "preccision": 0.4467066779770393, "recall": 0.4405, "f1": 0.4421529154366097}
{"round": 20, "loss": 0.8337351393699646, "accuracy": 0.4277, "preccision": 0.4407798956339093, "recall": 0.4277, "f1": 0.43240536283679337}
