{"loss": 0.0761076541741689, "accuracy": 0.20375000000000001}
{"loss": 0.07518108715613683, "accuracy": 0.2666666666666667}
{"loss": 0.07363770614067713, "accuracy": 0.3691666666666666}
{"loss": 0.07142743438482284, "accuracy": 0.47958333333333325}
{"loss": 0.06805020575722058, "accuracy": 0.5270833333333333}
{"loss": 0.06368201062083245, "accuracy": 0.5945833333333334}
{"loss": 0.05845429028073947, "accuracy": 0.5858333333333334}
{"loss": 0.052658013751109435, "accuracy": 0.6233333333333333}
{"loss": 0.04721255391836167, "accuracy": 0.6404166666666666}
{"loss": 0.0424752952158451, "accuracy": 0.6554166666666668}
{"loss": 0.03862535126507282, "accuracy": 0.6625000000000001}
{"loss": 0.03551162821551164, "accuracy": 0.6795833333333332}
{"loss": 0.03301466003060342, "accuracy": 0.6941666666666667}
{"loss": 0.030317974438269935, "accuracy": 0.7166666666666666}
{"loss": 0.028849751912057398, "accuracy": 0.71625}
{"loss": 0.027290952155987425, "accuracy": 0.7274999999999999}
{"loss": 0.026032348548372587, "accuracy": 0.7466666666666667}
{"loss": 0.02584146548062563, "accuracy": 0.7374999999999999}
{"loss": 0.024621866258482138, "accuracy": 0.75125}
{"loss": 0.02386261863013109, "accuracy": 0.76}
