{"round": 0, "loss": 0.07224980416297913, "accuracy": 0.0822}
{"round": 1, "loss": 0.07150176520347595, "accuracy": 0.1985}
{"round": 2, "loss": 0.0706217691898346, "accuracy": 0.259}
{"round": 3, "loss": 0.0691522041797638, "accuracy": 0.3724}
{"round": 4, "loss": 0.0670546238899231, "accuracy": 0.4899}
{"round": 5, "loss": 0.06386639593839645, "accuracy": 0.5431}
{"round": 6, "loss": 0.059742048466205594, "accuracy": 0.6152}
{"round": 7, "loss": 0.054788179516792296, "accuracy": 0.6084}
{"round": 8, "loss": 0.04924547145366669, "accuracy": 0.6313}
{"round": 9, "loss": 0.04396742020845413, "accuracy": 0.6586}
{"round": 10, "loss": 0.03943938612937927, "accuracy": 0.6646}
{"round": 11, "loss": 0.035687755227088926, "accuracy": 0.675}
{"round": 12, "loss": 0.03262026559710503, "accuracy": 0.6881}
{"round": 13, "loss": 0.03030847022533417, "accuracy": 0.6977}
{"round": 14, "loss": 0.02768009898662567, "accuracy": 0.7242}
{"round": 15, "loss": 0.026282679212093353, "accuracy": 0.7297}
{"round": 16, "loss": 0.024815231037139892, "accuracy": 0.7368}
{"round": 17, "loss": 0.023639296379685402, "accuracy": 0.7499}
{"round": 18, "loss": 0.023513255938887596, "accuracy": 0.7411}
{"round": 19, "loss": 0.022356054484844207, "accuracy": 0.7568}
{"round": 20, "loss": 0.02166261657178402, "accuracy": 0.7663}
