{"loss": 0.07649897933006286, "accuracy": 0.16666666666666666}
{"loss": 0.07608604927857716, "accuracy": 0.17916666666666667}
{"loss": 0.0751124491294225, "accuracy": 0.22083333333333333}
{"loss": 0.07275720238685608, "accuracy": 0.23333333333333334}
{"loss": 0.06780901203552882, "accuracy": 0.325}
{"loss": 0.05999029328425726, "accuracy": 0.4625}
{"loss": 0.05261082947254181, "accuracy": 0.5125}
{"loss": 0.04818435634175936, "accuracy": 0.5375}
{"loss": 0.04915476416548093, "accuracy": 0.5625}
{"loss": 0.0555634431540966, "accuracy": 0.5708333333333333}
{"loss": 0.06836535880963007, "accuracy": 0.5708333333333333}
{"loss": 0.08896016031503677, "accuracy": 0.5625}
{"loss": 0.11788778056701024, "accuracy": 0.5583333333333333}
{"loss": 0.15584614376227063, "accuracy": 0.5291666666666667}
{"loss": 0.2037189284960429, "accuracy": 0.49166666666666664}
{"loss": 0.2657642563184103, "accuracy": 0.4708333333333333}
{"loss": 0.34655525088310246, "accuracy": 0.44166666666666665}
{"loss": 0.4443681716918945, "accuracy": 0.4291666666666667}
{"loss": 0.5642752806345621, "accuracy": 0.4083333333333333}
{"loss": 0.6993282437324524, "accuracy": 0.4041666666666667}
