{"round": 0, "loss": 0.07218380236625671, "accuracy": 0.0859, "preccision": 0.017529694651803568, "recall": 0.0859, "f1": 0.019027111094346374}
{"round": 1, "loss": 0.07167059342861176, "accuracy": 0.1902, "preccision": 0.08869885830641679, "recall": 0.1902, "f1": 0.07911770490300973}
{"round": 2, "loss": 0.07105917224884033, "accuracy": 0.2429, "preccision": 0.1866473814502881, "recall": 0.2429, "f1": 0.167158625017026}
{"round": 3, "loss": 0.06969148719310761, "accuracy": 0.2729, "preccision": 0.29711246508479255, "recall": 0.2729, "f1": 0.1745032533922447}
{"round": 4, "loss": 0.06677562029361725, "accuracy": 0.3095, "preccision": 0.30380935931077085, "recall": 0.3095, "f1": 0.21491089475225425}
{"round": 5, "loss": 0.061425898480415346, "accuracy": 0.3919, "preccision": 0.5714724052060083, "recall": 0.3919, "f1": 0.30529598470555447}
{"round": 6, "loss": 0.05334495049715042, "accuracy": 0.482, "preccision": 0.5071702687324874, "recall": 0.482, "f1": 0.4314122242771885}
{"round": 7, "loss": 0.04577358863949776, "accuracy": 0.529, "preccision": 0.5134887635141906, "recall": 0.529, "f1": 0.4856856924981797}
{"round": 8, "loss": 0.04118570038676262, "accuracy": 0.5631, "preccision": 0.5384356804106126, "recall": 0.5631, "f1": 0.5292062987013876}
{"round": 9, "loss": 0.04131777368783951, "accuracy": 0.5829, "preccision": 0.5585776165705238, "recall": 0.5829, "f1": 0.5567328881707523}
{"round": 10, "loss": 0.046261847013235095, "accuracy": 0.5934, "preccision": 0.5748430033138112, "recall": 0.5934, "f1": 0.5748386599037615}
{"round": 11, "loss": 0.05658434414863586, "accuracy": 0.5932, "preccision": 0.5812203634643913, "recall": 0.5932, "f1": 0.5817618442577983}
{"round": 12, "loss": 0.07263591299057007, "accuracy": 0.5852, "preccision": 0.5805598469847576, "recall": 0.5852, "f1": 0.5796109400161084}
{"round": 13, "loss": 0.0966022675216198, "accuracy": 0.5731, "preccision": 0.5717776026208953, "recall": 0.5731, "f1": 0.5690718813422134}
{"round": 14, "loss": 0.12969439871311186, "accuracy": 0.5547, "preccision": 0.5567742102679131, "recall": 0.5547, "f1": 0.5520526068666008}
{"round": 15, "loss": 0.17394457236528396, "accuracy": 0.5342, "preccision": 0.534995550708764, "recall": 0.5342, "f1": 0.5306670030093122}
{"round": 16, "loss": 0.23037759280204773, "accuracy": 0.5197, "preccision": 0.5209620496973296, "recall": 0.5197, "f1": 0.5163297529436726}
{"round": 17, "loss": 0.3013644084215164, "accuracy": 0.5029, "preccision": 0.506402323160285, "recall": 0.5029, "f1": 0.5001252152359035}
{"round": 18, "loss": 0.387310481262207, "accuracy": 0.4883, "preccision": 0.49200921084630106, "recall": 0.4883, "f1": 0.48621467612660046}
{"round": 19, "loss": 0.49176352286338804, "accuracy": 0.4779, "preccision": 0.48304571877615865, "recall": 0.4779, "f1": 0.47702313636242144}
{"round": 20, "loss": 0.6179172285079956, "accuracy": 0.4665, "preccision": 0.4720603188711133, "recall": 0.4665, "f1": 0.4664970884917824}
