{"loss": 0.07627205044031142, "accuracy": 0.18166666666666664}
{"loss": 0.0754628837108612, "accuracy": 0.25375000000000003}
{"loss": 0.07419131447871527, "accuracy": 0.38958333333333334}
{"loss": 0.07212198426326116, "accuracy": 0.47874999999999995}
{"loss": 0.06881694351633388, "accuracy": 0.5208333333333334}
{"loss": 0.06432943478226662, "accuracy": 0.5508333333333332}
{"loss": 0.05867252280314763, "accuracy": 0.5945833333333334}
{"loss": 0.05270287156105041, "accuracy": 0.6108333333333331}
{"loss": 0.047092005411783856, "accuracy": 0.6387500000000002}
{"loss": 0.04292389857272307, "accuracy": 0.6375}
{"loss": 0.03880822106319315, "accuracy": 0.6549019607843137}
{"loss": 0.03586746096611022, "accuracy": 0.6870833333333333}
{"loss": 0.03304428140322367, "accuracy": 0.7079166666666669}
{"loss": 0.031173128659526504, "accuracy": 0.7125}
{"loss": 0.029097202134629085, "accuracy": 0.7295833333333331}
{"loss": 0.027220149015386903, "accuracy": 0.7420833333333333}
{"loss": 0.02649626406530539, "accuracy": 0.7395833333333333}
{"loss": 0.025020719518264133, "accuracy": 0.7504166666666666}
{"loss": 0.024609979800879957, "accuracy": 0.7520833333333333}
{"loss": 0.023879238851368428, "accuracy": 0.7575000000000001}
