{"round": 0, "loss": 0.07237841854095459, "accuracy": 0.0628}
{"round": 1, "loss": 0.07162653896808624, "accuracy": 0.1688}
{"round": 2, "loss": 0.07083907408714295, "accuracy": 0.2507}
{"round": 3, "loss": 0.06961600227355957, "accuracy": 0.3952}
{"round": 4, "loss": 0.06763157362937927, "accuracy": 0.4905}
{"round": 5, "loss": 0.06449291954040527, "accuracy": 0.5341}
{"round": 6, "loss": 0.06022932224273682, "accuracy": 0.5516}
{"round": 7, "loss": 0.054877919507026675, "accuracy": 0.5995}
{"round": 8, "loss": 0.04917772091627121, "accuracy": 0.6132}
{"round": 9, "loss": 0.043894259214401245, "accuracy": 0.647}
{"round": 10, "loss": 0.039849380803108216, "accuracy": 0.6477}
{"round": 11, "loss": 0.03613715544939041, "accuracy": 0.6698}
{"round": 12, "loss": 0.033124090534448626, "accuracy": 0.6965}
{"round": 13, "loss": 0.03025607500076294, "accuracy": 0.7197}
{"round": 14, "loss": 0.02856091980934143, "accuracy": 0.717}
{"round": 15, "loss": 0.026640375927090645, "accuracy": 0.735}
{"round": 16, "loss": 0.024912629553675653, "accuracy": 0.7535}
{"round": 17, "loss": 0.024300764209032058, "accuracy": 0.7474}
{"round": 18, "loss": 0.022969726970791818, "accuracy": 0.7615}
{"round": 19, "loss": 0.022526973795890807, "accuracy": 0.7656}
{"round": 20, "loss": 0.022027679213881494, "accuracy": 0.7694}
