{"loss": 0.07659069101015727, "accuracy": 0.11499999999999999}
{"loss": 0.076173495054245, "accuracy": 0.175}
{"loss": 0.07548514763514201, "accuracy": 0.275}
{"loss": 0.07443740010261536, "accuracy": 0.26833333333333337}
{"loss": 0.07279377222061158, "accuracy": 0.3066666666666667}
{"loss": 0.07034875512123108, "accuracy": 0.325}
{"loss": 0.06682775755723316, "accuracy": 0.4716666666666667}
{"loss": 0.062328370014826454, "accuracy": 0.525}
{"loss": 0.05709442476431529, "accuracy": 0.5566666666666666}
{"loss": 0.05214062432448069, "accuracy": 0.5533333333333332}
{"loss": 0.04806585391362508, "accuracy": 0.5616666666666668}
{"loss": 0.04445865392684937, "accuracy": 0.5900000000000001}
{"loss": 0.0410697356859843, "accuracy": 0.6233333333333333}
{"loss": 0.039184507131576535, "accuracy": 0.635}
{"loss": 0.03677032272020976, "accuracy": 0.655}
{"loss": 0.03448551625013351, "accuracy": 0.6616666666666666}
{"loss": 0.033254218200842546, "accuracy": 0.6666666666666666}
{"loss": 0.03099548558394114, "accuracy": 0.6933333333333334}
{"loss": 0.029571110705534615, "accuracy": 0.72}
{"loss": 0.02918351834019025, "accuracy": 0.7066666666666667}
