{"round": 0, "loss": 0.07212343354225159, "accuracy": 0.0957}
{"round": 1, "loss": 0.07181386804580689, "accuracy": 0.1476}
{"round": 2, "loss": 0.07137648484706878, "accuracy": 0.2017}
{"round": 3, "loss": 0.07063502674102783, "accuracy": 0.2924}
{"round": 4, "loss": 0.06958287904262543, "accuracy": 0.2924}
{"round": 5, "loss": 0.06790060737133026, "accuracy": 0.3306}
{"round": 6, "loss": 0.06534570814371109, "accuracy": 0.3472}
{"round": 7, "loss": 0.061737402963638305, "accuracy": 0.5065}
{"round": 8, "loss": 0.05705075488090515, "accuracy": 0.5629}
{"round": 9, "loss": 0.05180362615585327, "accuracy": 0.5992}
{"round": 10, "loss": 0.046802594769001005, "accuracy": 0.5908}
{"round": 11, "loss": 0.04261795494556427, "accuracy": 0.6009}
{"round": 12, "loss": 0.039173447626829144, "accuracy": 0.6287}
{"round": 13, "loss": 0.03570938810706139, "accuracy": 0.6477}
{"round": 14, "loss": 0.03374860626459122, "accuracy": 0.6553}
{"round": 15, "loss": 0.0315360577404499, "accuracy": 0.6733}
{"round": 16, "loss": 0.02944479387998581, "accuracy": 0.6882}
{"round": 17, "loss": 0.028535281351208686, "accuracy": 0.6933}
{"round": 18, "loss": 0.026263755586743355, "accuracy": 0.719}
{"round": 19, "loss": 0.02504012765586376, "accuracy": 0.738}
{"round": 20, "loss": 0.024638371175527574, "accuracy": 0.7327}
