{"loss": 0.07638373424609501, "accuracy": 0.17916666666666667}
{"loss": 0.07567971597115199, "accuracy": 0.134375}
{"loss": 0.07434864342212677, "accuracy": 0.24791666666666667}
{"loss": 0.07076659922798476, "accuracy": 0.35625}
{"loss": 0.06569761708378791, "accuracy": 0.4083333333333334}
{"loss": 0.05689947021504243, "accuracy": 0.4625}
{"loss": 0.048658335581421845, "accuracy": 0.5229166666666667}
{"loss": 0.042494510052104785, "accuracy": 0.5833333333333334}
{"loss": 0.04292392584805687, "accuracy": 0.5958333333333333}
{"loss": 0.04820542937765519, "accuracy": 0.5989583333333335}
{"loss": 0.06067556763688723, "accuracy": 0.6052083333333333}
{"loss": 0.0809930975238482, "accuracy": 0.5885416666666667}
{"loss": 0.10447416206200918, "accuracy": 0.59375}
{"loss": 0.14282134175300598, "accuracy": 0.54375}
{"loss": 0.17979363054037095, "accuracy": 0.5520833333333333}
{"loss": 0.24928960924347243, "accuracy": 0.515625}
{"loss": 0.3284185473124187, "accuracy": 0.4883333333333333}
{"loss": 0.42554626862208045, "accuracy": 0.4854166666666666}
{"loss": 0.5011320441961288, "accuracy": 0.49374999999999997}
{"loss": 0.6242144496352584, "accuracy": 0.46851851851851856}
