{"round": 0, "loss": 0.07218380236625671, "accuracy": 0.0859, "preccision": 0.017529694651803568, "recall": 0.0859, "f1": 0.019027111094346374}
{"round": 1, "loss": 0.07166876695156098, "accuracy": 0.1832, "preccision": 0.0744271752761666, "recall": 0.1832, "f1": 0.06975574226140038}
{"round": 2, "loss": 0.07102453784942626, "accuracy": 0.1434, "preccision": 0.2962724494320466, "recall": 0.1434, "f1": 0.0644138210710572}
{"round": 3, "loss": 0.06964893844127655, "accuracy": 0.2607, "preccision": 0.4455699132762722, "recall": 0.2607, "f1": 0.17027408812123862}
{"round": 4, "loss": 0.06669100270271301, "accuracy": 0.347, "preccision": 0.4204537786131026, "recall": 0.347, "f1": 0.25815512352365527}
{"round": 5, "loss": 0.06113487490415573, "accuracy": 0.4319, "preccision": 0.5261460693418905, "recall": 0.4319, "f1": 0.3722511895172624}
{"round": 6, "loss": 0.053052308690547945, "accuracy": 0.4735, "preccision": 0.511710824839857, "recall": 0.4735, "f1": 0.40794769123369534}
{"round": 7, "loss": 0.04537073295712471, "accuracy": 0.514, "preccision": 0.5212202548177269, "recall": 0.514, "f1": 0.4667840868033656}
{"round": 8, "loss": 0.040038004976511, "accuracy": 0.5611, "preccision": 0.5582479787631041, "recall": 0.5611, "f1": 0.5362526841436183}
{"round": 9, "loss": 0.040934631687402724, "accuracy": 0.5778, "preccision": 0.5665754991852872, "recall": 0.5778, "f1": 0.557326131761681}
{"round": 10, "loss": 0.04578975464105606, "accuracy": 0.5936, "preccision": 0.5909815707998813, "recall": 0.5936, "f1": 0.5848638544578868}
{"round": 11, "loss": 0.056540877616405485, "accuracy": 0.5922, "preccision": 0.5842399432545776, "recall": 0.5922, "f1": 0.5817916243769764}
{"round": 12, "loss": 0.07122748321294785, "accuracy": 0.5908, "preccision": 0.5865539864440777, "recall": 0.5908, "f1": 0.5868614351337914}
{"round": 13, "loss": 0.09758107197284699, "accuracy": 0.5655, "preccision": 0.5710214446311231, "recall": 0.5655, "f1": 0.5612195441571756}
{"round": 14, "loss": 0.1283432057738304, "accuracy": 0.5514, "preccision": 0.5510964611891574, "recall": 0.5514, "f1": 0.5472270848181197}
{"round": 15, "loss": 0.16912917041778563, "accuracy": 0.5383, "preccision": 0.5403930147840851, "recall": 0.5383, "f1": 0.5358939343068821}
{"round": 16, "loss": 0.21996893410682677, "accuracy": 0.5212, "preccision": 0.5232877683884217, "recall": 0.5212, "f1": 0.5200529103885464}
{"round": 17, "loss": 0.28921559789180756, "accuracy": 0.5092, "preccision": 0.511140864920652, "recall": 0.5092, "f1": 0.5073131165052585}
{"round": 18, "loss": 0.36773807859420776, "accuracy": 0.4959, "preccision": 0.4977526015203304, "recall": 0.4959, "f1": 0.49524644972298454}
{"round": 19, "loss": 0.47618084120750426, "accuracy": 0.4823, "preccision": 0.48942310034647374, "recall": 0.4823, "f1": 0.48080369698346137}
{"round": 20, "loss": 0.5884857340812684, "accuracy": 0.4764, "preccision": 0.48186576949521515, "recall": 0.4764, "f1": 0.4776136752253962}
