{"loss": 0.07647298117478689, "accuracy": 0.10666666666666666}
{"loss": 0.07606916308403014, "accuracy": 0.19583333333333336}
{"loss": 0.0754438857237498, "accuracy": 0.24}
{"loss": 0.07424117108186086, "accuracy": 0.28666666666666674}
{"loss": 0.07238214115301769, "accuracy": 0.3366666666666666}
{"loss": 0.06941493888696035, "accuracy": 0.40750000000000003}
{"loss": 0.0654031828045845, "accuracy": 0.5066666666666666}
{"loss": 0.06037824988365172, "accuracy": 0.535}
{"loss": 0.054727795322736104, "accuracy": 0.5683333333333334}
{"loss": 0.049820003310839335, "accuracy": 0.6}
{"loss": 0.04519960676630338, "accuracy": 0.6216666666666667}
{"loss": 0.041634208659331, "accuracy": 0.6291666666666667}
{"loss": 0.03840868100523949, "accuracy": 0.655}
{"loss": 0.03510794505476951, "accuracy": 0.665}
{"loss": 0.03272079373399417, "accuracy": 0.6858333333333333}
{"loss": 0.03123346117635568, "accuracy": 0.675}
{"loss": 0.029156209801634154, "accuracy": 0.7025}
{"loss": 0.028637654582659405, "accuracy": 0.7083333333333333}
{"loss": 0.027397199024756746, "accuracy": 0.7041666666666666}
{"loss": 0.02556774117052555, "accuracy": 0.735}
