{"round": 0, "loss": 0.07212343354225159, "accuracy": 0.0957}
{"round": 1, "loss": 0.07180338304042816, "accuracy": 0.1098}
{"round": 2, "loss": 0.07140574991703033, "accuracy": 0.1953}
{"round": 3, "loss": 0.07076621177196503, "accuracy": 0.2394}
{"round": 4, "loss": 0.06958553802967071, "accuracy": 0.2905}
{"round": 5, "loss": 0.067776185297966, "accuracy": 0.3534}
{"round": 6, "loss": 0.0649575472831726, "accuracy": 0.4121}
{"round": 7, "loss": 0.06110720511674881, "accuracy": 0.511}
{"round": 8, "loss": 0.05633382501602173, "accuracy": 0.5343}
{"round": 9, "loss": 0.05083995656967163, "accuracy": 0.5809}
{"round": 10, "loss": 0.04612475415468216, "accuracy": 0.604}
{"round": 11, "loss": 0.041615202206373214, "accuracy": 0.6257}
{"round": 12, "loss": 0.038145151948928833, "accuracy": 0.6376}
{"round": 13, "loss": 0.03496972678303718, "accuracy": 0.6523}
{"round": 14, "loss": 0.031958467537164685, "accuracy": 0.6749}
{"round": 15, "loss": 0.029637909257411957, "accuracy": 0.6942}
{"round": 16, "loss": 0.0283946945220232, "accuracy": 0.6893}
{"round": 17, "loss": 0.0265110623896122, "accuracy": 0.7083}
{"round": 18, "loss": 0.025922940841317178, "accuracy": 0.7112}
{"round": 19, "loss": 0.024889640182256697, "accuracy": 0.7184}
{"round": 20, "loss": 0.023429343202710153, "accuracy": 0.7391}
