{"loss": 0.07659812547542431, "accuracy": 0.08703703703703705}
{"loss": 0.07615875154733658, "accuracy": 0.20625000000000002}
{"loss": 0.07482262576619784, "accuracy": 0.27395833333333336}
{"loss": 0.07169975911577542, "accuracy": 0.3145833333333333}
{"loss": 0.06632264815270901, "accuracy": 0.3947916666666667}
{"loss": 0.057162277731630545, "accuracy": 0.4534722222222222}
{"loss": 0.05011428730054335, "accuracy": 0.49469696969696975}
{"loss": 0.04157259917507569, "accuracy": 0.578125}
{"loss": 0.04352828574677309, "accuracy": 0.5760416666666667}
{"loss": 0.048273138453563055, "accuracy": 0.6083333333333334}
{"loss": 0.06319134663790464, "accuracy": 0.5822916666666668}
{"loss": 0.07388036043354958, "accuracy": 0.6371212121212121}
{"loss": 0.09511204858620961, "accuracy": 0.6364583333333333}
{"loss": 0.11872385231157144, "accuracy": 0.5895833333333333}
{"loss": 0.17014419039090473, "accuracy": 0.5947916666666666}
{"loss": 0.21512153247992197, "accuracy": 0.5572916666666666}
{"loss": 0.3059784386555354, "accuracy": 0.5349999999999999}
{"loss": 0.3827857250968616, "accuracy": 0.5499999999999999}
{"loss": 0.503533731897672, "accuracy": 0.5333333333333333}
{"loss": 0.5946242317557335, "accuracy": 0.5125000000000001}
