{"round": 0, "loss": 0.07210463590621949, "accuracy": 0.0953, "preccision": 0.08720333535537352, "recall": 0.0953, "f1": 0.06449457672192811}
{"round": 1, "loss": 0.0719091236114502, "accuracy": 0.0893, "preccision": 0.09246098474240175, "recall": 0.0893, "f1": 0.019761057497460873}
{"round": 2, "loss": 0.07156071455478669, "accuracy": 0.2147, "preccision": 0.1500943974277651, "recall": 0.2147, "f1": 0.14179989413820812}
{"round": 3, "loss": 0.0704505437374115, "accuracy": 0.2447, "preccision": 0.19200427683462637, "recall": 0.2447, "f1": 0.1424836485480226}
{"round": 4, "loss": 0.06741480545997619, "accuracy": 0.3214, "preccision": 0.36360415399752366, "recall": 0.3214, "f1": 0.2307983136453835}
{"round": 5, "loss": 0.0617532531619072, "accuracy": 0.3974, "preccision": 0.462322985580572, "recall": 0.3974, "f1": 0.31975285672207526}
{"round": 6, "loss": 0.053444807732105255, "accuracy": 0.453, "preccision": 0.48518268863025105, "recall": 0.453, "f1": 0.38632496657042964}
{"round": 7, "loss": 0.04535243105888367, "accuracy": 0.5256, "preccision": 0.5241392710543168, "recall": 0.5256, "f1": 0.4826673595811456}
{"round": 8, "loss": 0.03883547885417938, "accuracy": 0.5853, "preccision": 0.5703784142903408, "recall": 0.5853, "f1": 0.5685645097876991}
{"round": 9, "loss": 0.03902349734306335, "accuracy": 0.6059, "preccision": 0.59578667432415, "recall": 0.6059, "f1": 0.5901716073276402}
{"round": 10, "loss": 0.042998964992165566, "accuracy": 0.6214, "preccision": 0.6128222513113131, "recall": 0.6214, "f1": 0.6132507648851326}
{"round": 11, "loss": 0.0522017697930336, "accuracy": 0.6283, "preccision": 0.6214192546642536, "recall": 0.6283, "f1": 0.6214742601595299}
{"round": 12, "loss": 0.06710869929790497, "accuracy": 0.6249, "preccision": 0.6196798809108003, "recall": 0.6249, "f1": 0.6195861498101904}
{"round": 13, "loss": 0.0885279522061348, "accuracy": 0.6159, "preccision": 0.6102051985729787, "recall": 0.6159, "f1": 0.6102856430350111}
{"round": 14, "loss": 0.11635794192552566, "accuracy": 0.6054, "preccision": 0.5992240305909019, "recall": 0.6054, "f1": 0.6003314523839989}
{"round": 15, "loss": 0.15274671705961226, "accuracy": 0.5917, "preccision": 0.58951883763236, "recall": 0.5917, "f1": 0.5893688619395534}
{"round": 16, "loss": 0.20186225641965866, "accuracy": 0.5772, "preccision": 0.5718057543763956, "recall": 0.5772, "f1": 0.5721530370761857}
{"round": 17, "loss": 0.26167594602108, "accuracy": 0.5584, "preccision": 0.5577549196598753, "recall": 0.5584, "f1": 0.5563802112235662}
{"round": 18, "loss": 0.3383252719640732, "accuracy": 0.5461, "preccision": 0.5450446718410844, "recall": 0.5461, "f1": 0.5430876996099265}
{"round": 19, "loss": 0.42924218153953553, "accuracy": 0.5376, "preccision": 0.5312983436053892, "recall": 0.5376, "f1": 0.5326196645199636}
{"round": 20, "loss": 0.5397999310016632, "accuracy": 0.5245, "preccision": 0.5240042938653618, "recall": 0.5245, "f1": 0.5229430646170833}
