{"loss": 0.07655571440855662, "accuracy": 0.16624999999999998}
{"loss": 0.0761999519666036, "accuracy": 0.19625}
{"loss": 0.07558153847853344, "accuracy": 0.20166666666666672}
{"loss": 0.07459344387054444, "accuracy": 0.2979166666666667}
{"loss": 0.07283591994068078, "accuracy": 0.4868421052631579}
{"loss": 0.0701492847998937, "accuracy": 0.6025}
{"loss": 0.06618401313821475, "accuracy": 0.625}
{"loss": 0.06086817502975465, "accuracy": 0.64625}
{"loss": 0.05464572807153066, "accuracy": 0.6304166666666668}
{"loss": 0.04854320074121158, "accuracy": 0.6279166666666666}
{"loss": 0.04304153243700663, "accuracy": 0.6066666666666667}
{"loss": 0.03878043932219346, "accuracy": 0.6241666666666666}
{"loss": 0.034913811832666404, "accuracy": 0.655}
{"loss": 0.03288093994061152, "accuracy": 0.6525}
{"loss": 0.030717027112841605, "accuracy": 0.6620833333333334}
{"loss": 0.02838156605760257, "accuracy": 0.6966666666666668}
{"loss": 0.027312454854448637, "accuracy": 0.7008333333333332}
{"loss": 0.025740591151018944, "accuracy": 0.7195833333333332}
{"loss": 0.02478610278417667, "accuracy": 0.7366666666666667}
{"loss": 0.02367408255736033, "accuracy": 0.7512500000000001}
