{"round": 0, "loss": 0.07214015040397644, "accuracy": 0.0988}
{"round": 1, "loss": 0.07187389771938324, "accuracy": 0.1655}
{"round": 2, "loss": 0.07153169589042664, "accuracy": 0.1957}
{"round": 3, "loss": 0.07093953688144684, "accuracy": 0.2046}
{"round": 4, "loss": 0.06998767564296722, "accuracy": 0.3171}
{"round": 5, "loss": 0.06831579332351685, "accuracy": 0.4962}
{"round": 6, "loss": 0.06573374679088592, "accuracy": 0.5942}
{"round": 7, "loss": 0.061899935376644136, "accuracy": 0.6238}
{"round": 8, "loss": 0.05680981584787369, "accuracy": 0.6465}
{"round": 9, "loss": 0.05082821489572525, "accuracy": 0.6392}
{"round": 10, "loss": 0.04499744917154312, "accuracy": 0.6383}
{"round": 11, "loss": 0.0397682650744915, "accuracy": 0.6127}
{"round": 12, "loss": 0.03560979931950569, "accuracy": 0.6343}
{"round": 13, "loss": 0.0320303096473217, "accuracy": 0.6636}
{"round": 14, "loss": 0.02995865940451622, "accuracy": 0.6584}
{"round": 15, "loss": 0.02800023330748081, "accuracy": 0.6648}
{"round": 16, "loss": 0.025705383267998694, "accuracy": 0.7049}
{"round": 17, "loss": 0.0246509042263031, "accuracy": 0.7099}
{"round": 18, "loss": 0.023191045105457306, "accuracy": 0.7357}
{"round": 19, "loss": 0.022335791736841203, "accuracy": 0.7455}
{"round": 20, "loss": 0.021397429314255714, "accuracy": 0.761}
