{"loss": 0.07646550258000692, "accuracy": 0.17166666666666666}
{"loss": 0.07595405220985413, "accuracy": 0.19750000000000004}
{"loss": 0.07483369966348012, "accuracy": 0.25916666666666666}
{"loss": 0.07230226397514343, "accuracy": 0.29583333333333334}
{"loss": 0.06717113554477691, "accuracy": 0.39666666666666667}
{"loss": 0.05821915864944458, "accuracy": 0.5091666666666667}
{"loss": 0.047328957219918574, "accuracy": 0.5658333333333333}
{"loss": 0.0396593700349331, "accuracy": 0.6008333333333333}
{"loss": 0.03680251643061638, "accuracy": 0.6333333333333333}
{"loss": 0.03782730509837468, "accuracy": 0.6566666666666666}
{"loss": 0.041971591413021085, "accuracy": 0.6675000000000001}
{"loss": 0.04905034010608991, "accuracy": 0.6808333333333334}
{"loss": 0.059498631954193124, "accuracy": 0.6791666666666666}
{"loss": 0.0734943752984206, "accuracy": 0.6716666666666666}
{"loss": 0.09234266668558119, "accuracy": 0.6691666666666667}
{"loss": 0.11729241917530694, "accuracy": 0.6483333333333333}
{"loss": 0.14978015611569084, "accuracy": 0.6291666666666667}
{"loss": 0.19037913342316945, "accuracy": 0.6241666666666666}
{"loss": 0.2403753395875295, "accuracy": 0.6108333333333333}
{"loss": 0.30162262678146357, "accuracy": 0.5933333333333333}
