{"round": 0, "loss": 0.07210463590621949, "accuracy": 0.0953, "preccision": 0.08720333535537352, "recall": 0.0953, "f1": 0.06449457672192811}
{"round": 1, "loss": 0.07182053098678588, "accuracy": 0.1609, "preccision": 0.09363360667905983, "recall": 0.1609, "f1": 0.09607138007019927}
{"round": 2, "loss": 0.07134216561317444, "accuracy": 0.1922, "preccision": 0.1814039568713632, "recall": 0.1922, "f1": 0.14045787760302497}
{"round": 3, "loss": 0.07025950763225555, "accuracy": 0.2483, "preccision": 0.333164258010775, "recall": 0.2483, "f1": 0.1605591446212519}
{"round": 4, "loss": 0.06780856854915619, "accuracy": 0.281, "preccision": 0.4357065934106727, "recall": 0.281, "f1": 0.19585445712996785}
{"round": 5, "loss": 0.0628427504658699, "accuracy": 0.3927, "preccision": 0.5654430808992693, "recall": 0.3927, "f1": 0.32887310304983824}
{"round": 6, "loss": 0.054315617334842685, "accuracy": 0.5163, "preccision": 0.578094280981134, "recall": 0.5163, "f1": 0.4694962723625712}
{"round": 7, "loss": 0.04409163792729378, "accuracy": 0.5697, "preccision": 0.5995376615408438, "recall": 0.5697, "f1": 0.5298392641484333}
{"round": 8, "loss": 0.037079148346185684, "accuracy": 0.6107, "preccision": 0.628708799238327, "recall": 0.6107, "f1": 0.5866031693340283}
{"round": 9, "loss": 0.03465020837187767, "accuracy": 0.6447, "preccision": 0.6463059656981174, "recall": 0.6447, "f1": 0.6293792808194083}
{"round": 10, "loss": 0.03603718041777611, "accuracy": 0.6605, "preccision": 0.6587968697391974, "recall": 0.6605, "f1": 0.6489569220252719}
{"round": 11, "loss": 0.04043170798718929, "accuracy": 0.6713, "preccision": 0.6666800377696381, "recall": 0.6713, "f1": 0.6629910428119722}
{"round": 12, "loss": 0.047700713151693344, "accuracy": 0.6723, "preccision": 0.6671378537755634, "recall": 0.6723, "f1": 0.6662003088844217}
{"round": 13, "loss": 0.05828337551951408, "accuracy": 0.6688, "preccision": 0.6640884988211642, "recall": 0.6688, "f1": 0.664055615145315}
{"round": 14, "loss": 0.07273861520886421, "accuracy": 0.6635, "preccision": 0.6593780692327955, "recall": 0.6635, "f1": 0.6594526110132254}
{"round": 15, "loss": 0.09183147398233414, "accuracy": 0.6558, "preccision": 0.6522000632934861, "recall": 0.6558, "f1": 0.6522921491709032}
{"round": 16, "loss": 0.1166143198609352, "accuracy": 0.6437, "preccision": 0.6404762041877362, "recall": 0.6437, "f1": 0.6404439026695994}
{"round": 17, "loss": 0.14838496440649032, "accuracy": 0.6277, "preccision": 0.6247329139721852, "recall": 0.6277, "f1": 0.6245723716053578}
{"round": 18, "loss": 0.18806010882854463, "accuracy": 0.6121, "preccision": 0.6088394069405431, "recall": 0.6121, "f1": 0.608589196092992}
{"round": 19, "loss": 0.23648932304382325, "accuracy": 0.6015, "preccision": 0.5990087390045084, "recall": 0.6015, "f1": 0.5985936222784445}
{"round": 20, "loss": 0.29553977341651916, "accuracy": 0.59, "preccision": 0.5875100211830718, "recall": 0.59, "f1": 0.5870008488642185}
