{"loss": 0.0765297782421112, "accuracy": 0.185}
{"loss": 0.07629021843274435, "accuracy": 0.19166666666666668}
{"loss": 0.07597711284955341, "accuracy": 0.32999999999999996}
{"loss": 0.0753356138865153, "accuracy": 0.41166666666666674}
{"loss": 0.07416561047236123, "accuracy": 0.39666666666666667}
{"loss": 0.07233573079109193, "accuracy": 0.4883333333333334}
{"loss": 0.06952648480733237, "accuracy": 0.45666666666666667}
{"loss": 0.06561925768852235, "accuracy": 0.5266666666666666}
{"loss": 0.06123607337474822, "accuracy": 0.495}
{"loss": 0.05579627056916555, "accuracy": 0.5599999999999999}
{"loss": 0.05110668679078421, "accuracy": 0.515}
{"loss": 0.0457751993338267, "accuracy": 0.6066666666666667}
{"loss": 0.04265927731990814, "accuracy": 0.5766666666666668}
{"loss": 0.039160921474297845, "accuracy": 0.585}
{"loss": 0.03631814350684484, "accuracy": 0.6466666666666667}
{"loss": 0.03439043611288071, "accuracy": 0.6633333333333333}
{"loss": 0.032062152524789174, "accuracy": 0.6816666666666666}
{"loss": 0.029952775935331976, "accuracy": 0.6883333333333332}
{"loss": 0.02914725214242935, "accuracy": 0.7}
{"loss": 0.02789243131875992, "accuracy": 0.7}
