{"round": 0, "loss": 0.07210463590621949, "accuracy": 0.0953}
{"round": 1, "loss": 0.07185136442184448, "accuracy": 0.1669}
{"round": 2, "loss": 0.071592897772789, "accuracy": 0.2024}
{"round": 3, "loss": 0.07124827451705933, "accuracy": 0.3439}
{"round": 4, "loss": 0.07063005697727204, "accuracy": 0.429}
{"round": 5, "loss": 0.06940744428634643, "accuracy": 0.41}
{"round": 6, "loss": 0.06753529641628266, "accuracy": 0.5108}
{"round": 7, "loss": 0.06447612150907517, "accuracy": 0.4955}
{"round": 8, "loss": 0.060398839116096496, "accuracy": 0.576}
{"round": 9, "loss": 0.05566624255180359, "accuracy": 0.5444}
{"round": 10, "loss": 0.05012750877141953, "accuracy": 0.6067}
{"round": 11, "loss": 0.044962372326850894, "accuracy": 0.5578}
{"round": 12, "loss": 0.0400402025282383, "accuracy": 0.6518}
{"round": 13, "loss": 0.03641842665076256, "accuracy": 0.6484}
{"round": 14, "loss": 0.03283389492630959, "accuracy": 0.666}
{"round": 15, "loss": 0.030461535495519637, "accuracy": 0.6846}
{"round": 16, "loss": 0.028679566526412965, "accuracy": 0.7077}
{"round": 17, "loss": 0.02667226673960686, "accuracy": 0.7295}
{"round": 18, "loss": 0.024767958715558053, "accuracy": 0.7465}
{"round": 19, "loss": 0.024037698581814766, "accuracy": 0.7534}
{"round": 20, "loss": 0.023046792992949486, "accuracy": 0.7497}
