{"loss": 0.07654153605302175, "accuracy": 0.12916666666666665}
{"loss": 0.07618401646614076, "accuracy": 0.24166666666666667}
{"loss": 0.07579466998577118, "accuracy": 0.26666666666666666}
{"loss": 0.0747997283935547, "accuracy": 0.27083333333333337}
{"loss": 0.0736075888077418, "accuracy": 0.325}
{"loss": 0.07105100452899933, "accuracy": 0.3875}
{"loss": 0.06761192629734675, "accuracy": 0.4625}
{"loss": 0.06341868539651235, "accuracy": 0.48750000000000004}
{"loss": 0.0587649866938591, "accuracy": 0.475}
{"loss": 0.053366962571938834, "accuracy": 0.5499999999999999}
{"loss": 0.04979383746782939, "accuracy": 0.5541666666666667}
{"loss": 0.045740978916486104, "accuracy": 0.5708333333333333}
{"loss": 0.04335893640915553, "accuracy": 0.5833333333333334}
{"loss": 0.03933186555902163, "accuracy": 0.6083333333333334}
{"loss": 0.03775682672858238, "accuracy": 0.6541666666666667}
{"loss": 0.032701945304870604, "accuracy": 0.7}
{"loss": 0.034279079735279085, "accuracy": 0.675}
{"loss": 0.030556168407201767, "accuracy": 0.7125}
{"loss": 0.029317355155944823, "accuracy": 0.7333333333333334}
{"loss": 0.02789092560609182, "accuracy": 0.7458333333333333}
