{"round": 0, "loss": 0.07210463590621949, "accuracy": 0.0953}
{"round": 1, "loss": 0.07175271472930908, "accuracy": 0.123}
{"round": 2, "loss": 0.0713355988740921, "accuracy": 0.2818}
{"round": 3, "loss": 0.07075499742031098, "accuracy": 0.3019}
{"round": 4, "loss": 0.06970898129940033, "accuracy": 0.2997}
{"round": 5, "loss": 0.06820333838462829, "accuracy": 0.3529}
{"round": 6, "loss": 0.06569141322374344, "accuracy": 0.4476}
{"round": 7, "loss": 0.06211033216714859, "accuracy": 0.4827}
{"round": 8, "loss": 0.05753207693099976, "accuracy": 0.519}
{"round": 9, "loss": 0.05252713459730148, "accuracy": 0.5134}
{"round": 10, "loss": 0.04706655712127686, "accuracy": 0.5864}
{"round": 11, "loss": 0.0427728432059288, "accuracy": 0.6217}
{"round": 12, "loss": 0.03963399112820625, "accuracy": 0.597}
{"round": 13, "loss": 0.03620745351910591, "accuracy": 0.6384}
{"round": 14, "loss": 0.03279147875905037, "accuracy": 0.6571}
{"round": 15, "loss": 0.030008738428354262, "accuracy": 0.6964}
{"round": 16, "loss": 0.02698930898308754, "accuracy": 0.7216}
{"round": 17, "loss": 0.026437050467729567, "accuracy": 0.7248}
{"round": 18, "loss": 0.024133697909116746, "accuracy": 0.7463}
{"round": 19, "loss": 0.023525050601363184, "accuracy": 0.7574}
{"round": 20, "loss": 0.02292142415344715, "accuracy": 0.7537}
