{"loss": 0.0763210162719091, "accuracy": 0.2051666666666667}
{"loss": 0.07565128294626872, "accuracy": 0.2763333333333334}
{"loss": 0.07455803549289704, "accuracy": 0.30466666666666664}
{"loss": 0.07272549315293628, "accuracy": 0.39916666666666667}
{"loss": 0.0698143121202787, "accuracy": 0.47716666666666685}
{"loss": 0.06577053320407869, "accuracy": 0.4846666666666667}
{"loss": 0.06080700031916301, "accuracy": 0.49666666666666665}
{"loss": 0.05609504769245783, "accuracy": 0.512}
{"loss": 0.052179895023504876, "accuracy": 0.5213333333333331}
{"loss": 0.048731773038705184, "accuracy": 0.5481666666666668}
{"loss": 0.045761557181676224, "accuracy": 0.5673333333333334}
{"loss": 0.04322140839695929, "accuracy": 0.5986666666666668}
{"loss": 0.04105898950497309, "accuracy": 0.6144999999999999}
{"loss": 0.03908743430177371, "accuracy": 0.6226666666666665}
{"loss": 0.03770483560363451, "accuracy": 0.6341666666666665}
{"loss": 0.035946572273969656, "accuracy": 0.6538333333333333}
{"loss": 0.034838340282440185, "accuracy": 0.6586666666666667}
{"loss": 0.03352623422940572, "accuracy": 0.6636666666666667}
{"loss": 0.03263002587854862, "accuracy": 0.6753333333333333}
{"loss": 0.031628057484825445, "accuracy": 0.6878333333333333}
