{"round": 0, "loss": 0.07218380236625671, "accuracy": 0.0859}
{"round": 1, "loss": 0.07164765675067902, "accuracy": 0.2145}
{"round": 2, "loss": 0.07100769793987274, "accuracy": 0.2772}
{"round": 3, "loss": 0.06996826252937317, "accuracy": 0.3048}
{"round": 4, "loss": 0.06822661967277527, "accuracy": 0.3996}
{"round": 5, "loss": 0.06544688653945922, "accuracy": 0.4814}
{"round": 6, "loss": 0.06157961940765381, "accuracy": 0.4938}
{"round": 7, "loss": 0.05681082148551941, "accuracy": 0.5022}
{"round": 8, "loss": 0.0522474102973938, "accuracy": 0.5211}
{"round": 9, "loss": 0.048392138516902924, "accuracy": 0.5285}
{"round": 10, "loss": 0.04502848955988884, "accuracy": 0.545}
{"round": 11, "loss": 0.042177228742837906, "accuracy": 0.5713}
{"round": 12, "loss": 0.03977775931358338, "accuracy": 0.6008}
{"round": 13, "loss": 0.03766679477691651, "accuracy": 0.6135}
{"round": 14, "loss": 0.035874980795383454, "accuracy": 0.6204}
{"round": 15, "loss": 0.03450378680229187, "accuracy": 0.6333}
{"round": 16, "loss": 0.032884420043230056, "accuracy": 0.6512}
{"round": 17, "loss": 0.03192413585782051, "accuracy": 0.6549}
{"round": 18, "loss": 0.030633250731229782, "accuracy": 0.6615}
{"round": 19, "loss": 0.029865167659521102, "accuracy": 0.6703}
{"round": 20, "loss": 0.02894802370071411, "accuracy": 0.6839}
