{"loss": 0.07612777709960937, "accuracy": 0.27166666666666667}
{"loss": 0.07522466619809469, "accuracy": 0.3608333333333333}
{"loss": 0.0735530565182368, "accuracy": 0.41583333333333333}
{"loss": 0.07104259292284648, "accuracy": 0.44833333333333336}
{"loss": 0.06725276738405227, "accuracy": 0.49750000000000005}
{"loss": 0.06231544613838195, "accuracy": 0.5341666666666667}
{"loss": 0.056754582027594244, "accuracy": 0.5425}
{"loss": 0.05071776777505875, "accuracy": 0.5766666666666665}
{"loss": 0.04560183833042781, "accuracy": 0.585}
{"loss": 0.040864602675040565, "accuracy": 0.6183333333333333}
{"loss": 0.037691466559966406, "accuracy": 0.6416666666666667}
{"loss": 0.03382140785455704, "accuracy": 0.6733333333333332}
{"loss": 0.0314254929125309, "accuracy": 0.6875000000000001}
{"loss": 0.028600102563699086, "accuracy": 0.7150000000000001}
{"loss": 0.027266433164477345, "accuracy": 0.7133333333333334}
{"loss": 0.025173186163107552, "accuracy": 0.7383333333333335}
{"loss": 0.024820407951871553, "accuracy": 0.7474999999999999}
{"loss": 0.022835858985781672, "accuracy": 0.7641666666666668}
{"loss": 0.022324587727586432, "accuracy": 0.7691666666666668}
{"loss": 0.02235095781584581, "accuracy": 0.7675000000000001}
