{"round": 0, "loss": 0.07204539165496826, "accuracy": 0.1096}
{"round": 1, "loss": 0.07145132553577423, "accuracy": 0.2764}
{"round": 2, "loss": 0.07056682560443878, "accuracy": 0.3689}
{"round": 3, "loss": 0.06893479807376862, "accuracy": 0.4183}
{"round": 4, "loss": 0.06648081872463227, "accuracy": 0.4499}
{"round": 5, "loss": 0.06282951420545578, "accuracy": 0.5066}
{"round": 6, "loss": 0.0580557388305664, "accuracy": 0.5484}
{"round": 7, "loss": 0.052630914115905765, "accuracy": 0.56}
{"round": 8, "loss": 0.04697783144712448, "accuracy": 0.5969}
{"round": 9, "loss": 0.04202028188109398, "accuracy": 0.5962}
{"round": 10, "loss": 0.03762719784975052, "accuracy": 0.6263}
{"round": 11, "loss": 0.03447609634399414, "accuracy": 0.6478}
{"round": 12, "loss": 0.03099837169647217, "accuracy": 0.6764}
{"round": 13, "loss": 0.028620284736156465, "accuracy": 0.7012}
{"round": 14, "loss": 0.02615287233889103, "accuracy": 0.717}
{"round": 15, "loss": 0.02494204541146755, "accuracy": 0.716}
{"round": 16, "loss": 0.023068457251787185, "accuracy": 0.7417}
{"round": 17, "loss": 0.022721583622694014, "accuracy": 0.7399}
{"round": 18, "loss": 0.020843804594874383, "accuracy": 0.7696}
{"round": 19, "loss": 0.02037297749519348, "accuracy": 0.7726}
{"round": 20, "loss": 0.020508017006516457, "accuracy": 0.7716}
