{"loss": 0.07609280149141948, "accuracy": 0.20166666666666672}
{"loss": 0.07515164872010549, "accuracy": 0.3416666666666667}
{"loss": 0.07368945638338727, "accuracy": 0.39}
{"loss": 0.07156433045864105, "accuracy": 0.48083333333333333}
{"loss": 0.06843226720889409, "accuracy": 0.5608333333333333}
{"loss": 0.06394512961308162, "accuracy": 0.5733333333333334}
{"loss": 0.05869139403104782, "accuracy": 0.5783333333333334}
{"loss": 0.05274654358625412, "accuracy": 0.62}
{"loss": 0.048020179470380155, "accuracy": 0.6066666666666667}
{"loss": 0.04338106945157051, "accuracy": 0.6383333333333334}
{"loss": 0.03987452079852422, "accuracy": 0.6300000000000001}
{"loss": 0.036855070193608605, "accuracy": 0.6475}
{"loss": 0.03361142550905546, "accuracy": 0.6975}
{"loss": 0.031700266400973, "accuracy": 0.6883333333333334}
{"loss": 0.029804443220297495, "accuracy": 0.7066666666666668}
{"loss": 0.028726191297173503, "accuracy": 0.6891666666666667}
{"loss": 0.026607408051689468, "accuracy": 0.735}
{"loss": 0.026311957836151124, "accuracy": 0.7316666666666667}
{"loss": 0.024709784040848413, "accuracy": 0.7566666666666666}
{"loss": 0.02390917807817459, "accuracy": 0.7575}
