{"round": 0, "loss": 0.07224980416297913, "accuracy": 0.0822}
{"round": 1, "loss": 0.07153428800106049, "accuracy": 0.19}
{"round": 2, "loss": 0.07066656160354615, "accuracy": 0.322}
{"round": 3, "loss": 0.06932310538291932, "accuracy": 0.3695}
{"round": 4, "loss": 0.06731110327243806, "accuracy": 0.4666}
{"round": 5, "loss": 0.06432858130931854, "accuracy": 0.5565}
{"round": 6, "loss": 0.060011455929279325, "accuracy": 0.5722}
{"round": 7, "loss": 0.055005854046344754, "accuracy": 0.5754}
{"round": 8, "loss": 0.04927934341430664, "accuracy": 0.637}
{"round": 9, "loss": 0.044706937980651854, "accuracy": 0.6103}
{"round": 10, "loss": 0.04024748439192772, "accuracy": 0.6527}
{"round": 11, "loss": 0.03694277221560478, "accuracy": 0.6419}
{"round": 12, "loss": 0.0339035993874073, "accuracy": 0.6587}
{"round": 13, "loss": 0.031007159781455993, "accuracy": 0.6917}
{"round": 14, "loss": 0.029306120949983597, "accuracy": 0.6825}
{"round": 15, "loss": 0.027411954283714294, "accuracy": 0.7001}
{"round": 16, "loss": 0.026506274670362474, "accuracy": 0.692}
{"round": 17, "loss": 0.024481933212280274, "accuracy": 0.7391}
{"round": 18, "loss": 0.024275323376059532, "accuracy": 0.7314}
{"round": 19, "loss": 0.022892119252681732, "accuracy": 0.75}
{"round": 20, "loss": 0.022009306991100312, "accuracy": 0.7588}
