{"loss": 0.07603163421154022, "accuracy": 0.11416666666666667}
{"loss": 0.0751802396774292, "accuracy": 0.20583333333333337}
{"loss": 0.07338351130485535, "accuracy": 0.23083333333333336}
{"loss": 0.0696530169248581, "accuracy": 0.365}
{"loss": 0.06342957297960916, "accuracy": 0.42666666666666664}
{"loss": 0.056591509679953245, "accuracy": 0.4766666666666667}
{"loss": 0.053405544956525164, "accuracy": 0.48999999999999994}
{"loss": 0.05659314334392547, "accuracy": 0.5133333333333334}
{"loss": 0.0657168823480606, "accuracy": 0.5308333333333334}
{"loss": 0.08246475666761396, "accuracy": 0.5341666666666667}
{"loss": 0.10832770586013793, "accuracy": 0.5333333333333333}
{"loss": 0.14529396673043568, "accuracy": 0.525}
{"loss": 0.19494046707948048, "accuracy": 0.5133333333333334}
{"loss": 0.26227392395337423, "accuracy": 0.5108333333333335}
{"loss": 0.35126891056696574, "accuracy": 0.48916666666666664}
{"loss": 0.4658225218454997, "accuracy": 0.46416666666666667}
{"loss": 0.6111293601989747, "accuracy": 0.4416666666666667}
{"loss": 0.7897519858678181, "accuracy": 0.4291666666666666}
{"loss": 1.009002553621928, "accuracy": 0.41666666666666663}
{"loss": 1.272822306950887, "accuracy": 0.40083333333333326}
