{"round": 0, "loss": 0.07212486484050751, "accuracy": 0.0958, "preccision": 0.009177639999999999, "recall": 0.0958, "f1": 0.0167505749224311}
{"round": 1, "loss": 0.071371213555336, "accuracy": 0.1251, "preccision": 0.02935557084051244, "recall": 0.1251, "f1": 0.04289692890754718}
{"round": 2, "loss": 0.07055554292201996, "accuracy": 0.204, "preccision": 0.4360708736981781, "recall": 0.204, "f1": 0.10000179256455158}
{"round": 3, "loss": 0.06880047953128815, "accuracy": 0.2209, "preccision": 0.41815304178524054, "recall": 0.2209, "f1": 0.14842341755608493}
{"round": 4, "loss": 0.06521318572759628, "accuracy": 0.3594, "preccision": 0.44229564317333026, "recall": 0.3594, "f1": 0.315065156441573}
{"round": 5, "loss": 0.058926610338687894, "accuracy": 0.4471, "preccision": 0.45232896316626264, "recall": 0.4471, "f1": 0.3995548291083662}
{"round": 6, "loss": 0.05172870548963547, "accuracy": 0.4939, "preccision": 0.475883437761684, "recall": 0.4939, "f1": 0.44790595762314467}
{"round": 7, "loss": 0.04791641920208931, "accuracy": 0.5181, "preccision": 0.4991640969475136, "recall": 0.5181, "f1": 0.474872374693494}
{"round": 8, "loss": 0.0496677317917347, "accuracy": 0.5436, "preccision": 0.5179215375188396, "recall": 0.5436, "f1": 0.5047154808354719}
{"round": 9, "loss": 0.056649602836370466, "accuracy": 0.5608, "preccision": 0.5327550259178622, "recall": 0.5608, "f1": 0.5309622162081067}
{"round": 10, "loss": 0.07070148269534111, "accuracy": 0.5614, "preccision": 0.5355893440791533, "recall": 0.5614, "f1": 0.5388921955113762}
{"round": 11, "loss": 0.09358190541863441, "accuracy": 0.553, "preccision": 0.5322479752582985, "recall": 0.553, "f1": 0.535408007064538}
{"round": 12, "loss": 0.12666002134084703, "accuracy": 0.5395, "preccision": 0.5211034893252862, "recall": 0.5395, "f1": 0.5247161832417504}
{"round": 13, "loss": 0.1715028153181076, "accuracy": 0.5192, "preccision": 0.5033182291974255, "recall": 0.5192, "f1": 0.5073308711081659}
{"round": 14, "loss": 0.2326401924610138, "accuracy": 0.5039, "preccision": 0.49070363778627524, "recall": 0.5039, "f1": 0.49403350927288164}
{"round": 15, "loss": 0.3134187564611435, "accuracy": 0.4866, "preccision": 0.47495502018037805, "recall": 0.4866, "f1": 0.4777972927891061}
{"round": 16, "loss": 0.4166265546321869, "accuracy": 0.4688, "preccision": 0.4596996811256014, "recall": 0.4688, "f1": 0.46156028600147886}
{"round": 17, "loss": 0.5455901206493378, "accuracy": 0.4509, "preccision": 0.4428230743951354, "recall": 0.4509, "f1": 0.4446790172067029}
{"round": 18, "loss": 0.7053509450912475, "accuracy": 0.435, "preccision": 0.4297008418141105, "recall": 0.435, "f1": 0.43058843666969543}
{"round": 19, "loss": 0.9017076917648316, "accuracy": 0.4245, "preccision": 0.41969796495510336, "recall": 0.4245, "f1": 0.42038246404773844}
{"round": 20, "loss": 1.134931276512146, "accuracy": 0.4129, "preccision": 0.4100664010623869, "recall": 0.4129, "f1": 0.40996128479292254}
