{"loss": 0.0766977918644746, "accuracy": 0.11770833333333333}
{"loss": 0.07641112556060156, "accuracy": 0.18749999999999997}
{"loss": 0.07554939364393552, "accuracy": 0.265625}
{"loss": 0.07334720542033514, "accuracy": 0.26145833333333335}
{"loss": 0.0690167294194301, "accuracy": 0.3395833333333333}
{"loss": 0.061200745527942975, "accuracy": 0.45937500000000003}
{"loss": 0.05209258235991002, "accuracy": 0.4958333333333333}
{"loss": 0.04823511689901352, "accuracy": 0.5041666666666667}
{"loss": 0.05190100185573101, "accuracy": 0.5197916666666667}
{"loss": 0.06413151832918326, "accuracy": 0.5291666666666666}
{"loss": 0.08425165874262651, "accuracy": 0.528125}
{"loss": 0.11429199439783891, "accuracy": 0.5145833333333333}
{"loss": 0.1556917409102122, "accuracy": 0.5052083333333333}
{"loss": 0.2098839377363523, "accuracy": 0.49687500000000007}
{"loss": 0.27981051007906593, "accuracy": 0.490625}
{"loss": 0.3675472925106684, "accuracy": 0.47395833333333337}
{"loss": 0.47633898456891377, "accuracy": 0.4614583333333333}
{"loss": 0.6080653558174769, "accuracy": 0.45208333333333334}
{"loss": 0.7676865657170613, "accuracy": 0.4364583333333334}
{"loss": 0.9610905567804973, "accuracy": 0.4177083333333333}
