{"round": 0, "loss": 0.07228001170158387, "accuracy": 0.1135, "preccision": 0.012883538353835385, "recall": 0.1135, "f1": 0.02314038081552003}
{"round": 1, "loss": 0.07207292003631592, "accuracy": 0.1136, "preccision": 0.11388353835383538, "recall": 0.1136, "f1": 0.023340182991583334}
{"round": 2, "loss": 0.07181703362464904, "accuracy": 0.1704, "preccision": 0.03803344184089686, "recall": 0.1704, "f1": 0.060896304495661045}
{"round": 3, "loss": 0.07101019868850708, "accuracy": 0.2571, "preccision": 0.207485667519373, "recall": 0.2571, "f1": 0.13753704466189745}
{"round": 4, "loss": 0.06893159718513489, "accuracy": 0.2668, "preccision": 0.43973738691515163, "recall": 0.2668, "f1": 0.18905255756112155}
{"round": 5, "loss": 0.0647016816496849, "accuracy": 0.3311, "preccision": 0.4553630994903824, "recall": 0.3311, "f1": 0.30748766339572925}
{"round": 6, "loss": 0.05736381002664566, "accuracy": 0.4706, "preccision": 0.500377773239384, "recall": 0.4706, "f1": 0.47142572573661445}
{"round": 7, "loss": 0.04868838189840317, "accuracy": 0.512, "preccision": 0.5051835728869937, "recall": 0.512, "f1": 0.5015832988461252}
{"round": 8, "loss": 0.0448625083565712, "accuracy": 0.5226, "preccision": 0.500413304169241, "recall": 0.5226, "f1": 0.5031181259100432}
{"round": 9, "loss": 0.04762651956677437, "accuracy": 0.5359, "preccision": 0.5149599770359399, "recall": 0.5359, "f1": 0.5187572832947318}
{"round": 10, "loss": 0.05797681639790535, "accuracy": 0.5382, "preccision": 0.519725217342009, "recall": 0.5382, "f1": 0.5245128459220049}
{"round": 11, "loss": 0.07520018348693848, "accuracy": 0.5393, "preccision": 0.5273696191260223, "recall": 0.5393, "f1": 0.5312384824157933}
{"round": 12, "loss": 0.10105440009832382, "accuracy": 0.5288, "preccision": 0.5218905979529757, "recall": 0.5288, "f1": 0.5239005971851121}
{"round": 13, "loss": 0.13656954898834228, "accuracy": 0.5156, "preccision": 0.5118686140735011, "recall": 0.5156, "f1": 0.5125149227316202}
{"round": 14, "loss": 0.18340807065963746, "accuracy": 0.5049, "preccision": 0.5046342134974662, "recall": 0.5049, "f1": 0.5037300395598732}
{"round": 15, "loss": 0.24435087838172911, "accuracy": 0.4903, "preccision": 0.4916811018358343, "recall": 0.4903, "f1": 0.4899174256203318}
{"round": 16, "loss": 0.3211669630527496, "accuracy": 0.4762, "preccision": 0.4802379154617386, "recall": 0.4762, "f1": 0.4771656538700777}
{"round": 17, "loss": 0.4167615206241608, "accuracy": 0.4617, "preccision": 0.46924670774633903, "recall": 0.4617, "f1": 0.4641392808239333}
{"round": 18, "loss": 0.5340760211467743, "accuracy": 0.4505, "preccision": 0.4602615263187099, "recall": 0.4505, "f1": 0.45381785406519076}
{"round": 19, "loss": 0.675135165977478, "accuracy": 0.4412, "preccision": 0.4526206557462555, "recall": 0.4412, "f1": 0.4452871683830222}
{"round": 20, "loss": 0.8448495427131653, "accuracy": 0.429, "preccision": 0.44168936946033643, "recall": 0.429, "f1": 0.4336391631488031}
