{"loss": 0.0762947807709376, "accuracy": 0.17666666666666664}
{"loss": 0.07541044890880585, "accuracy": 0.2916666666666667}
{"loss": 0.07342379311720529, "accuracy": 0.3425000000000001}
{"loss": 0.06918449888626735, "accuracy": 0.4575}
{"loss": 0.06121530393759409, "accuracy": 0.5075000000000001}
{"loss": 0.050323444406191506, "accuracy": 0.5600000000000002}
{"loss": 0.040790008505185445, "accuracy": 0.6083333333333333}
{"loss": 0.035858379105726874, "accuracy": 0.6333333333333334}
{"loss": 0.03493023574352265, "accuracy": 0.6616666666666667}
{"loss": 0.03735516702135404, "accuracy": 0.675}
{"loss": 0.04372993379831315, "accuracy": 0.6708333333333332}
{"loss": 0.054025404602289204, "accuracy": 0.6666666666666667}
{"loss": 0.06858429402112962, "accuracy": 0.6633333333333333}
{"loss": 0.08800783216953277, "accuracy": 0.6533333333333334}
{"loss": 0.11251953790585198, "accuracy": 0.64}
{"loss": 0.14406411071618397, "accuracy": 0.6241666666666668}
{"loss": 0.18330506543318428, "accuracy": 0.6199999999999999}
{"loss": 0.2313172827164332, "accuracy": 0.6125}
{"loss": 0.28903972446918486, "accuracy": 0.6025}
{"loss": 0.3577774908145269, "accuracy": 0.5858333333333332}
