{"round": 0, "loss": 0.07218380236625671, "accuracy": 0.0859, "preccision": 0.017529694651803568, "recall": 0.0859, "f1": 0.019027111094346374}
{"round": 1, "loss": 0.07161142852306367, "accuracy": 0.1808, "preccision": 0.1273947087035901, "recall": 0.1808, "f1": 0.07848411147759603}
{"round": 2, "loss": 0.07077269461154938, "accuracy": 0.2874, "preccision": 0.33680573825591703, "recall": 0.2874, "f1": 0.18661420572708412}
{"round": 3, "loss": 0.06887692859172821, "accuracy": 0.3436, "preccision": 0.4483628243081037, "recall": 0.3436, "f1": 0.2746715946612712}
{"round": 4, "loss": 0.06483312306404114, "accuracy": 0.4443, "preccision": 0.5628319659910034, "recall": 0.4443, "f1": 0.38099344516073796}
{"round": 5, "loss": 0.05728434957265854, "accuracy": 0.5121, "preccision": 0.5875017921301995, "recall": 0.5121, "f1": 0.4686209526668889}
{"round": 6, "loss": 0.04716018806695938, "accuracy": 0.5719, "preccision": 0.6083987357327618, "recall": 0.5719, "f1": 0.540345971101478}
{"round": 7, "loss": 0.03840319285392761, "accuracy": 0.6073, "preccision": 0.6247806370331079, "recall": 0.6073, "f1": 0.5806794110000852}
{"round": 8, "loss": 0.03406786063313484, "accuracy": 0.6375, "preccision": 0.6462265254658143, "recall": 0.6375, "f1": 0.6137469802969194}
{"round": 9, "loss": 0.03354189854860306, "accuracy": 0.6654, "preccision": 0.6666887428206075, "recall": 0.6654, "f1": 0.6483962565025536}
{"round": 10, "loss": 0.03605461938977241, "accuracy": 0.6781, "preccision": 0.6739408081081797, "recall": 0.6781, "f1": 0.666627552620146}
{"round": 11, "loss": 0.042170750665664676, "accuracy": 0.679, "preccision": 0.6740106294453125, "recall": 0.679, "f1": 0.6705909645005377}
{"round": 12, "loss": 0.05174210598468781, "accuracy": 0.6729, "preccision": 0.6678069872678624, "recall": 0.6729, "f1": 0.6659526270287193}
{"round": 13, "loss": 0.06515386927127838, "accuracy": 0.6624, "preccision": 0.6572567416261101, "recall": 0.6624, "f1": 0.6565313943071412}
{"round": 14, "loss": 0.08343311610221862, "accuracy": 0.65, "preccision": 0.6468564476659181, "recall": 0.65, "f1": 0.6455717048224473}
{"round": 15, "loss": 0.10708908497095108, "accuracy": 0.6388, "preccision": 0.6369632831954385, "recall": 0.6388, "f1": 0.6353569821174893}
{"round": 16, "loss": 0.13742264440655708, "accuracy": 0.6272, "preccision": 0.6263848594884317, "recall": 0.6272, "f1": 0.624584319724618}
{"round": 17, "loss": 0.17494173322916032, "accuracy": 0.6137, "preccision": 0.6134949418279463, "recall": 0.6137, "f1": 0.6114192756901182}
{"round": 18, "loss": 0.22079135069847106, "accuracy": 0.6015, "preccision": 0.6026458148068936, "recall": 0.6015, "f1": 0.6001999240098138}
{"round": 19, "loss": 0.2762082463502884, "accuracy": 0.5895, "preccision": 0.5929905771212156, "recall": 0.5895, "f1": 0.5894954398787561}
{"round": 20, "loss": 0.34215821006298064, "accuracy": 0.5786, "preccision": 0.5820281870739195, "recall": 0.5786, "f1": 0.5787318129774532}
