{"loss": 0.07652335812648135, "accuracy": 0.16333333333333333}
{"loss": 0.07621941685676575, "accuracy": 0.18208333333333332}
{"loss": 0.07576220601797104, "accuracy": 0.18916666666666665}
{"loss": 0.07493869851032893, "accuracy": 0.22583333333333339}
{"loss": 0.07358022024234134, "accuracy": 0.36249999999999993}
{"loss": 0.07131268163522085, "accuracy": 0.4258333333333333}
{"loss": 0.06803817535440126, "accuracy": 0.485}
{"loss": 0.06321761503815651, "accuracy": 0.5116666666666665}
{"loss": 0.057739954243103665, "accuracy": 0.5395833333333331}
{"loss": 0.052181010941664385, "accuracy": 0.5570833333333334}
{"loss": 0.0470628647506237, "accuracy": 0.5850000000000001}
{"loss": 0.042800600032011665, "accuracy": 0.6137499999999999}
{"loss": 0.039225819458564126, "accuracy": 0.6329166666666668}
{"loss": 0.03606628340979417, "accuracy": 0.6558333333333333}
{"loss": 0.033618757054209705, "accuracy": 0.6641666666666667}
{"loss": 0.031524908617138865, "accuracy": 0.6891666666666667}
{"loss": 0.029884246612588566, "accuracy": 0.7029166666666666}
{"loss": 0.02807995526740949, "accuracy": 0.7229166666666667}
{"loss": 0.027000103729466603, "accuracy": 0.72375}
{"loss": 0.025996103944877787, "accuracy": 0.73875}
