{"round": 0, "loss": 0.07210463590621949, "accuracy": 0.0953}
{"round": 1, "loss": 0.07185684332847596, "accuracy": 0.1619}
{"round": 2, "loss": 0.07156516211032868, "accuracy": 0.1725}
{"round": 3, "loss": 0.07113542101383209, "accuracy": 0.183}
{"round": 4, "loss": 0.07036185896396636, "accuracy": 0.2266}
{"round": 5, "loss": 0.06908912534713745, "accuracy": 0.3719}
{"round": 6, "loss": 0.0669729748249054, "accuracy": 0.4341}
{"round": 7, "loss": 0.06387797173261643, "accuracy": 0.4864}
{"round": 8, "loss": 0.05933112888336182, "accuracy": 0.5155}
{"round": 9, "loss": 0.05408447961807251, "accuracy": 0.5436}
{"round": 10, "loss": 0.048798963642120365, "accuracy": 0.571}
{"round": 11, "loss": 0.043895952159166335, "accuracy": 0.5913}
{"round": 12, "loss": 0.03978972631692886, "accuracy": 0.6204}
{"round": 13, "loss": 0.03631530917286873, "accuracy": 0.6352}
{"round": 14, "loss": 0.03338767978549004, "accuracy": 0.6569}
{"round": 15, "loss": 0.031082109141349793, "accuracy": 0.6683}
{"round": 16, "loss": 0.029147871512174607, "accuracy": 0.6931}
{"round": 17, "loss": 0.027520546567440032, "accuracy": 0.7011}
{"round": 18, "loss": 0.025982786670327187, "accuracy": 0.7136}
{"round": 19, "loss": 0.024911031427979468, "accuracy": 0.7266}
{"round": 20, "loss": 0.024053031864762306, "accuracy": 0.7338}
