{"loss": 0.07671788485844931, "accuracy": 0.11816666666666668}
{"loss": 0.07654107582569121, "accuracy": 0.11850000000000005}
{"loss": 0.07636110977331795, "accuracy": 0.1255}
{"loss": 0.07611865234375001, "accuracy": 0.1536666666666667}
{"loss": 0.07573884157339732, "accuracy": 0.25116666666666665}
{"loss": 0.07511644760767619, "accuracy": 0.3153333333333333}
{"loss": 0.07402871147791544, "accuracy": 0.4070000000000001}
{"loss": 0.07210944922765097, "accuracy": 0.4863333333333332}
{"loss": 0.06900326341390609, "accuracy": 0.5838333333333332}
{"loss": 0.06442037147283555, "accuracy": 0.6563333333333332}
{"loss": 0.058431342621644324, "accuracy": 0.679666666666667}
{"loss": 0.051400597492853806, "accuracy": 0.6911666666666666}
{"loss": 0.04442386849721273, "accuracy": 0.7018333333333332}
{"loss": 0.038549856116374334, "accuracy": 0.699}
{"loss": 0.034011384954055146, "accuracy": 0.7053333333333335}
{"loss": 0.030688438773155222, "accuracy": 0.7215000000000003}
{"loss": 0.028554409692684808, "accuracy": 0.732}
{"loss": 0.026675616840521502, "accuracy": 0.7433333333333332}
{"loss": 0.02523591803510983, "accuracy": 0.7571666666666669}
{"loss": 0.024062369470795004, "accuracy": 0.7691666666666664}
