{"round": 0, "loss": 0.07228001170158387, "accuracy": 0.1135}
{"round": 1, "loss": 0.0720379742383957, "accuracy": 0.1135}
{"round": 2, "loss": 0.07187213869094848, "accuracy": 0.1137}
{"round": 3, "loss": 0.0717010111093521, "accuracy": 0.1245}
{"round": 4, "loss": 0.07147033002376556, "accuracy": 0.1526}
{"round": 5, "loss": 0.07110948638916016, "accuracy": 0.2513}
{"round": 6, "loss": 0.07051862483024597, "accuracy": 0.3273}
{"round": 7, "loss": 0.06948742442131042, "accuracy": 0.4191}
{"round": 8, "loss": 0.0676684131860733, "accuracy": 0.4959}
{"round": 9, "loss": 0.06472200531959534, "accuracy": 0.5884}
{"round": 10, "loss": 0.0603563503742218, "accuracy": 0.6666}
{"round": 11, "loss": 0.05467363514900207, "accuracy": 0.6882}
{"round": 12, "loss": 0.04796063129901886, "accuracy": 0.6988}
{"round": 13, "loss": 0.04127959450483322, "accuracy": 0.7109}
{"round": 14, "loss": 0.03565171068310738, "accuracy": 0.709}
{"round": 15, "loss": 0.031292116862535475, "accuracy": 0.7161}
{"round": 16, "loss": 0.02807411575317383, "accuracy": 0.7325}
{"round": 17, "loss": 0.025967484599351883, "accuracy": 0.7427}
{"round": 18, "loss": 0.024164266538619996, "accuracy": 0.756}
{"round": 19, "loss": 0.022757219529151915, "accuracy": 0.7689}
{"round": 20, "loss": 0.021617188084125518, "accuracy": 0.7832}
