{"loss": 0.07612256268660228, "accuracy": 0.11000000000000001}
{"loss": 0.07539993405342102, "accuracy": 0.2325}
{"loss": 0.07431792696317038, "accuracy": 0.31583333333333335}
{"loss": 0.0724895977973938, "accuracy": 0.38416666666666666}
{"loss": 0.06956726471583047, "accuracy": 0.4991666666666667}
{"loss": 0.06575610647598903, "accuracy": 0.5591666666666667}
{"loss": 0.060541333357493086, "accuracy": 0.5941666666666667}
{"loss": 0.054490783115228016, "accuracy": 0.5983333333333334}
{"loss": 0.04870916376511256, "accuracy": 0.6308333333333334}
{"loss": 0.0440329415599505, "accuracy": 0.5966666666666667}
{"loss": 0.0407590714097023, "accuracy": 0.6116666666666666}
{"loss": 0.03755922858913739, "accuracy": 0.6024999999999999}
{"loss": 0.03405763347943624, "accuracy": 0.6433333333333333}
{"loss": 0.03191477378209433, "accuracy": 0.6766666666666666}
{"loss": 0.029853419760862986, "accuracy": 0.6791666666666667}
{"loss": 0.0281245744228363, "accuracy": 0.6991666666666667}
{"loss": 0.026984855582316714, "accuracy": 0.7041666666666667}
{"loss": 0.02502699874341488, "accuracy": 0.75}
{"loss": 0.024640138149261477, "accuracy": 0.7366666666666667}
{"loss": 0.023686724106470745, "accuracy": 0.7550000000000001}
