{"round": 0, "loss": 0.07212486484050751, "accuracy": 0.0958}
{"round": 1, "loss": 0.07145929796695709, "accuracy": 0.1142}
{"round": 2, "loss": 0.0707640845298767, "accuracy": 0.2312}
{"round": 3, "loss": 0.06971928942203522, "accuracy": 0.3194}
{"round": 4, "loss": 0.06798111698627472, "accuracy": 0.396}
{"round": 5, "loss": 0.06520853896141052, "accuracy": 0.5046}
{"round": 6, "loss": 0.06156949436664581, "accuracy": 0.5792}
{"round": 7, "loss": 0.056527114367485046, "accuracy": 0.6215}
{"round": 8, "loss": 0.050716033124923704, "accuracy": 0.6221}
{"round": 9, "loss": 0.045205840253829954, "accuracy": 0.6425}
{"round": 10, "loss": 0.040705343574285506, "accuracy": 0.6108}
{"round": 11, "loss": 0.037511996549367904, "accuracy": 0.6268}
{"round": 12, "loss": 0.034466317862272264, "accuracy": 0.6208}
{"round": 13, "loss": 0.03124541307091713, "accuracy": 0.6608}
{"round": 14, "loss": 0.029326064652204515, "accuracy": 0.6873}
{"round": 15, "loss": 0.027415474545955658, "accuracy": 0.6945}
{"round": 16, "loss": 0.026063541004061698, "accuracy": 0.7016}
{"round": 17, "loss": 0.025042168378829957, "accuracy": 0.7097}
{"round": 18, "loss": 0.02333889671266079, "accuracy": 0.7457}
{"round": 19, "loss": 0.023054099875688554, "accuracy": 0.7385}
{"round": 20, "loss": 0.0222495819658041, "accuracy": 0.7516}
