{"loss": 0.0765456658601761, "accuracy": 0.13999999999999999}
{"loss": 0.0758377762635549, "accuracy": 0.12833333333333335}
{"loss": 0.07328233381112417, "accuracy": 0.2841666666666667}
{"loss": 0.06663541833559672, "accuracy": 0.3175}
{"loss": 0.057176016469796496, "accuracy": 0.41500000000000004}
{"loss": 0.0559861374894778, "accuracy": 0.48166666666666663}
{"loss": 0.06784242525696756, "accuracy": 0.5108333333333334}
{"loss": 0.0971499682466189, "accuracy": 0.5133333333333333}
{"loss": 0.14781841357549033, "accuracy": 0.505}
{"loss": 0.22700101792812352, "accuracy": 0.475}
{"loss": 0.34344587405522664, "accuracy": 0.45666666666666667}
{"loss": 0.5087848893801371, "accuracy": 0.44333333333333336}
{"loss": 0.7369346507390341, "accuracy": 0.42416666666666664}
{"loss": 1.0447164646784466, "accuracy": 0.41416666666666657}
{"loss": 1.4490623426437381, "accuracy": 0.39999999999999997}
{"loss": 1.9687894090016684, "accuracy": 0.39}
{"loss": 2.6230856037139896, "accuracy": 0.37750000000000006}
{"loss": 3.438896598815918, "accuracy": 0.37333333333333335}
{"loss": 4.434439595540364, "accuracy": 0.3725}
{"loss": 5.648715127309163, "accuracy": 0.3633333333333334}
