{"round": 0, "loss": 0.07210985743999482, "accuracy": 0.1213, "preccision": 0.03753566603846442, "recall": 0.1213, "f1": 0.042972211694337376}
{"round": 1, "loss": 0.07184516322612762, "accuracy": 0.1414, "preccision": 0.14965661378761874, "recall": 0.1414, "f1": 0.06106129636323502}
{"round": 2, "loss": 0.0712611203432083, "accuracy": 0.1284, "preccision": 0.05595787979627504, "recall": 0.1284, "f1": 0.0496640641968589}
{"round": 3, "loss": 0.06902669298648834, "accuracy": 0.2722, "preccision": 0.31611204770120127, "recall": 0.2722, "f1": 0.1704171277305341}
{"round": 4, "loss": 0.06310978053808212, "accuracy": 0.2937, "preccision": 0.42829272460852136, "recall": 0.2937, "f1": 0.21112113677481129}
{"round": 5, "loss": 0.054975357711315155, "accuracy": 0.3932, "preccision": 0.43478723182711876, "recall": 0.3932, "f1": 0.325297098925189}
{"round": 6, "loss": 0.05457161023020744, "accuracy": 0.4612, "preccision": 0.45563778689782075, "recall": 0.4612, "f1": 0.41280921035875906}
{"round": 7, "loss": 0.06565546208620071, "accuracy": 0.4952, "preccision": 0.46687366089488586, "recall": 0.4952, "f1": 0.4646514985524488}
{"round": 8, "loss": 0.0932581913113594, "accuracy": 0.4985, "preccision": 0.4756465425659001, "recall": 0.4985, "f1": 0.477852174601496}
{"round": 9, "loss": 0.14079399224519729, "accuracy": 0.4873, "preccision": 0.4708768900946679, "recall": 0.4873, "f1": 0.4723228222665016}
{"round": 10, "loss": 0.2141870788574219, "accuracy": 0.476, "preccision": 0.46215275397838534, "recall": 0.476, "f1": 0.4635879968782318}
{"round": 11, "loss": 0.32164272289276125, "accuracy": 0.4572, "preccision": 0.4444240056190614, "recall": 0.4572, "f1": 0.4468015480348648}
{"round": 12, "loss": 0.47574035573005674, "accuracy": 0.4411, "preccision": 0.42962913197433616, "recall": 0.4411, "f1": 0.43201521022032613}
{"round": 13, "loss": 0.6873864985466004, "accuracy": 0.4289, "preccision": 0.4187191136396639, "recall": 0.4289, "f1": 0.4208890417466824}
{"round": 14, "loss": 0.9699550889015198, "accuracy": 0.4151, "preccision": 0.4054421443223649, "recall": 0.4151, "f1": 0.4076857562047475}
{"round": 15, "loss": 1.3428697153091431, "accuracy": 0.4056, "preccision": 0.3964622763514339, "recall": 0.4056, "f1": 0.3984970001777619}
{"round": 16, "loss": 1.8223949516296387, "accuracy": 0.3978, "preccision": 0.3892844024673082, "recall": 0.3978, "f1": 0.39114420781071013}
{"round": 17, "loss": 2.4316399433135985, "accuracy": 0.3942, "preccision": 0.3857458962035426, "recall": 0.3942, "f1": 0.3877373492882056}
{"round": 18, "loss": 3.1925637630462647, "accuracy": 0.3907, "preccision": 0.38275454059060254, "recall": 0.3907, "f1": 0.38429130202569156}
{"round": 19, "loss": 4.1273020618438725, "accuracy": 0.3853, "preccision": 0.3785484255129079, "recall": 0.3853, "f1": 0.37935037157549983}
{"round": 20, "loss": 5.268951406860351, "accuracy": 0.3822, "preccision": 0.37667306774090387, "recall": 0.3822, "f1": 0.37699277860254515}
