{"loss": 0.07647747198740641, "accuracy": 0.17083333333333334}
{"loss": 0.07570936083793639, "accuracy": 0.2875}
{"loss": 0.07441394825776418, "accuracy": 0.3}
{"loss": 0.07198586265246074, "accuracy": 0.3666666666666667}
{"loss": 0.0684616799155871, "accuracy": 0.39166666666666666}
{"loss": 0.06362883945306141, "accuracy": 0.4291666666666667}
{"loss": 0.05851804713408153, "accuracy": 0.475}
{"loss": 0.052447379132111865, "accuracy": 0.5625}
{"loss": 0.04752653936545054, "accuracy": 0.5208333333333334}
{"loss": 0.04118804931640625, "accuracy": 0.6166666666666667}
{"loss": 0.04053040991226832, "accuracy": 0.5291666666666667}
{"loss": 0.03464925090471903, "accuracy": 0.6958333333333333}
{"loss": 0.03346529280145963, "accuracy": 0.6791666666666667}
{"loss": 0.031038553019364673, "accuracy": 0.7041666666666666}
{"loss": 0.031132656832536063, "accuracy": 0.7083333333333333}
{"loss": 0.02885387515028318, "accuracy": 0.7291666666666667}
{"loss": 0.029826402912537256, "accuracy": 0.7083333333333333}
{"loss": 0.028182730575402576, "accuracy": 0.7333333333333333}
{"loss": 0.029808967560529708, "accuracy": 0.7291666666666667}
{"loss": 0.028728217383225757, "accuracy": 0.7208333333333333}
