{"round": 0, "loss": 0.07204539165496826, "accuracy": 0.1096}
{"round": 1, "loss": 0.07159271936416627, "accuracy": 0.2142}
{"round": 2, "loss": 0.07081293940544128, "accuracy": 0.3582}
{"round": 3, "loss": 0.06936768682003021, "accuracy": 0.3809}
{"round": 4, "loss": 0.06676846108436585, "accuracy": 0.4267}
{"round": 5, "loss": 0.06290595647096633, "accuracy": 0.4395}
{"round": 6, "loss": 0.057695481872558595, "accuracy": 0.4799}
{"round": 7, "loss": 0.05233572697639465, "accuracy": 0.5176}
{"round": 8, "loss": 0.04560335116386414, "accuracy": 0.5927}
{"round": 9, "loss": 0.04065915823578835, "accuracy": 0.5502}
{"round": 10, "loss": 0.03464533720016479, "accuracy": 0.6848}
{"round": 11, "loss": 0.034043142849206925, "accuracy": 0.579}
{"round": 12, "loss": 0.028150470751523972, "accuracy": 0.7127}
{"round": 13, "loss": 0.027097099870443345, "accuracy": 0.6955}
{"round": 14, "loss": 0.02503590990304947, "accuracy": 0.7304}
{"round": 15, "loss": 0.02331775631904602, "accuracy": 0.7524}
{"round": 16, "loss": 0.02263504664003849, "accuracy": 0.7609}
{"round": 17, "loss": 0.022208753022551538, "accuracy": 0.7621}
{"round": 18, "loss": 0.02141513079702854, "accuracy": 0.7745}
{"round": 19, "loss": 0.022677076002955435, "accuracy": 0.7631}
{"round": 20, "loss": 0.02095890651643276, "accuracy": 0.7813}
