{"loss": 0.07686063388983408, "accuracy": 0.10916666666666666}
{"loss": 0.07561596592267356, "accuracy": 0.12000000000000002}
{"loss": 0.06878842492898304, "accuracy": 0.27166666666666667}
{"loss": 0.06820181538661321, "accuracy": 0.33249999999999996}
{"loss": 0.1085467747847239, "accuracy": 0.3666666666666667}
{"loss": 0.20842442750930784, "accuracy": 0.39000000000000007}
{"loss": 0.3957290339469909, "accuracy": 0.37750000000000006}
{"loss": 0.7107314260800679, "accuracy": 0.38083333333333336}
{"loss": 1.2148231554031372, "accuracy": 0.37750000000000006}
{"loss": 1.9776911862691247, "accuracy": 0.3766666666666667}
{"loss": 3.0860758876800536, "accuracy": 0.3708333333333333}
{"loss": 4.6589726575215655, "accuracy": 0.35833333333333334}
{"loss": 6.824776096343994, "accuracy": 0.34833333333333333}
{"loss": 9.715941060384115, "accuracy": 0.3416666666666667}
{"loss": 13.550362955729167, "accuracy": 0.34}
{"loss": 18.483547134399412, "accuracy": 0.3325}
{"loss": 24.764728876749675, "accuracy": 0.33416666666666667}
{"loss": 32.60738733927409, "accuracy": 0.32833333333333337}
{"loss": 42.33774434407552, "accuracy": 0.3325}
{"loss": 54.24964314778646, "accuracy": 0.32999999999999996}
