{"round": 0, "loss": 0.07225919997692108, "accuracy": 0.09, "preccision": 0.01089712700949516, "recall": 0.09, "f1": 0.01639690578512015}
{"round": 1, "loss": 0.0721274531841278, "accuracy": 0.1036, "preccision": 0.04344901450789301, "recall": 0.1036, "f1": 0.034363492691540175}
{"round": 2, "loss": 0.07101606197357178, "accuracy": 0.1147, "preccision": 0.1779114288893547, "recall": 0.1147, "f1": 0.06964422029205779}
{"round": 3, "loss": 0.06399409300088882, "accuracy": 0.2765, "preccision": 0.3165314463465445, "recall": 0.2765, "f1": 0.25781672377988135}
{"round": 4, "loss": 0.0625133801817894, "accuracy": 0.3467, "preccision": 0.35725207122519886, "recall": 0.3467, "f1": 0.33764682972285015}
{"round": 5, "loss": 0.09790974813699722, "accuracy": 0.3762, "preccision": 0.38199117281938966, "recall": 0.3762, "f1": 0.3731260249139462}
{"round": 6, "loss": 0.19006807057857514, "accuracy": 0.3817, "preccision": 0.3931002373959445, "recall": 0.3817, "f1": 0.38072094339888074}
{"round": 7, "loss": 0.3612676330566406, "accuracy": 0.3777, "preccision": 0.3878516309037662, "recall": 0.3777, "f1": 0.3775265520163835}
{"round": 8, "loss": 0.6518422070503235, "accuracy": 0.3688, "preccision": 0.37846256115238036, "recall": 0.3688, "f1": 0.3690837480085327}
{"round": 9, "loss": 1.112624924659729, "accuracy": 0.357, "preccision": 0.36526222616533244, "recall": 0.357, "f1": 0.35731921808129585}
{"round": 10, "loss": 1.809788966369629, "accuracy": 0.3513, "preccision": 0.360523870518168, "recall": 0.3513, "f1": 0.3521469943114284}
{"round": 11, "loss": 2.812300994491577, "accuracy": 0.3463, "preccision": 0.3562977844338146, "recall": 0.3463, "f1": 0.3479816081116759}
{"round": 12, "loss": 4.238019345474243, "accuracy": 0.3405, "preccision": 0.3508705288905693, "recall": 0.3405, "f1": 0.3424983718100184}
{"round": 13, "loss": 6.199061888122559, "accuracy": 0.3391, "preccision": 0.34933390816035714, "recall": 0.3391, "f1": 0.34096457885738307}
{"round": 14, "loss": 8.817883438873292, "accuracy": 0.3382, "preccision": 0.3487387195968813, "recall": 0.3382, "f1": 0.3404124122693091}
{"round": 15, "loss": 12.278255773925782, "accuracy": 0.3352, "preccision": 0.346025605675944, "recall": 0.3352, "f1": 0.3375284391703916}
{"round": 16, "loss": 16.74414598083496, "accuracy": 0.3344, "preccision": 0.34537304139344555, "recall": 0.3344, "f1": 0.3368527015333005}
{"round": 17, "loss": 22.426736627197265, "accuracy": 0.3318, "preccision": 0.34229009928124615, "recall": 0.3318, "f1": 0.33410753934206405}
{"round": 18, "loss": 29.54969156188965, "accuracy": 0.3288, "preccision": 0.3390942182277066, "recall": 0.3288, "f1": 0.3310455760912721}
{"round": 19, "loss": 38.38170048828125, "accuracy": 0.329, "preccision": 0.3394789819631071, "recall": 0.329, "f1": 0.3313844713801409}
{"round": 20, "loss": 49.1944139465332, "accuracy": 0.3291, "preccision": 0.33959115841450505, "recall": 0.3291, "f1": 0.33154025931740055}
