{"loss": 0.07634576618671418, "accuracy": 0.10833333333333335}
{"loss": 0.0759085504213969, "accuracy": 0.1675}
{"loss": 0.07513303597768148, "accuracy": 0.37583333333333335}
{"loss": 0.07391207794348399, "accuracy": 0.4125}
{"loss": 0.0718961755434672, "accuracy": 0.39}
{"loss": 0.06879389464855193, "accuracy": 0.45666666666666667}
{"loss": 0.06474245131015777, "accuracy": 0.5349999999999999}
{"loss": 0.05896940290927888, "accuracy": 0.6041666666666666}
{"loss": 0.052971772253513336, "accuracy": 0.6383333333333333}
{"loss": 0.04723000874121984, "accuracy": 0.6591666666666666}
{"loss": 0.04205681383609772, "accuracy": 0.6758333333333333}
{"loss": 0.0373799038430055, "accuracy": 0.6874999999999999}
{"loss": 0.03427125652631123, "accuracy": 0.7058333333333333}
{"loss": 0.031176231751839322, "accuracy": 0.71}
{"loss": 0.029129256208737686, "accuracy": 0.7274999999999999}
{"loss": 0.026265373031298323, "accuracy": 0.7474999999999999}
{"loss": 0.025336717938383418, "accuracy": 0.7525000000000001}
{"loss": 0.02444769303003947, "accuracy": 0.7491666666666666}
{"loss": 0.023469489316145578, "accuracy": 0.7541666666666667}
{"loss": 0.02214598298072815, "accuracy": 0.7758333333333334}
