{"round": 0, "loss": 0.0721090440750122, "accuracy": 0.0788}
{"round": 1, "loss": 0.07170669438838959, "accuracy": 0.1085}
{"round": 2, "loss": 0.07130758595466614, "accuracy": 0.1699}
{"round": 3, "loss": 0.07059015321731567, "accuracy": 0.3692}
{"round": 4, "loss": 0.06944794516563416, "accuracy": 0.4022}
{"round": 5, "loss": 0.06747148971557618, "accuracy": 0.3911}
{"round": 6, "loss": 0.06452898335456848, "accuracy": 0.4648}
{"round": 7, "loss": 0.06058321347236633, "accuracy": 0.5363}
{"round": 8, "loss": 0.05507335557937622, "accuracy": 0.5929}
{"round": 9, "loss": 0.04925865445137024, "accuracy": 0.6296}
{"round": 10, "loss": 0.043669030344486236, "accuracy": 0.6694}
{"round": 11, "loss": 0.03877113295197487, "accuracy": 0.6735}
{"round": 12, "loss": 0.034339886343479155, "accuracy": 0.7032}
{"round": 13, "loss": 0.0313410772383213, "accuracy": 0.7067}
{"round": 14, "loss": 0.028417218846082688, "accuracy": 0.7151}
{"round": 15, "loss": 0.02645457138121128, "accuracy": 0.739}
{"round": 16, "loss": 0.024103290197253227, "accuracy": 0.7515}
{"round": 17, "loss": 0.023280841091275217, "accuracy": 0.7584}
{"round": 18, "loss": 0.022583679005503655, "accuracy": 0.7532}
{"round": 19, "loss": 0.02162578456699848, "accuracy": 0.7606}
{"round": 20, "loss": 0.02055426798313856, "accuracy": 0.7811}
