{"loss": 0.076056307554245, "accuracy": 0.2416666666666667}
{"loss": 0.07460277100404103, "accuracy": 0.3616666666666667}
{"loss": 0.07117092927296956, "accuracy": 0.36416666666666664}
{"loss": 0.06442720790704091, "accuracy": 0.40249999999999997}
{"loss": 0.05505060742298762, "accuracy": 0.4875}
{"loss": 0.04581140259901682, "accuracy": 0.5275000000000001}
{"loss": 0.04392173404202742, "accuracy": 0.5411764705882353}
{"loss": 0.04126054644584656, "accuracy": 0.5758333333333333}
{"loss": 0.04700619580845038, "accuracy": 0.5908333333333333}
{"loss": 0.047770479420820876, "accuracy": 0.6391666666666665}
{"loss": 0.05715150944888592, "accuracy": 0.6533333333333333}
{"loss": 0.07671699891487757, "accuracy": 0.6291666666666667}
{"loss": 0.09788806041081746, "accuracy": 0.6275000000000001}
{"loss": 0.13831801652908324, "accuracy": 0.6033333333333333}
{"loss": 0.16640877534945805, "accuracy": 0.595}
{"loss": 0.24196718672911324, "accuracy": 0.5625}
{"loss": 0.27847845633824664, "accuracy": 0.5741666666666666}
{"loss": 0.3485929638147354, "accuracy": 0.5533333333333335}
{"loss": 0.4662397070725759, "accuracy": 0.5341666666666667}
{"loss": 0.6248935894171398, "accuracy": 0.5058333333333334}
