{"round": 0, "loss": 0.07204539165496826, "accuracy": 0.1096, "preccision": 0.09697667574561834, "recall": 0.1096, "f1": 0.06719632393106954}
{"round": 1, "loss": 0.07141358788013458, "accuracy": 0.2508, "preccision": 0.15772253953833576, "recall": 0.2508, "f1": 0.14029245006677457}
{"round": 2, "loss": 0.07014219563007355, "accuracy": 0.3444, "preccision": 0.28703312589687074, "recall": 0.3444, "f1": 0.24941533523738776}
{"round": 3, "loss": 0.0669575911283493, "accuracy": 0.359, "preccision": 0.32855115059473033, "recall": 0.359, "f1": 0.26654396052221674}
{"round": 4, "loss": 0.06066546821594238, "accuracy": 0.4158, "preccision": 0.3886839208601577, "recall": 0.4158, "f1": 0.31590841110827766}
{"round": 5, "loss": 0.051903335177898406, "accuracy": 0.4802, "preccision": 0.44372392626649615, "recall": 0.4802, "f1": 0.4170337682391227}
{"round": 6, "loss": 0.04430632607936859, "accuracy": 0.5118, "preccision": 0.4878169182199829, "recall": 0.5118, "f1": 0.4643838157031477}
{"round": 7, "loss": 0.04076426800489426, "accuracy": 0.5441, "preccision": 0.5102623536457939, "recall": 0.5441, "f1": 0.49756815609712796}
{"round": 8, "loss": 0.03945032231807709, "accuracy": 0.5816, "preccision": 0.5415970476776905, "recall": 0.5816, "f1": 0.5446358350411287}
{"round": 9, "loss": 0.04334084901213646, "accuracy": 0.6022, "preccision": 0.5741403542061067, "recall": 0.6022, "f1": 0.5703917870700697}
{"round": 10, "loss": 0.04882840268611908, "accuracy": 0.6197, "preccision": 0.6044609817450535, "recall": 0.6197, "f1": 0.6025882371897124}
{"round": 11, "loss": 0.05997278379201889, "accuracy": 0.6302, "preccision": 0.6182004757612308, "recall": 0.6302, "f1": 0.6151553785259937}
{"round": 12, "loss": 0.07411042283177376, "accuracy": 0.6256, "preccision": 0.6192773793552627, "recall": 0.6256, "f1": 0.6171559522711253}
{"round": 13, "loss": 0.09737206824421883, "accuracy": 0.6141, "preccision": 0.6094962197352881, "recall": 0.6141, "f1": 0.6068038371874183}
{"round": 14, "loss": 0.12721649069786073, "accuracy": 0.6026, "preccision": 0.5985632723511449, "recall": 0.6026, "f1": 0.5957483751063812}
{"round": 15, "loss": 0.16665259693861006, "accuracy": 0.5884, "preccision": 0.5864248839736518, "recall": 0.5884, "f1": 0.5822716154470701}
{"round": 16, "loss": 0.21578966126441956, "accuracy": 0.5767, "preccision": 0.5761284336983056, "recall": 0.5767, "f1": 0.5721036557697261}
{"round": 17, "loss": 0.27406194052696226, "accuracy": 0.5633, "preccision": 0.5613615630282276, "recall": 0.5633, "f1": 0.5603156249755407}
{"round": 18, "loss": 0.35209659831523893, "accuracy": 0.5501, "preccision": 0.55008081392096, "recall": 0.5501, "f1": 0.5471849383749422}
{"round": 19, "loss": 0.4456561420440674, "accuracy": 0.5399, "preccision": 0.5428362612353806, "recall": 0.5399, "f1": 0.5383120446444087}
{"round": 20, "loss": 0.5605260838031769, "accuracy": 0.5253, "preccision": 0.525798374170201, "recall": 0.5253, "f1": 0.521843087056209}
