{"loss": 0.07676615715026858, "accuracy": 0.16083333333333333}
{"loss": 0.07570170700550079, "accuracy": 0.20750000000000002}
{"loss": 0.07493107110261918, "accuracy": 0.2233333333333333}
{"loss": 0.08480760683616004, "accuracy": 0.25583333333333336}
{"loss": 0.13200801610946655, "accuracy": 0.2658333333333333}
{"loss": 0.22930630207061764, "accuracy": 0.27166666666666667}
{"loss": 0.41010558843612677, "accuracy": 0.25333333333333335}
{"loss": 0.7165937519073486, "accuracy": 0.2475}
{"loss": 1.200321340560913, "accuracy": 0.23583333333333334}
{"loss": 1.9252741209665931, "accuracy": 0.2333333333333334}
{"loss": 2.959517819086711, "accuracy": 0.22999999999999998}
{"loss": 4.394062983194987, "accuracy": 0.225}
{"loss": 6.33525286992391, "accuracy": 0.22666666666666666}
{"loss": 8.92427796681722, "accuracy": 0.22666666666666666}
{"loss": 12.294104576110842, "accuracy": 0.22666666666666666}
{"loss": 16.597631022135413, "accuracy": 0.22916666666666666}
{"loss": 22.086609319051103, "accuracy": 0.22666666666666666}
{"loss": 28.94737536112467, "accuracy": 0.2225}
{"loss": 37.40472895304362, "accuracy": 0.21999999999999997}
{"loss": 47.674974314371745, "accuracy": 0.22333333333333333}
