{"round": 0, "loss": 0.07237841854095459, "accuracy": 0.0628, "preccision": 0.024559532652178438, "recall": 0.0628, "f1": 0.03398203225203176}
{"round": 1, "loss": 0.07195947041511536, "accuracy": 0.1569, "preccision": 0.07476004588965592, "recall": 0.1569, "f1": 0.08068551916711963}
{"round": 2, "loss": 0.07085604043006898, "accuracy": 0.1957, "preccision": 0.1931498642390738, "recall": 0.1957, "f1": 0.16834993967930018}
{"round": 3, "loss": 0.06975233585834503, "accuracy": 0.2257, "preccision": 0.20741500249964584, "recall": 0.2257, "f1": 0.18889069543552348}
{"round": 4, "loss": 0.07708617858886718, "accuracy": 0.2689, "preccision": 0.23386709628945296, "recall": 0.2689, "f1": 0.23213061814254893}
{"round": 5, "loss": 0.11793411493301392, "accuracy": 0.2815, "preccision": 0.2537741548579892, "recall": 0.2815, "f1": 0.254435561604021}
{"round": 6, "loss": 0.2072920496225357, "accuracy": 0.2864, "preccision": 0.2720706036777555, "recall": 0.2864, "f1": 0.27325434389972564}
{"round": 7, "loss": 0.3723172637462616, "accuracy": 0.273, "preccision": 0.270930488829039, "recall": 0.273, "f1": 0.267701060764427}
{"round": 8, "loss": 0.6485700371742249, "accuracy": 0.2582, "preccision": 0.26334056566995984, "recall": 0.2582, "f1": 0.2563866351509023}
{"round": 9, "loss": 1.0807897743225097, "accuracy": 0.2482, "preccision": 0.25506197441545075, "recall": 0.2482, "f1": 0.2474393698348828}
{"round": 10, "loss": 1.7316320518493653, "accuracy": 0.2427, "preccision": 0.250541683948443, "recall": 0.2427, "f1": 0.2422634490657538}
{"round": 11, "loss": 2.666411734390259, "accuracy": 0.238, "preccision": 0.24471604570098265, "recall": 0.238, "f1": 0.23723749932893087}
{"round": 12, "loss": 3.977086678314209, "accuracy": 0.2375, "preccision": 0.24365483834681004, "recall": 0.2375, "f1": 0.23664268328049953}
{"round": 13, "loss": 5.750403289031983, "accuracy": 0.235, "preccision": 0.24131940539594285, "recall": 0.235, "f1": 0.23446576729302468}
{"round": 14, "loss": 8.111874501800537, "accuracy": 0.2321, "preccision": 0.23765043813597464, "recall": 0.2321, "f1": 0.2313055726922261}
{"round": 15, "loss": 11.186724534606933, "accuracy": 0.2316, "preccision": 0.23745154373062238, "recall": 0.2316, "f1": 0.23092574148740008}
{"round": 16, "loss": 15.124465061950684, "accuracy": 0.2325, "preccision": 0.23744936286790003, "recall": 0.2325, "f1": 0.23183781244750926}
{"round": 17, "loss": 20.11204261779785, "accuracy": 0.2318, "preccision": 0.2371269325142366, "recall": 0.2318, "f1": 0.23136704869526256}
{"round": 18, "loss": 26.321225, "accuracy": 0.231, "preccision": 0.23618102307458325, "recall": 0.231, "f1": 0.23060213289580753}
{"round": 19, "loss": 33.98676973266601, "accuracy": 0.2307, "preccision": 0.23728540872589557, "recall": 0.2307, "f1": 0.23097944359573144}
{"round": 20, "loss": 43.3333544921875, "accuracy": 0.2308, "preccision": 0.2372267275451769, "recall": 0.2308, "f1": 0.23115676462924212}
