{"loss": 0.07621687526504198, "accuracy": 0.14583333333333331}
{"loss": 0.07517803733547529, "accuracy": 0.22291666666666665}
{"loss": 0.07260743528604507, "accuracy": 0.24375}
{"loss": 0.06768491591016453, "accuracy": 0.37395833333333334}
{"loss": 0.06026424666245778, "accuracy": 0.4822916666666667}
{"loss": 0.05231299760440984, "accuracy": 0.5104166666666666}
{"loss": 0.047650379066665964, "accuracy": 0.5166666666666666}
{"loss": 0.04704530512293179, "accuracy": 0.5177083333333332}
{"loss": 0.05129005443304777, "accuracy": 0.528125}
{"loss": 0.06151277348399162, "accuracy": 0.5291666666666666}
{"loss": 0.07728026236097016, "accuracy": 0.5260416666666666}
{"loss": 0.09962737349172433, "accuracy": 0.503125}
{"loss": 0.1286713510751724, "accuracy": 0.4927083333333334}
{"loss": 0.16609577909111978, "accuracy": 0.4822916666666667}
{"loss": 0.21277706747253736, "accuracy": 0.4572916666666666}
{"loss": 0.2713864969710509, "accuracy": 0.44791666666666663}
{"loss": 0.34482923348744715, "accuracy": 0.44375}
{"loss": 0.4346826319893201, "accuracy": 0.44270833333333326}
{"loss": 0.5446173886458079, "accuracy": 0.4239583333333333}
{"loss": 0.6757614751656851, "accuracy": 0.421875}
