{"round": 0, "loss": 0.07212486484050751, "accuracy": 0.0958, "preccision": 0.009177639999999999, "recall": 0.0958, "f1": 0.0167505749224311}
{"round": 1, "loss": 0.07152827694416046, "accuracy": 0.1565, "preccision": 0.2801405154330983, "recall": 0.1565, "f1": 0.10964508252807798}
{"round": 2, "loss": 0.07059135971069336, "accuracy": 0.2239, "preccision": 0.30251830488977155, "recall": 0.2239, "f1": 0.14736919758681769}
{"round": 3, "loss": 0.0682367192029953, "accuracy": 0.2272, "preccision": 0.4116301285300149, "recall": 0.2272, "f1": 0.17288178737823368}
{"round": 4, "loss": 0.0636075337767601, "accuracy": 0.3421, "preccision": 0.5448044016980589, "recall": 0.3421, "f1": 0.3058558473529394}
{"round": 5, "loss": 0.05630333704948425, "accuracy": 0.4898, "preccision": 0.5483411758157822, "recall": 0.4898, "f1": 0.454254211979754}
{"round": 6, "loss": 0.048256796073913574, "accuracy": 0.5198, "preccision": 0.5275931379720747, "recall": 0.5198, "f1": 0.4780589520177608}
{"round": 7, "loss": 0.04311481632590294, "accuracy": 0.5306, "preccision": 0.5212943533586559, "recall": 0.5306, "f1": 0.49137903966669416}
{"round": 8, "loss": 0.041730669474601745, "accuracy": 0.547, "preccision": 0.5316679381756311, "recall": 0.547, "f1": 0.5162146576895695}
{"round": 9, "loss": 0.044678336077928545, "accuracy": 0.5616, "preccision": 0.5472893514178807, "recall": 0.5616, "f1": 0.5403302936284948}
{"round": 10, "loss": 0.05297179748415947, "accuracy": 0.5582, "preccision": 0.5470789000405686, "recall": 0.5582, "f1": 0.5414166104796138}
{"round": 11, "loss": 0.06620713148117065, "accuracy": 0.5499, "preccision": 0.5417792786720783, "recall": 0.5499, "f1": 0.5383667433971366}
{"round": 12, "loss": 0.08528361546993256, "accuracy": 0.5387, "preccision": 0.5324454105657093, "recall": 0.5387, "f1": 0.5294232356951377}
{"round": 13, "loss": 0.11061160312891007, "accuracy": 0.5261, "preccision": 0.524908127603128, "recall": 0.5261, "f1": 0.5208020909325412}
{"round": 14, "loss": 0.14342229261398315, "accuracy": 0.514, "preccision": 0.5143808170589536, "recall": 0.514, "f1": 0.5111822045801635}
{"round": 15, "loss": 0.18539170060157775, "accuracy": 0.5018, "preccision": 0.5040999955513977, "recall": 0.5018, "f1": 0.500536271811899}
{"round": 16, "loss": 0.23810333919525145, "accuracy": 0.4891, "preccision": 0.4917337721688992, "recall": 0.4891, "f1": 0.4885664087941148}
{"round": 17, "loss": 0.30444131443500516, "accuracy": 0.4784, "preccision": 0.48145211449961506, "recall": 0.4784, "f1": 0.47813723443150347}
{"round": 18, "loss": 0.38618860430717467, "accuracy": 0.4653, "preccision": 0.46842405202430565, "recall": 0.4653, "f1": 0.4653482479383099}
{"round": 19, "loss": 0.48730415320396425, "accuracy": 0.4515, "preccision": 0.4548482495422501, "recall": 0.4515, "f1": 0.45170013252897095}
{"round": 20, "loss": 0.6089291283607483, "accuracy": 0.4445, "preccision": 0.4480569467971485, "recall": 0.4445, "f1": 0.44500160965776586}
