{"loss": 0.07676217059294382, "accuracy": 0.12083333333333335}
{"loss": 0.07638442019621532, "accuracy": 0.17916666666666664}
{"loss": 0.0757431908448537, "accuracy": 0.24499999999999997}
{"loss": 0.07339804490407308, "accuracy": 0.3083333333333333}
{"loss": 0.0689461985230446, "accuracy": 0.3266666666666667}
{"loss": 0.06099145174026489, "accuracy": 0.47166666666666657}
{"loss": 0.051545390834410974, "accuracy": 0.50625}
{"loss": 0.04812432040770849, "accuracy": 0.49499999999999994}
{"loss": 0.051138070325056705, "accuracy": 0.5224999999999999}
{"loss": 0.06139800518751143, "accuracy": 0.5308333333333333}
{"loss": 0.07718919352406547, "accuracy": 0.5428571428571428}
{"loss": 0.11402495841185252, "accuracy": 0.5258333333333334}
{"loss": 0.14641133079926172, "accuracy": 0.5125}
{"loss": 0.20565275311470033, "accuracy": 0.49416666666666675}
{"loss": 0.2563024393717448, "accuracy": 0.4708333333333333}
{"loss": 0.3576524629195531, "accuracy": 0.45166666666666655}
{"loss": 0.44264393091201787, "accuracy": 0.44333333333333336}
{"loss": 0.5832786480585733, "accuracy": 0.445}
{"loss": 0.7206264940897624, "accuracy": 0.44000000000000006}
{"loss": 0.9583121927579243, "accuracy": 0.4066666666666666}
