{"round": 0, "loss": 0.07228001170158387, "accuracy": 0.1135, "preccision": 0.012883538353835385, "recall": 0.1135, "f1": 0.02314038081552003}
{"round": 1, "loss": 0.07207420749664306, "accuracy": 0.1136, "preccision": 0.06338482696539309, "recall": 0.1136, "f1": 0.023342064098153516}
{"round": 2, "loss": 0.07182404937744141, "accuracy": 0.1685, "preccision": 0.045249452452862216, "recall": 0.1685, "f1": 0.06029334140625652}
{"round": 3, "loss": 0.07103284330368043, "accuracy": 0.2514, "preccision": 0.22229162732627916, "recall": 0.2514, "f1": 0.14088317182770677}
{"round": 4, "loss": 0.06897769525051117, "accuracy": 0.3093, "preccision": 0.25093151465923047, "recall": 0.3093, "f1": 0.21878587242619318}
{"round": 5, "loss": 0.06474107677936554, "accuracy": 0.3233, "preccision": 0.4547234571208674, "recall": 0.3233, "f1": 0.2969876562932674}
{"round": 6, "loss": 0.05750002703666687, "accuracy": 0.4544, "preccision": 0.5039667210305644, "recall": 0.4544, "f1": 0.4563073790146616}
{"round": 7, "loss": 0.0490560511469841, "accuracy": 0.5009, "preccision": 0.5006875947400785, "recall": 0.5009, "f1": 0.4913283433520074}
{"round": 8, "loss": 0.04544051397442818, "accuracy": 0.5142, "preccision": 0.4975259993179464, "recall": 0.5142, "f1": 0.4937135591285494}
{"round": 9, "loss": 0.048988702750206, "accuracy": 0.5194, "preccision": 0.4932578440518442, "recall": 0.5194, "f1": 0.4938334100576501}
{"round": 10, "loss": 0.058735099059343335, "accuracy": 0.5281, "preccision": 0.5129343776040628, "recall": 0.5281, "f1": 0.5156287365781023}
{"round": 11, "loss": 0.07695625958442688, "accuracy": 0.5258, "preccision": 0.5183371508299514, "recall": 0.5258, "f1": 0.5177893148048115}
{"round": 12, "loss": 0.10269630144834518, "accuracy": 0.5214, "preccision": 0.5142812614292388, "recall": 0.5214, "f1": 0.5162883458367932}
{"round": 13, "loss": 0.1388521374821663, "accuracy": 0.5098, "preccision": 0.5051840292122908, "recall": 0.5098, "f1": 0.5063157955457495}
{"round": 14, "loss": 0.18679468936920166, "accuracy": 0.4947, "preccision": 0.49551523254141966, "recall": 0.4947, "f1": 0.4940003041854075}
{"round": 15, "loss": 0.2478512751340866, "accuracy": 0.4838, "preccision": 0.48725739734424467, "recall": 0.4838, "f1": 0.4844997941115147}
{"round": 16, "loss": 0.3247513597011566, "accuracy": 0.47, "preccision": 0.4743527722632625, "recall": 0.47, "f1": 0.4713846614668435}
{"round": 17, "loss": 0.42030798091888427, "accuracy": 0.457, "preccision": 0.4607780736851917, "recall": 0.457, "f1": 0.45782793579776754}
{"round": 18, "loss": 0.539531594133377, "accuracy": 0.4474, "preccision": 0.45371555550200937, "recall": 0.4474, "f1": 0.449453817494533}
{"round": 19, "loss": 0.6834930019378662, "accuracy": 0.435, "preccision": 0.44504282539655016, "recall": 0.435, "f1": 0.43820588589399084}
{"round": 20, "loss": 0.8521754340171814, "accuracy": 0.4305, "preccision": 0.4397538533425723, "recall": 0.4305, "f1": 0.43355088720600904}
