{"loss": 0.0764896802107493, "accuracy": 0.14833333333333334}
{"loss": 0.07618801673253378, "accuracy": 0.22999999999999998}
{"loss": 0.07563927173614501, "accuracy": 0.26}
{"loss": 0.07476291060447691, "accuracy": 0.30333333333333334}
{"loss": 0.07342408378918966, "accuracy": 0.4333333333333333}
{"loss": 0.07090643445650736, "accuracy": 0.49333333333333335}
{"loss": 0.0671443889538447, "accuracy": 0.575}
{"loss": 0.06262594878673552, "accuracy": 0.595}
{"loss": 0.05652538935343424, "accuracy": 0.65}
{"loss": 0.050342733860015865, "accuracy": 0.6283333333333333}
{"loss": 0.04509144504865011, "accuracy": 0.6466666666666667}
{"loss": 0.040004024803638454, "accuracy": 0.6716666666666666}
{"loss": 0.03616951475540797, "accuracy": 0.6583333333333333}
{"loss": 0.03308507998784384, "accuracy": 0.6716666666666666}
{"loss": 0.03028796742359797, "accuracy": 0.6983333333333333}
{"loss": 0.02910991897185643, "accuracy": 0.6916666666666667}
{"loss": 0.026455333481232322, "accuracy": 0.7383333333333333}
{"loss": 0.026143703560034433, "accuracy": 0.725}
{"loss": 0.023514244705438617, "accuracy": 0.77}
{"loss": 0.023078514784574507, "accuracy": 0.76}
