{"round": 0, "loss": 0.07214015040397644, "accuracy": 0.0988}
{"round": 1, "loss": 0.07189086894989014, "accuracy": 0.1221}
{"round": 2, "loss": 0.07155331819057464, "accuracy": 0.2109}
{"round": 3, "loss": 0.07099287161827088, "accuracy": 0.2708}
{"round": 4, "loss": 0.07004889600276946, "accuracy": 0.3366}
{"round": 5, "loss": 0.06865956356525421, "accuracy": 0.4519}
{"round": 6, "loss": 0.06614434332847595, "accuracy": 0.4967}
{"round": 7, "loss": 0.06230794966220856, "accuracy": 0.5845}
{"round": 8, "loss": 0.057743495774269106, "accuracy": 0.6306}
{"round": 9, "loss": 0.05170636115074158, "accuracy": 0.6653}
{"round": 10, "loss": 0.04570002155303955, "accuracy": 0.6588}
{"round": 11, "loss": 0.04053905534744263, "accuracy": 0.6658}
{"round": 12, "loss": 0.035736373251676556, "accuracy": 0.6814}
{"round": 13, "loss": 0.032104273235797884, "accuracy": 0.6774}
{"round": 14, "loss": 0.02937771944999695, "accuracy": 0.6815}
{"round": 15, "loss": 0.02662745961546898, "accuracy": 0.7143}
{"round": 16, "loss": 0.025619200786948203, "accuracy": 0.7084}
{"round": 17, "loss": 0.023111628463864328, "accuracy": 0.7525}
{"round": 18, "loss": 0.022905849212408066, "accuracy": 0.7447}
{"round": 19, "loss": 0.020644718539714814, "accuracy": 0.7829}
{"round": 20, "loss": 0.01987540991306305, "accuracy": 0.7927}
