{"loss": 0.07637823820114135, "accuracy": 0.10833333333333334}
{"loss": 0.07560827136039734, "accuracy": 0.25416666666666665}
{"loss": 0.07461620668570201, "accuracy": 0.2875}
{"loss": 0.07316437065601349, "accuracy": 0.2833333333333333}
{"loss": 0.07097885807355245, "accuracy": 0.39166666666666666}
{"loss": 0.06769946515560149, "accuracy": 0.4083333333333333}
{"loss": 0.06318613837162654, "accuracy": 0.475}
{"loss": 0.05832142581542333, "accuracy": 0.4458333333333333}
{"loss": 0.051740039388338724, "accuracy": 0.5666666666666667}
{"loss": 0.04698468695084254, "accuracy": 0.5708333333333333}
{"loss": 0.0441042959690094, "accuracy": 0.5916666666666667}
{"loss": 0.04094524085521698, "accuracy": 0.5916666666666667}
{"loss": 0.04034381459156672, "accuracy": 0.575}
{"loss": 0.037026930848757425, "accuracy": 0.6125}
{"loss": 0.03563213720917702, "accuracy": 0.6499999999999999}
{"loss": 0.03430614396929741, "accuracy": 0.6208333333333333}
{"loss": 0.034947195649147035, "accuracy": 0.6625000000000001}
{"loss": 0.030905217925707495, "accuracy": 0.6833333333333333}
{"loss": 0.03259810184439023, "accuracy": 0.6625000000000001}
{"loss": 0.029910074174404146, "accuracy": 0.7291666666666666}
