{"round": 0, "loss": 0.07224980416297913, "accuracy": 0.0822}
{"round": 1, "loss": 0.07151502916812896, "accuracy": 0.1648}
{"round": 2, "loss": 0.07072564265727997, "accuracy": 0.3008}
{"round": 3, "loss": 0.06968742961883545, "accuracy": 0.3198}
{"round": 4, "loss": 0.06792216475009918, "accuracy": 0.3526}
{"round": 5, "loss": 0.0655066364645958, "accuracy": 0.4491}
{"round": 6, "loss": 0.06172426431179047, "accuracy": 0.4899}
{"round": 7, "loss": 0.056911212825775145, "accuracy": 0.5505}
{"round": 8, "loss": 0.05106611009836197, "accuracy": 0.5239}
{"round": 9, "loss": 0.044420659744739535, "accuracy": 0.6389}
{"round": 10, "loss": 0.039476125371456144, "accuracy": 0.6285}
{"round": 11, "loss": 0.03647924674749375, "accuracy": 0.6567}
{"round": 12, "loss": 0.03354567336440086, "accuracy": 0.666}
{"round": 13, "loss": 0.031951030707359315, "accuracy": 0.6466}
{"round": 14, "loss": 0.029140535014867783, "accuracy": 0.7024}
{"round": 15, "loss": 0.02872600088119507, "accuracy": 0.6846}
{"round": 16, "loss": 0.027016093185544016, "accuracy": 0.7055}
{"round": 17, "loss": 0.02736211429834366, "accuracy": 0.7086}
{"round": 18, "loss": 0.02475656216740608, "accuracy": 0.7262}
{"round": 19, "loss": 0.026080541875958443, "accuracy": 0.7207}
{"round": 20, "loss": 0.023654374906420708, "accuracy": 0.7423}
