{"loss": 0.07654584348201751, "accuracy": 0.15416666666666667}
{"loss": 0.0761320392290751, "accuracy": 0.13333333333333333}
{"loss": 0.07505544225374858, "accuracy": 0.20416666666666666}
{"loss": 0.07286685109138488, "accuracy": 0.3458333333333333}
{"loss": 0.06824540694554647, "accuracy": 0.41666666666666663}
{"loss": 0.06033864319324493, "accuracy": 0.49583333333333335}
{"loss": 0.05256354957818985, "accuracy": 0.5166666666666666}
{"loss": 0.04923988580703735, "accuracy": 0.5291666666666667}
{"loss": 0.05063434441884359, "accuracy": 0.5583333333333333}
{"loss": 0.05683338642120361, "accuracy": 0.5625}
{"loss": 0.06821841349204381, "accuracy": 0.5541666666666667}
{"loss": 0.08632335662841797, "accuracy": 0.55}
{"loss": 0.11193739275137585, "accuracy": 0.5375000000000001}
{"loss": 0.14956213235855104, "accuracy": 0.5208333333333334}
{"loss": 0.19873176415761312, "accuracy": 0.5041666666666667}
{"loss": 0.2612226943174998, "accuracy": 0.47916666666666663}
{"loss": 0.3437005758285523, "accuracy": 0.44166666666666665}
{"loss": 0.44921199083328245, "accuracy": 0.44166666666666665}
{"loss": 0.5816186706225077, "accuracy": 0.425}
{"loss": 0.7400463581085205, "accuracy": 0.4041666666666667}
