{"round": 0, "loss": 0.07214015040397644, "accuracy": 0.0988, "preccision": 0.05287489032142538, "recall": 0.0988, "f1": 0.022887375648145417}
{"round": 1, "loss": 0.07187683646678925, "accuracy": 0.1223, "preccision": 0.06999021352384187, "recall": 0.1223, "f1": 0.06027289293599481}
{"round": 2, "loss": 0.07139824061393737, "accuracy": 0.1548, "preccision": 0.24275936169358137, "recall": 0.1548, "f1": 0.09211772470725346}
{"round": 3, "loss": 0.07020975720882416, "accuracy": 0.2573, "preccision": 0.4414708175054201, "recall": 0.2573, "f1": 0.18906662633190296}
{"round": 4, "loss": 0.06773622379302978, "accuracy": 0.3739, "preccision": 0.4307080106134639, "recall": 0.3739, "f1": 0.3041866428851738}
{"round": 5, "loss": 0.06271824551820755, "accuracy": 0.4325, "preccision": 0.498751517359557, "recall": 0.4325, "f1": 0.3681001566569464}
{"round": 6, "loss": 0.054723144567012785, "accuracy": 0.5132, "preccision": 0.46617976422911533, "recall": 0.5132, "f1": 0.4568295287793612}
{"round": 7, "loss": 0.0466565717458725, "accuracy": 0.5261, "preccision": 0.5581322172757375, "recall": 0.5261, "f1": 0.4662302885230168}
{"round": 8, "loss": 0.04191122733950615, "accuracy": 0.5583, "preccision": 0.549004933197804, "recall": 0.5583, "f1": 0.5183002327110773}
{"round": 9, "loss": 0.0420604507625103, "accuracy": 0.5903, "preccision": 0.5623587282878906, "recall": 0.5903, "f1": 0.5611456940949288}
{"round": 10, "loss": 0.04665298457741737, "accuracy": 0.6068, "preccision": 0.5835386762516217, "recall": 0.6068, "f1": 0.5869517659719904}
{"round": 11, "loss": 0.05636888276338577, "accuracy": 0.605, "preccision": 0.585724828720573, "recall": 0.605, "f1": 0.5901772608987742}
{"round": 12, "loss": 0.07191725356578826, "accuracy": 0.5953, "preccision": 0.5813638426361094, "recall": 0.5953, "f1": 0.5839848633591486}
{"round": 13, "loss": 0.0934491683125496, "accuracy": 0.5783, "preccision": 0.5701654325123835, "recall": 0.5783, "f1": 0.5719882671438805}
{"round": 14, "loss": 0.12494281719326973, "accuracy": 0.5613, "preccision": 0.5563229659091634, "recall": 0.5613, "f1": 0.5568218169911534}
{"round": 15, "loss": 0.1669020876288414, "accuracy": 0.5434, "preccision": 0.5407042914846322, "recall": 0.5434, "f1": 0.5404999677469631}
{"round": 16, "loss": 0.22148528343439103, "accuracy": 0.5217, "preccision": 0.5215557329709701, "recall": 0.5217, "f1": 0.5203094340289226}
{"round": 17, "loss": 0.2924168570756912, "accuracy": 0.5018, "preccision": 0.5002552753289115, "recall": 0.5018, "f1": 0.49978588163604837}
{"round": 18, "loss": 0.38160436549186705, "accuracy": 0.4843, "preccision": 0.4842937388238304, "recall": 0.4843, "f1": 0.48269237109998175}
{"round": 19, "loss": 0.4918581618309021, "accuracy": 0.4684, "preccision": 0.46950301505402847, "recall": 0.4684, "f1": 0.46691673866912986}
{"round": 20, "loss": 0.6240820026397705, "accuracy": 0.4546, "preccision": 0.45569580293299816, "recall": 0.4546, "f1": 0.4536884172948968}
