{"loss": 0.07632952690124511, "accuracy": 0.17116666666666663}
{"loss": 0.07557577617963156, "accuracy": 0.16766666666666663}
{"loss": 0.07375990815957385, "accuracy": 0.263}
{"loss": 0.06994897824525832, "accuracy": 0.36966666666666675}
{"loss": 0.06311515663067499, "accuracy": 0.46833333333333327}
{"loss": 0.054317972064018255, "accuracy": 0.5053333333333332}
{"loss": 0.04745897111296654, "accuracy": 0.5299999999999999}
{"loss": 0.044324897517760586, "accuracy": 0.5509999999999999}
{"loss": 0.04358566046754519, "accuracy": 0.5873333333333334}
{"loss": 0.04597348373134931, "accuracy": 0.6100000000000001}
{"loss": 0.051555212666591015, "accuracy": 0.6221666666666666}
{"loss": 0.06055247430006662, "accuracy": 0.6253333333333333}
{"loss": 0.07342594111959139, "accuracy": 0.6201666666666665}
{"loss": 0.09060785794258117, "accuracy": 0.6128333333333333}
{"loss": 0.11276113118728004, "accuracy": 0.6053333333333333}
{"loss": 0.14106608740488688, "accuracy": 0.5976666666666666}
{"loss": 0.17716985185941062, "accuracy": 0.5898333333333333}
{"loss": 0.2219653067588806, "accuracy": 0.5769999999999998}
{"loss": 0.27750256192684175, "accuracy": 0.5661666666666667}
{"loss": 0.3452588742574056, "accuracy": 0.5548333333333334}
