{"round": 0, "loss": 0.07207710530757903, "accuracy": 0.1028, "preccision": 0.010569953990798159, "recall": 0.1028, "f1": 0.019168946127335388}
{"round": 1, "loss": 0.07163890416622162, "accuracy": 0.1788, "preccision": 0.040346337825067725, "recall": 0.1788, "f1": 0.06194940361214221}
{"round": 2, "loss": 0.07093017780780793, "accuracy": 0.1702, "preccision": 0.18337825153355405, "recall": 0.1702, "f1": 0.1043841471022723}
{"round": 3, "loss": 0.06923214409351348, "accuracy": 0.2644, "preccision": 0.3541636557252678, "recall": 0.2644, "f1": 0.1676717594349994}
{"round": 4, "loss": 0.0656543666601181, "accuracy": 0.3732, "preccision": 0.43347555335167665, "recall": 0.3732, "f1": 0.29953839912054325}
{"round": 5, "loss": 0.05915708957910538, "accuracy": 0.4661, "preccision": 0.4979745539214245, "recall": 0.4661, "f1": 0.42353068967282753}
{"round": 6, "loss": 0.050725560438632966, "accuracy": 0.5073, "preccision": 0.5278036344632404, "recall": 0.5073, "f1": 0.4751745432674804}
{"round": 7, "loss": 0.044019785195589065, "accuracy": 0.5352, "preccision": 0.5496334469341485, "recall": 0.5352, "f1": 0.5059100812640733}
{"round": 8, "loss": 0.04086896167397499, "accuracy": 0.5621, "preccision": 0.5666201705722935, "recall": 0.5621, "f1": 0.5362205215349766}
{"round": 9, "loss": 0.04032327789068222, "accuracy": 0.5886, "preccision": 0.5840551640484214, "recall": 0.5886, "f1": 0.5694304146961853}
{"round": 10, "loss": 0.042759825950860975, "accuracy": 0.6077, "preccision": 0.5987971819319967, "recall": 0.6077, "f1": 0.593787132666418}
{"round": 11, "loss": 0.04816357351541519, "accuracy": 0.6171, "preccision": 0.60697681881744, "recall": 0.6171, "f1": 0.6067187212734667}
{"round": 12, "loss": 0.05669429095983505, "accuracy": 0.6213, "preccision": 0.6118041585739421, "recall": 0.6213, "f1": 0.6132360479838255}
{"round": 13, "loss": 0.06870616991519927, "accuracy": 0.6208, "preccision": 0.6125691758252627, "recall": 0.6208, "f1": 0.6142078207591296}
{"round": 14, "loss": 0.08459120240211487, "accuracy": 0.618, "preccision": 0.6111589691951956, "recall": 0.618, "f1": 0.6125447424900171}
{"round": 15, "loss": 0.10511175952553749, "accuracy": 0.6097, "preccision": 0.6044248761245159, "recall": 0.6097, "f1": 0.605634912813135}
{"round": 16, "loss": 0.13130055887699127, "accuracy": 0.602, "preccision": 0.5976523094360416, "recall": 0.602, "f1": 0.5986962821239984}
{"round": 17, "loss": 0.1644784476161003, "accuracy": 0.5929, "preccision": 0.5892334780198093, "recall": 0.5929, "f1": 0.5900161143995706}
{"round": 18, "loss": 0.20581974992752075, "accuracy": 0.5798, "preccision": 0.5760060936895797, "recall": 0.5798, "f1": 0.5769061171682417}
{"round": 19, "loss": 0.2567158358335495, "accuracy": 0.5678, "preccision": 0.5648274212328236, "recall": 0.5678, "f1": 0.5653506869884415}
{"round": 20, "loss": 0.3186784690141678, "accuracy": 0.5567, "preccision": 0.5545870997131906, "recall": 0.5567, "f1": 0.5548273409954891}
