{"loss": 0.07635862231254578, "accuracy": 0.15666666666666668}
{"loss": 0.0755776035785675, "accuracy": 0.2316666666666667}
{"loss": 0.07452964226404826, "accuracy": 0.2983333333333333}
{"loss": 0.0728952169418335, "accuracy": 0.30833333333333335}
{"loss": 0.0705468984444936, "accuracy": 0.4583333333333333}
{"loss": 0.06701401154200236, "accuracy": 0.5483333333333335}
{"loss": 0.06213268597920736, "accuracy": 0.61}
{"loss": 0.056826812028884885, "accuracy": 0.615}
{"loss": 0.0520310890674591, "accuracy": 0.6016666666666668}
{"loss": 0.04697393953800201, "accuracy": 0.615}
{"loss": 0.04295076648394267, "accuracy": 0.6183333333333334}
{"loss": 0.0400894483923912, "accuracy": 0.6066666666666667}
{"loss": 0.03671080768108368, "accuracy": 0.6533333333333333}
{"loss": 0.03472824215888977, "accuracy": 0.6683333333333333}
{"loss": 0.03268727421760559, "accuracy": 0.6633333333333333}
{"loss": 0.029399237533410387, "accuracy": 0.7066666666666667}
{"loss": 0.030597302814324694, "accuracy": 0.6766666666666667}
{"loss": 0.027356419811646143, "accuracy": 0.7183333333333334}
{"loss": 0.02792948767542839, "accuracy": 0.7183333333333333}
{"loss": 0.025735096335411066, "accuracy": 0.735}
