{"round": 0, "loss": 0.07237841854095459, "accuracy": 0.0628}
{"round": 1, "loss": 0.07161621530056, "accuracy": 0.1692}
{"round": 2, "loss": 0.07084067740440368, "accuracy": 0.2593}
{"round": 3, "loss": 0.06974081897735596, "accuracy": 0.3438}
{"round": 4, "loss": 0.06810077183246613, "accuracy": 0.3458}
{"round": 5, "loss": 0.06570313608646393, "accuracy": 0.5078}
{"round": 6, "loss": 0.062153869020938876, "accuracy": 0.5823}
{"round": 7, "loss": 0.05717899498939514, "accuracy": 0.6333}
{"round": 8, "loss": 0.051751733207702634, "accuracy": 0.6423}
{"round": 9, "loss": 0.04667695024013519, "accuracy": 0.6331}
{"round": 10, "loss": 0.04163126941919327, "accuracy": 0.6543}
{"round": 11, "loss": 0.0376097027361393, "accuracy": 0.6608}
{"round": 12, "loss": 0.03466054776906967, "accuracy": 0.6533}
{"round": 13, "loss": 0.03142824075222015, "accuracy": 0.6955}
{"round": 14, "loss": 0.029179750871658326, "accuracy": 0.7057}
{"round": 15, "loss": 0.027738353276252747, "accuracy": 0.7078}
{"round": 16, "loss": 0.024731499797105788, "accuracy": 0.7523}
{"round": 17, "loss": 0.02567005634903908, "accuracy": 0.7196}
{"round": 18, "loss": 0.022601448476314543, "accuracy": 0.7758}
{"round": 19, "loss": 0.02309632715880871, "accuracy": 0.7558}
{"round": 20, "loss": 0.02134327999651432, "accuracy": 0.782}
