{"loss": 0.0762905647357305, "accuracy": 0.12083333333333333}
{"loss": 0.07505861520767212, "accuracy": 0.13333333333333333}
{"loss": 0.07265709936618805, "accuracy": 0.26666666666666666}
{"loss": 0.06797881772120794, "accuracy": 0.37083333333333335}
{"loss": 0.0603691632548968, "accuracy": 0.4666666666666667}
{"loss": 0.05193665424982707, "accuracy": 0.5333333333333333}
{"loss": 0.046688176691532135, "accuracy": 0.5291666666666667}
{"loss": 0.04819148580233256, "accuracy": 0.5416666666666666}
{"loss": 0.05589051147301992, "accuracy": 0.5333333333333333}
{"loss": 0.07061684876680374, "accuracy": 0.5666666666666667}
{"loss": 0.09142516255378723, "accuracy": 0.5458333333333334}
{"loss": 0.12142048974831898, "accuracy": 0.55}
{"loss": 0.15964334408442177, "accuracy": 0.525}
{"loss": 0.2100113332271576, "accuracy": 0.5}
{"loss": 0.27379852135976157, "accuracy": 0.48750000000000004}
{"loss": 0.3566245814164479, "accuracy": 0.4791666666666667}
{"loss": 0.4609269181887309, "accuracy": 0.4666666666666667}
{"loss": 0.5883637269337972, "accuracy": 0.44166666666666665}
{"loss": 0.7433881759643555, "accuracy": 0.43333333333333335}
{"loss": 0.9307650248209636, "accuracy": 0.41666666666666663}
