{"round": 0, "loss": 0.07224980416297913, "accuracy": 0.0822, "preccision": 0.02989568020298709, "recall": 0.0822, "f1": 0.03414983823501607}
{"round": 1, "loss": 0.07148500185012817, "accuracy": 0.1525, "preccision": 0.20392193426638597, "recall": 0.1525, "f1": 0.07084423136759037}
{"round": 2, "loss": 0.07029155325889587, "accuracy": 0.1589, "preccision": 0.22384716544027078, "recall": 0.1589, "f1": 0.08599068048930628}
{"round": 3, "loss": 0.06790318036079407, "accuracy": 0.2609, "preccision": 0.3457205185146907, "recall": 0.2609, "f1": 0.15849219098813952}
{"round": 4, "loss": 0.06298165043592453, "accuracy": 0.3808, "preccision": 0.5356454475428958, "recall": 0.3808, "f1": 0.28732361234189735}
{"round": 5, "loss": 0.05486058492660523, "accuracy": 0.4653, "preccision": 0.5675872549556652, "recall": 0.4653, "f1": 0.41138182376095295}
{"round": 6, "loss": 0.04577994432449341, "accuracy": 0.5463, "preccision": 0.5727411037103187, "recall": 0.5463, "f1": 0.5080756315432527}
{"round": 7, "loss": 0.04020894098877907, "accuracy": 0.5736, "preccision": 0.580768134040692, "recall": 0.5736, "f1": 0.5459887410852611}
{"round": 8, "loss": 0.04121272639632225, "accuracy": 0.5855, "preccision": 0.590062993966754, "recall": 0.5855, "f1": 0.5645554379684132}
{"round": 9, "loss": 0.04747945868372917, "accuracy": 0.5958, "preccision": 0.5974782031583566, "recall": 0.5958, "f1": 0.5824480237051952}
{"round": 10, "loss": 0.059353241872787475, "accuracy": 0.5975, "preccision": 0.5961447195171425, "recall": 0.5975, "f1": 0.587953228992837}
{"round": 11, "loss": 0.07749682348966598, "accuracy": 0.5884, "preccision": 0.5885346509862218, "recall": 0.5884, "f1": 0.5809375872918353}
{"round": 12, "loss": 0.10377087137699127, "accuracy": 0.5756, "preccision": 0.5758299423048415, "recall": 0.5756, "f1": 0.5691987666437812}
{"round": 13, "loss": 0.13807412883043288, "accuracy": 0.5604, "preccision": 0.5575310130776527, "recall": 0.5604, "f1": 0.5543177716131981}
{"round": 14, "loss": 0.18617142114639282, "accuracy": 0.5396, "preccision": 0.5390997043538238, "recall": 0.5396, "f1": 0.5336965903338955}
{"round": 15, "loss": 0.24756240084171297, "accuracy": 0.5207, "preccision": 0.5200280706465027, "recall": 0.5207, "f1": 0.5152442774057334}
{"round": 16, "loss": 0.3250828469753265, "accuracy": 0.5057, "preccision": 0.5049998612095614, "recall": 0.5057, "f1": 0.5005459153975529}
{"round": 17, "loss": 0.4216079524040222, "accuracy": 0.4894, "preccision": 0.4905631225848393, "recall": 0.4894, "f1": 0.4856902997429189}
{"round": 18, "loss": 0.5378917543411255, "accuracy": 0.4746, "preccision": 0.4758309273936955, "recall": 0.4746, "f1": 0.47192142681930416}
{"round": 19, "loss": 0.6828623357772827, "accuracy": 0.4611, "preccision": 0.46158955567492105, "recall": 0.4611, "f1": 0.4579208128892503}
{"round": 20, "loss": 0.8536423739433289, "accuracy": 0.4523, "preccision": 0.4512322824112687, "recall": 0.4523, "f1": 0.44914552852678236}
