{"loss": 0.07601938744386037, "accuracy": 0.17916666666666664}
{"loss": 0.07495931486288707, "accuracy": 0.16666666666666666}
{"loss": 0.07264925042788188, "accuracy": 0.15416666666666667}
{"loss": 0.06879235804080963, "accuracy": 0.3625}
{"loss": 0.06299808919429778, "accuracy": 0.4375}
{"loss": 0.05662181228399277, "accuracy": 0.4458333333333333}
{"loss": 0.05355872909228007, "accuracy": 0.4666666666666667}
{"loss": 0.05502150505781174, "accuracy": 0.48750000000000004}
{"loss": 0.06230805019537608, "accuracy": 0.4833333333333333}
{"loss": 0.07721225023269654, "accuracy": 0.5}
{"loss": 0.09920921524365743, "accuracy": 0.4916666666666667}
{"loss": 0.12925063967704772, "accuracy": 0.45833333333333337}
{"loss": 0.16989117960135142, "accuracy": 0.4375}
{"loss": 0.2225938121477763, "accuracy": 0.42083333333333334}
{"loss": 0.28924407958984377, "accuracy": 0.425}
{"loss": 0.36969052751859033, "accuracy": 0.39583333333333337}
{"loss": 0.46305917898813886, "accuracy": 0.37916666666666665}
{"loss": 0.5764923493067424, "accuracy": 0.375}
{"loss": 0.7147224386533101, "accuracy": 0.37083333333333335}
{"loss": 0.8779302597045898, "accuracy": 0.36666666666666664}
