{"round": 0, "loss": 0.07212486484050751, "accuracy": 0.0958, "preccision": 0.009177639999999999, "recall": 0.0958, "f1": 0.0167505749224311}
{"round": 1, "loss": 0.07151304888725281, "accuracy": 0.1512, "preccision": 0.13457810879735552, "recall": 0.1512, "f1": 0.08116691563643436}
{"round": 2, "loss": 0.0705265259027481, "accuracy": 0.1151, "preccision": 0.34105694874217063, "recall": 0.1151, "f1": 0.04505111455210504}
{"round": 3, "loss": 0.0682320568561554, "accuracy": 0.1337, "preccision": 0.5566481075847605, "recall": 0.1337, "f1": 0.0784720848111683}
{"round": 4, "loss": 0.06380033729076386, "accuracy": 0.3485, "preccision": 0.5620462001263101, "recall": 0.3485, "f1": 0.32558824266530817}
{"round": 5, "loss": 0.05656942182779312, "accuracy": 0.4942, "preccision": 0.5758083535340138, "recall": 0.4942, "f1": 0.44580546846893915}
{"round": 6, "loss": 0.048419521808624265, "accuracy": 0.5224, "preccision": 0.540771572025461, "recall": 0.5224, "f1": 0.4709439117891943}
{"round": 7, "loss": 0.04368598479628563, "accuracy": 0.5325, "preccision": 0.5343227727371521, "recall": 0.5325, "f1": 0.48481211355523585}
{"round": 8, "loss": 0.04286592171788216, "accuracy": 0.5551, "preccision": 0.5425759399019998, "recall": 0.5551, "f1": 0.5145229090838863}
{"round": 9, "loss": 0.047211946415901186, "accuracy": 0.5635, "preccision": 0.5543456797121294, "recall": 0.5635, "f1": 0.532682345308497}
{"round": 10, "loss": 0.0567201507806778, "accuracy": 0.561, "preccision": 0.5566914706624748, "recall": 0.561, "f1": 0.53766008357774}
{"round": 11, "loss": 0.07160436680316926, "accuracy": 0.5516, "preccision": 0.5497705492757113, "recall": 0.5516, "f1": 0.5341830673807599}
{"round": 12, "loss": 0.09240163637399673, "accuracy": 0.5407, "preccision": 0.5393337571607252, "recall": 0.5407, "f1": 0.527287347325864}
{"round": 13, "loss": 0.12157826821804046, "accuracy": 0.5271, "preccision": 0.5296262264227767, "recall": 0.5271, "f1": 0.5185229488455121}
{"round": 14, "loss": 0.15844962898492812, "accuracy": 0.5161, "preccision": 0.519311861481791, "recall": 0.5161, "f1": 0.5092364949613745}
{"round": 15, "loss": 0.20679539289474488, "accuracy": 0.5014, "preccision": 0.5053940783784213, "recall": 0.5014, "f1": 0.495422469612229}
{"round": 16, "loss": 0.26504709169864654, "accuracy": 0.4899, "preccision": 0.4950430360332568, "recall": 0.4899, "f1": 0.48570896090909665}
{"round": 17, "loss": 0.3386576120853424, "accuracy": 0.4762, "preccision": 0.48003185632284523, "recall": 0.4762, "f1": 0.4721480952496907}
{"round": 18, "loss": 0.4278213804721832, "accuracy": 0.4649, "preccision": 0.46997443056516075, "recall": 0.4649, "f1": 0.46199707446797683}
{"round": 19, "loss": 0.5375906530380249, "accuracy": 0.4517, "preccision": 0.45385577231094915, "recall": 0.4517, "f1": 0.44792703891449936}
{"round": 20, "loss": 0.670284920501709, "accuracy": 0.4416, "preccision": 0.4431152481464054, "recall": 0.4416, "f1": 0.43805498196223064}
