{"loss": 0.07652005791664122, "accuracy": 0.17783333333333334}
{"loss": 0.07623618817329407, "accuracy": 0.1706666666666667}
{"loss": 0.07581670872370401, "accuracy": 0.18633333333333335}
{"loss": 0.07509472894668581, "accuracy": 0.23499999999999993}
{"loss": 0.07380659711360933, "accuracy": 0.30783333333333335}
{"loss": 0.07168136624495189, "accuracy": 0.40083333333333326}
{"loss": 0.06832656596104304, "accuracy": 0.47416666666666657}
{"loss": 0.06381243622303008, "accuracy": 0.4928333333333332}
{"loss": 0.05827427464723587, "accuracy": 0.5339999999999999}
{"loss": 0.052498783946037283, "accuracy": 0.5583333333333332}
{"loss": 0.04705299385388691, "accuracy": 0.5901666666666668}
{"loss": 0.042561208158731476, "accuracy": 0.6073333333333334}
{"loss": 0.038712341070175176, "accuracy": 0.634}
{"loss": 0.035463315347830454, "accuracy": 0.6583333333333333}
{"loss": 0.032550459116697315, "accuracy": 0.6803333333333335}
{"loss": 0.030544782946507146, "accuracy": 0.6956666666666664}
{"loss": 0.02880826118091743, "accuracy": 0.7064999999999999}
{"loss": 0.027384794419010473, "accuracy": 0.7146666666666666}
{"loss": 0.026217263797918954, "accuracy": 0.7276666666666667}
{"loss": 0.0252778106679519, "accuracy": 0.7331666666666667}
