{"round": 0, "loss": 0.07210463590621949, "accuracy": 0.0953}
{"round": 1, "loss": 0.07186896159648895, "accuracy": 0.1734}
{"round": 2, "loss": 0.07159828512668609, "accuracy": 0.1688}
{"round": 3, "loss": 0.07119816327095031, "accuracy": 0.182}
{"round": 4, "loss": 0.0705143798828125, "accuracy": 0.2317}
{"round": 5, "loss": 0.06929341201782227, "accuracy": 0.3106}
{"round": 6, "loss": 0.06727355065345764, "accuracy": 0.4093}
{"round": 7, "loss": 0.06408263396024703, "accuracy": 0.481}
{"round": 8, "loss": 0.059789694583415987, "accuracy": 0.5054}
{"round": 9, "loss": 0.05448116947412491, "accuracy": 0.5508}
{"round": 10, "loss": 0.04892519195079804, "accuracy": 0.5737}
{"round": 11, "loss": 0.04364941775202751, "accuracy": 0.6042}
{"round": 12, "loss": 0.03926340639591217, "accuracy": 0.6263}
{"round": 13, "loss": 0.035497962868213655, "accuracy": 0.6549}
{"round": 14, "loss": 0.03238823013305664, "accuracy": 0.6767}
{"round": 15, "loss": 0.02969194623827934, "accuracy": 0.6976}
{"round": 16, "loss": 0.02777715313434601, "accuracy": 0.7137}
{"round": 17, "loss": 0.026175714272260665, "accuracy": 0.7211}
{"round": 18, "loss": 0.024846311473846437, "accuracy": 0.7299}
{"round": 19, "loss": 0.023778767693042754, "accuracy": 0.7402}
{"round": 20, "loss": 0.02286231077313423, "accuracy": 0.7501}
