{"loss": 0.07637585608164468, "accuracy": 0.11683333333333332}
{"loss": 0.07595222731431325, "accuracy": 0.22466666666666668}
{"loss": 0.07526907885074616, "accuracy": 0.3608333333333333}
{"loss": 0.0740734380086263, "accuracy": 0.3691666666666667}
{"loss": 0.07210156047344207, "accuracy": 0.41783333333333333}
{"loss": 0.06900406348705293, "accuracy": 0.48133333333333334}
{"loss": 0.06457241445779799, "accuracy": 0.5528333333333333}
{"loss": 0.058984664936860394, "accuracy": 0.591}
{"loss": 0.05290472749869026, "accuracy": 0.6331666666666667}
{"loss": 0.04697325885709791, "accuracy": 0.6505208333333332}
{"loss": 0.0419759259223938, "accuracy": 0.6636666666666668}
{"loss": 0.037701516578594836, "accuracy": 0.6863333333333336}
{"loss": 0.03406444213787714, "accuracy": 0.7151666666666668}
{"loss": 0.03132401191194853, "accuracy": 0.7203333333333336}
{"loss": 0.028743913680315022, "accuracy": 0.740166666666667}
{"loss": 0.02662146345774332, "accuracy": 0.7556666666666666}
{"loss": 0.0251167547305425, "accuracy": 0.7565}
{"loss": 0.024070681691169743, "accuracy": 0.7649999999999997}
{"loss": 0.023062010367711383, "accuracy": 0.7726666666666666}
{"loss": 0.022279432177543645, "accuracy": 0.7811666666666666}
