{"round": 0, "loss": 0.0721090440750122, "accuracy": 0.0788}
{"round": 1, "loss": 0.07170246067047119, "accuracy": 0.1142}
{"round": 2, "loss": 0.0712978547334671, "accuracy": 0.2261}
{"round": 3, "loss": 0.07064417238235474, "accuracy": 0.3702}
{"round": 4, "loss": 0.0694974667787552, "accuracy": 0.3727}
{"round": 5, "loss": 0.06761648824214936, "accuracy": 0.4221}
{"round": 6, "loss": 0.0646533866405487, "accuracy": 0.4945}
{"round": 7, "loss": 0.06041918071508408, "accuracy": 0.5663}
{"round": 8, "loss": 0.055083228409290315, "accuracy": 0.6055}
{"round": 9, "loss": 0.0492591718673706, "accuracy": 0.6491}
{"round": 10, "loss": 0.04356249815225601, "accuracy": 0.6676}
{"round": 11, "loss": 0.038663994431495666, "accuracy": 0.6854}
{"round": 12, "loss": 0.034476811385154724, "accuracy": 0.7088}
{"round": 13, "loss": 0.030940689158439637, "accuracy": 0.7331}
{"round": 14, "loss": 0.028284626081585884, "accuracy": 0.7398}
{"round": 15, "loss": 0.02584984960258007, "accuracy": 0.7565}
{"round": 16, "loss": 0.0238441935390234, "accuracy": 0.7691}
{"round": 17, "loss": 0.02246026571691036, "accuracy": 0.7732}
{"round": 18, "loss": 0.021432646051049234, "accuracy": 0.781}
{"round": 19, "loss": 0.020513462209701537, "accuracy": 0.7874}
{"round": 20, "loss": 0.01976482740342617, "accuracy": 0.7951}
