{"loss": 0.07619479318459829, "accuracy": 0.2066666666666667}
{"loss": 0.07528787036736807, "accuracy": 0.2925}
{"loss": 0.07603878249724706, "accuracy": 0.2325}
{"loss": 0.08085283905267716, "accuracy": 0.3116666666666667}
{"loss": 0.12013446122407911, "accuracy": 0.3391666666666667}
{"loss": 0.2165349183479945, "accuracy": 0.32999999999999996}
{"loss": 0.39207216580708826, "accuracy": 0.3275}
{"loss": 0.6919287983576456, "accuracy": 0.31}
{"loss": 1.1721471961339314, "accuracy": 0.2975}
{"loss": 1.916920874913534, "accuracy": 0.2866666666666666}
{"loss": 3.0084124056498207, "accuracy": 0.2883333333333333}
{"loss": 4.555923671722413, "accuracy": 0.28250000000000003}
{"loss": 6.687052675882976, "accuracy": 0.285}
{"loss": 9.544241574605305, "accuracy": 0.2875}
{"loss": 13.310088895161948, "accuracy": 0.29}
{"loss": 18.164532979329426, "accuracy": 0.2958333333333333}
{"loss": 24.319709091186525, "accuracy": 0.29166666666666663}
{"loss": 31.996794128417967, "accuracy": 0.29083333333333333}
{"loss": 41.512054443359375, "accuracy": 0.2941666666666667}
{"loss": 53.2692094930013, "accuracy": 0.29333333333333333}
