{"round": 0, "loss": 0.07204539165496826, "accuracy": 0.1096, "preccision": 0.09697667574561834, "recall": 0.1096, "f1": 0.06719632393106954}
{"round": 1, "loss": 0.07139303221702575, "accuracy": 0.2017, "preccision": 0.15446116029910098, "recall": 0.2017, "f1": 0.09004599870029925}
{"round": 2, "loss": 0.07026373167037964, "accuracy": 0.2892, "preccision": 0.22609823410773497, "recall": 0.2892, "f1": 0.21516531747455805}
{"round": 3, "loss": 0.07094455848932266, "accuracy": 0.2394, "preccision": 0.2348224430108758, "recall": 0.2394, "f1": 0.19089106734811745}
{"round": 4, "loss": 0.07583812001943588, "accuracy": 0.3133, "preccision": 0.29365692296574286, "recall": 0.3133, "f1": 0.26808781447991786}
{"round": 5, "loss": 0.11411995249986649, "accuracy": 0.3463, "preccision": 0.29831110701450764, "recall": 0.3463, "f1": 0.3030546980414299}
{"round": 6, "loss": 0.20519125196933746, "accuracy": 0.3441, "preccision": 0.30980483623473964, "recall": 0.3441, "f1": 0.31629480945983046}
{"round": 7, "loss": 0.3706809059619904, "accuracy": 0.3339, "preccision": 0.31296749643213445, "recall": 0.3339, "f1": 0.3166643523700347}
{"round": 8, "loss": 0.6535971720695496, "accuracy": 0.322, "preccision": 0.3102748991501757, "recall": 0.322, "f1": 0.30997229723150255}
{"round": 9, "loss": 1.1033292385101319, "accuracy": 0.3194, "preccision": 0.3141159651991048, "recall": 0.3194, "f1": 0.3109734554009959}
{"round": 10, "loss": 1.8013456014633178, "accuracy": 0.3132, "preccision": 0.31192253630623734, "recall": 0.3132, "f1": 0.30635719835858255}
{"round": 11, "loss": 2.819313222885132, "accuracy": 0.3024, "preccision": 0.30617543722697127, "recall": 0.3024, "f1": 0.29831849724097764}
{"round": 12, "loss": 4.247070533752441, "accuracy": 0.2949, "preccision": 0.3018630685210532, "recall": 0.2949, "f1": 0.2925943758452783}
{"round": 13, "loss": 6.2011223335266115, "accuracy": 0.2928, "preccision": 0.30135916943579255, "recall": 0.2928, "f1": 0.29139175875545986}
{"round": 14, "loss": 8.808710816955566, "accuracy": 0.2904, "preccision": 0.30028545442272314, "recall": 0.2904, "f1": 0.2897708827068032}
{"round": 15, "loss": 12.256159146118165, "accuracy": 0.2895, "preccision": 0.29973752669741943, "recall": 0.2895, "f1": 0.28903034332922567}
{"round": 16, "loss": 16.70296791381836, "accuracy": 0.2848, "preccision": 0.29552640215380066, "recall": 0.2848, "f1": 0.2848013793258918}
{"round": 17, "loss": 22.34303725891113, "accuracy": 0.286, "preccision": 0.2992053799338928, "recall": 0.286, "f1": 0.28722787694117585}
{"round": 18, "loss": 29.399852044677733, "accuracy": 0.2847, "preccision": 0.29851219849671273, "recall": 0.2847, "f1": 0.2862271439971532}
{"round": 19, "loss": 38.1544853515625, "accuracy": 0.2845, "preccision": 0.29852540681678424, "recall": 0.2845, "f1": 0.2860410911082561}
{"round": 20, "loss": 48.97214369506836, "accuracy": 0.2851, "preccision": 0.30111682808199375, "recall": 0.2851, "f1": 0.28727806446404763}
