{"loss": 0.0764701517422994, "accuracy": 0.16083333333333333}
{"loss": 0.0758553252617518, "accuracy": 0.20750000000000002}
{"loss": 0.07429007828235626, "accuracy": 0.24333333333333335}
{"loss": 0.07039319723844528, "accuracy": 0.315}
{"loss": 0.0623346425096194, "accuracy": 0.4291666666666667}
{"loss": 0.05112590918938319, "accuracy": 0.5125}
{"loss": 0.04446138247847557, "accuracy": 0.5583333333333333}
{"loss": 0.045313891222079586, "accuracy": 0.5833333333333333}
{"loss": 0.053356070617834726, "accuracy": 0.6066666666666667}
{"loss": 0.0679353881875674, "accuracy": 0.6158333333333333}
{"loss": 0.09086050649483998, "accuracy": 0.615}
{"loss": 0.12510797232389453, "accuracy": 0.6024999999999999}
{"loss": 0.17281107286612193, "accuracy": 0.5908333333333332}
{"loss": 0.23766413450241092, "accuracy": 0.5633333333333334}
{"loss": 0.3238356939951579, "accuracy": 0.5391666666666667}
{"loss": 0.43386830409367877, "accuracy": 0.5258333333333333}
{"loss": 0.5719913053512573, "accuracy": 0.5158333333333334}
{"loss": 0.7425830157597859, "accuracy": 0.5008333333333334}
{"loss": 0.9534867262840271, "accuracy": 0.49000000000000005}
{"loss": 1.2102660449345906, "accuracy": 0.4833333333333333}
