{"round": 0, "loss": 0.07210463590621949, "accuracy": 0.0953, "preccision": 0.08720333535537352, "recall": 0.0953, "f1": 0.06449457672192811}
{"round": 1, "loss": 0.07182272770404816, "accuracy": 0.1515, "preccision": 0.10002461952081179, "recall": 0.1515, "f1": 0.08449103730873207}
{"round": 2, "loss": 0.07124208550453186, "accuracy": 0.2163, "preccision": 0.1814786659549455, "recall": 0.2163, "f1": 0.1512203640287984}
{"round": 3, "loss": 0.06972767202854156, "accuracy": 0.2322, "preccision": 0.34497049323669426, "recall": 0.2322, "f1": 0.14298391059951412}
{"round": 4, "loss": 0.06601007233858108, "accuracy": 0.3128, "preccision": 0.47438540650740163, "recall": 0.3128, "f1": 0.238230825052601}
{"round": 5, "loss": 0.058333591079711915, "accuracy": 0.4416, "preccision": 0.5010501901714604, "recall": 0.4416, "f1": 0.3927143373104216}
{"round": 6, "loss": 0.047801209080219266, "accuracy": 0.5151, "preccision": 0.545117928294993, "recall": 0.5151, "f1": 0.4742861972446224}
{"round": 7, "loss": 0.04197696375846863, "accuracy": 0.5558, "preccision": 0.5615278240227852, "recall": 0.5558, "f1": 0.5248186255266432}
{"round": 8, "loss": 0.04369274578094482, "accuracy": 0.5906, "preccision": 0.5840776770453548, "recall": 0.5906, "f1": 0.5702529563067025}
{"round": 9, "loss": 0.05226502171158791, "accuracy": 0.6028, "preccision": 0.5950803288731412, "recall": 0.6028, "f1": 0.5893044195387331}
{"round": 10, "loss": 0.06745281997323037, "accuracy": 0.6027, "preccision": 0.5958850393553448, "recall": 0.6027, "f1": 0.594195783076838}
{"round": 11, "loss": 0.09094743596315384, "accuracy": 0.5971, "preccision": 0.5904264900483472, "recall": 0.5971, "f1": 0.5910802024273357}
{"round": 12, "loss": 0.1253018940448761, "accuracy": 0.5848, "preccision": 0.5792189927983245, "recall": 0.5848, "f1": 0.579723898679939}
{"round": 13, "loss": 0.17241054513454437, "accuracy": 0.5657, "preccision": 0.5624157034963475, "recall": 0.5657, "f1": 0.5619335242403789}
{"round": 14, "loss": 0.2352943482875824, "accuracy": 0.5492, "preccision": 0.5470555679465089, "recall": 0.5492, "f1": 0.5460005210229951}
{"round": 15, "loss": 0.3164224865436554, "accuracy": 0.5363, "preccision": 0.5351595330480617, "recall": 0.5363, "f1": 0.5334184823675152}
{"round": 16, "loss": 0.41857662444114685, "accuracy": 0.5229, "preccision": 0.5233465064623376, "recall": 0.5229, "f1": 0.5210002949631289}
{"round": 17, "loss": 0.5466055112838745, "accuracy": 0.5104, "preccision": 0.5118986233316845, "recall": 0.5104, "f1": 0.5089733576362614}
{"round": 18, "loss": 0.7054734629631042, "accuracy": 0.5007, "preccision": 0.5026930391386262, "recall": 0.5007, "f1": 0.49923174977608126}
{"round": 19, "loss": 0.8999080830574036, "accuracy": 0.4932, "preccision": 0.4957580036914654, "recall": 0.4932, "f1": 0.491950308715658}
{"round": 20, "loss": 1.1356795570373535, "accuracy": 0.4861, "preccision": 0.48998037558011037, "recall": 0.4861, "f1": 0.48518665378650694}
