{"loss": 0.07650859196980794, "accuracy": 0.11500000000000002}
{"loss": 0.07574100176493326, "accuracy": 0.21166666666666667}
{"loss": 0.07410973111788431, "accuracy": 0.18583333333333335}
{"loss": 0.07098210016886394, "accuracy": 0.315}
{"loss": 0.06506078739960988, "accuracy": 0.4708333333333333}
{"loss": 0.05599598407745361, "accuracy": 0.5425000000000001}
{"loss": 0.046709457884232204, "accuracy": 0.5774999999999999}
{"loss": 0.040778747399648034, "accuracy": 0.6083333333333334}
{"loss": 0.038378263215223946, "accuracy": 0.6408333333333334}
{"loss": 0.040327073882023494, "accuracy": 0.6391666666666667}
{"loss": 0.04613560944795609, "accuracy": 0.6491666666666667}
{"loss": 0.05597678750753403, "accuracy": 0.6458333333333333}
{"loss": 0.06996813813845316, "accuracy": 0.6433333333333333}
{"loss": 0.08906285896897316, "accuracy": 0.6208333333333333}
{"loss": 0.11473911414543787, "accuracy": 0.5983333333333334}
{"loss": 0.14787812918424606, "accuracy": 0.5833333333333333}
{"loss": 0.19001451512177786, "accuracy": 0.5766666666666667}
{"loss": 0.24151053150494897, "accuracy": 0.5599999999999999}
{"loss": 0.30523762087027234, "accuracy": 0.5475}
{"loss": 0.38216714421908066, "accuracy": 0.5399999999999999}
