{"round": 0, "loss": 0.07225919997692108, "accuracy": 0.09, "preccision": 0.01089712700949516, "recall": 0.09, "f1": 0.01639690578512015}
{"round": 1, "loss": 0.07179333992004394, "accuracy": 0.1291, "preccision": 0.18442834023571256, "recall": 0.1291, "f1": 0.0591308122691776}
{"round": 2, "loss": 0.07107859573364257, "accuracy": 0.2022, "preccision": 0.287766996099524, "recall": 0.2022, "f1": 0.10034615716629983}
{"round": 3, "loss": 0.0695744247674942, "accuracy": 0.1857, "preccision": 0.4771238971216614, "recall": 0.1857, "f1": 0.13316329254383372}
{"round": 4, "loss": 0.06666119740009308, "accuracy": 0.3101, "preccision": 0.49471336340893285, "recall": 0.3101, "f1": 0.2902997162005347}
{"round": 5, "loss": 0.061062334561347964, "accuracy": 0.4649, "preccision": 0.5420329610434654, "recall": 0.4649, "f1": 0.41235214264337794}
{"round": 6, "loss": 0.052454634177684784, "accuracy": 0.5483, "preccision": 0.5736585302786115, "recall": 0.5483, "f1": 0.5111246603422613}
{"round": 7, "loss": 0.04375898569822311, "accuracy": 0.5819, "preccision": 0.5785285644906446, "recall": 0.5819, "f1": 0.5535708200496255}
{"round": 8, "loss": 0.03842187626361847, "accuracy": 0.6064, "preccision": 0.5944291193178234, "recall": 0.6064, "f1": 0.5830355117008995}
{"round": 9, "loss": 0.03683801263570786, "accuracy": 0.6243, "preccision": 0.6111134319671256, "recall": 0.6243, "f1": 0.6090082536581143}
{"round": 10, "loss": 0.039199166935682296, "accuracy": 0.6346, "preccision": 0.6242307006939393, "recall": 0.6346, "f1": 0.6245536498738944}
{"round": 11, "loss": 0.04490328722596169, "accuracy": 0.6365, "preccision": 0.6290334570078507, "recall": 0.6365, "f1": 0.6303225772117313}
{"round": 12, "loss": 0.053951885682344436, "accuracy": 0.6342, "preccision": 0.6298733216297207, "recall": 0.6342, "f1": 0.6302982368912817}
{"round": 13, "loss": 0.06645557913184166, "accuracy": 0.6344, "preccision": 0.6312306200559448, "recall": 0.6344, "f1": 0.631661716429562}
{"round": 14, "loss": 0.08334613252282143, "accuracy": 0.6267, "preccision": 0.6254402105362642, "recall": 0.6267, "f1": 0.6251324901368035}
{"round": 15, "loss": 0.10573752924203873, "accuracy": 0.6188, "preccision": 0.6178765354795169, "recall": 0.6188, "f1": 0.6171522300619052}
{"round": 16, "loss": 0.13410061745643614, "accuracy": 0.6087, "preccision": 0.6100007575308486, "recall": 0.6087, "f1": 0.6082050537285479}
{"round": 17, "loss": 0.17000022879838944, "accuracy": 0.5993, "preccision": 0.6021134433630521, "recall": 0.5993, "f1": 0.5992616375796342}
{"round": 18, "loss": 0.2145832891702652, "accuracy": 0.5854, "preccision": 0.5892514590061749, "recall": 0.5854, "f1": 0.585912802377317}
{"round": 19, "loss": 0.2697844218015671, "accuracy": 0.573, "preccision": 0.5774358332935198, "recall": 0.573, "f1": 0.5733473632039989}
{"round": 20, "loss": 0.3363424676179886, "accuracy": 0.5635, "preccision": 0.5681908903280589, "recall": 0.5635, "f1": 0.5638402517091965}
