{"loss": 0.07629193887114527, "accuracy": 0.13645833333333335}
{"loss": 0.07522870550553004, "accuracy": 0.22291666666666668}
{"loss": 0.07298982044061025, "accuracy": 0.22708333333333336}
{"loss": 0.06773646846413614, "accuracy": 0.3416666666666667}
{"loss": 0.06090922107299168, "accuracy": 0.43750000000000006}
{"loss": 0.051448944583535196, "accuracy": 0.5083333333333334}
{"loss": 0.04730147017786901, "accuracy": 0.5416666666666666}
{"loss": 0.04989794784535964, "accuracy": 0.5104166666666666}
{"loss": 0.05133247462411721, "accuracy": 0.5489583333333333}
{"loss": 0.05918103543420633, "accuracy": 0.5458333333333334}
{"loss": 0.07323348447680474, "accuracy": 0.5416666666666666}
{"loss": 0.08941711795826751, "accuracy": 0.5395833333333333}
{"loss": 0.1256956748664379, "accuracy": 0.5114583333333333}
{"loss": 0.15085977042714754, "accuracy": 0.503125}
{"loss": 0.2044859224309524, "accuracy": 0.4875}
{"loss": 0.27387920866409937, "accuracy": 0.484375}
{"loss": 0.35685554817318915, "accuracy": 0.45104166666666673}
{"loss": 0.4124628370006879, "accuracy": 0.4625}
{"loss": 0.5141568720340729, "accuracy": 0.4427083333333333}
{"loss": 0.6219886342684428, "accuracy": 0.4604166666666667}
