{"round": 0, "loss": 0.07212486484050751, "accuracy": 0.0958, "preccision": 0.009177639999999999, "recall": 0.0958, "f1": 0.0167505749224311}
{"round": 1, "loss": 0.07147757928371429, "accuracy": 0.1612, "preccision": 0.3181959940307313, "recall": 0.1612, "f1": 0.12747622955602864}
{"round": 2, "loss": 0.07051406445503235, "accuracy": 0.2406, "preccision": 0.22367160665983646, "recall": 0.2406, "f1": 0.1761534906862159}
{"round": 3, "loss": 0.06820732913017273, "accuracy": 0.2348, "preccision": 0.46374539380959834, "recall": 0.2348, "f1": 0.16796484042014972}
{"round": 4, "loss": 0.06363183821439743, "accuracy": 0.32, "preccision": 0.5587832457155404, "recall": 0.32, "f1": 0.26956717794104507}
{"round": 5, "loss": 0.056565948152542116, "accuracy": 0.4565, "preccision": 0.5294028646722194, "recall": 0.4565, "f1": 0.4189321711945172}
{"round": 6, "loss": 0.04870570631027222, "accuracy": 0.5033, "preccision": 0.5196873737809027, "recall": 0.5033, "f1": 0.46878117722400914}
{"round": 7, "loss": 0.043541544926166534, "accuracy": 0.5312, "preccision": 0.5090024869787405, "recall": 0.5312, "f1": 0.48790044909366187}
{"round": 8, "loss": 0.04284701704382896, "accuracy": 0.54, "preccision": 0.5250008255985005, "recall": 0.54, "f1": 0.5054819877194296}
{"round": 9, "loss": 0.044492470598220826, "accuracy": 0.5625, "preccision": 0.5448232149674471, "recall": 0.5625, "f1": 0.5405662382432181}
{"round": 10, "loss": 0.0535753080368042, "accuracy": 0.5569, "preccision": 0.5318044102041274, "recall": 0.5569, "f1": 0.5329048349892316}
{"round": 11, "loss": 0.06623733673095702, "accuracy": 0.5493, "preccision": 0.5406054394770518, "recall": 0.5493, "f1": 0.536412345945131}
{"round": 12, "loss": 0.08407395048141479, "accuracy": 0.5475, "preccision": 0.5333477079335859, "recall": 0.5475, "f1": 0.5369628221589994}
{"round": 13, "loss": 0.11050759407281875, "accuracy": 0.5338, "preccision": 0.5210989489183777, "recall": 0.5338, "f1": 0.5239214784890214}
{"round": 14, "loss": 0.144346793448925, "accuracy": 0.5166, "preccision": 0.5192360738364544, "recall": 0.5166, "f1": 0.5137804888793213}
{"round": 15, "loss": 0.1876993288755417, "accuracy": 0.5084, "preccision": 0.5030461832873016, "recall": 0.5084, "f1": 0.5037208859546547}
{"round": 16, "loss": 0.24239192144870758, "accuracy": 0.4892, "preccision": 0.49329202275415585, "recall": 0.4892, "f1": 0.48860540195665436}
{"round": 17, "loss": 0.3064653809070587, "accuracy": 0.4799, "preccision": 0.483807050524812, "recall": 0.4799, "f1": 0.4805270724438371}
{"round": 18, "loss": 0.3904615358352661, "accuracy": 0.4692, "preccision": 0.4693799211021713, "recall": 0.4692, "f1": 0.4678993350188525}
{"round": 19, "loss": 0.49060851111412046, "accuracy": 0.4583, "preccision": 0.45545994581773386, "recall": 0.4583, "f1": 0.45623899575465293}
{"round": 20, "loss": 0.6200254030227661, "accuracy": 0.4416, "preccision": 0.44762112484848715, "recall": 0.4416, "f1": 0.44273978185836504}
