{"loss": 0.07647267560164134, "accuracy": 0.1375}
{"loss": 0.07572273512681324, "accuracy": 0.1975}
{"loss": 0.07328824937343596, "accuracy": 0.24333333333333335}
{"loss": 0.06714968423048655, "accuracy": 0.3466666666666667}
{"loss": 0.057783653438091276, "accuracy": 0.4216666666666667}
{"loss": 0.053005434970060994, "accuracy": 0.4958333333333333}
{"loss": 0.060768779615561166, "accuracy": 0.5208333333333333}
{"loss": 0.08259139577547711, "accuracy": 0.5325}
{"loss": 0.1223214010397593, "accuracy": 0.5291666666666666}
{"loss": 0.1865305596590042, "accuracy": 0.505}
{"loss": 0.28285999576250714, "accuracy": 0.485}
{"loss": 0.4204852680365245, "accuracy": 0.4708333333333333}
{"loss": 0.61021493434906, "accuracy": 0.45666666666666667}
{"loss": 0.8640966431299845, "accuracy": 0.4491666666666666}
{"loss": 1.1936202367146813, "accuracy": 0.43999999999999995}
{"loss": 1.6171681467692056, "accuracy": 0.43166666666666664}
{"loss": 2.150116850535075, "accuracy": 0.42333333333333334}
{"loss": 2.820285132726034, "accuracy": 0.41583333333333333}
{"loss": 3.644638846715291, "accuracy": 0.40750000000000003}
{"loss": 4.645539061228434, "accuracy": 0.40083333333333326}
