{"round": 0, "loss": 0.07210463590621949, "accuracy": 0.0953, "preccision": 0.08720333535537352, "recall": 0.0953, "f1": 0.06449457672192811}
{"round": 1, "loss": 0.07182376935482025, "accuracy": 0.1378, "preccision": 0.09465250738919326, "recall": 0.1378, "f1": 0.0735583096033937}
{"round": 2, "loss": 0.07109732105731964, "accuracy": 0.1945, "preccision": 0.18060538710725252, "recall": 0.1945, "f1": 0.11515919073441978}
{"round": 3, "loss": 0.06876999289989472, "accuracy": 0.2546, "preccision": 0.40377482083903865, "recall": 0.2546, "f1": 0.1619680792141115}
{"round": 4, "loss": 0.0629975328207016, "accuracy": 0.339, "preccision": 0.36496381244506015, "recall": 0.339, "f1": 0.2659961060836294}
{"round": 5, "loss": 0.05415333087444305, "accuracy": 0.4289, "preccision": 0.43126485205879733, "recall": 0.4289, "f1": 0.389789111517339}
{"round": 6, "loss": 0.050346740251779556, "accuracy": 0.4832, "preccision": 0.4608059864613377, "recall": 0.4832, "f1": 0.4501812856156201}
{"round": 7, "loss": 0.05929353162050247, "accuracy": 0.5172, "preccision": 0.4954863411547761, "recall": 0.5172, "f1": 0.4958075248623253}
{"round": 8, "loss": 0.08225749090909958, "accuracy": 0.5212, "preccision": 0.5057231470719797, "recall": 0.5212, "f1": 0.5069697093666963}
{"round": 9, "loss": 0.12173970086574555, "accuracy": 0.5132, "preccision": 0.5045061935043131, "recall": 0.5132, "f1": 0.5051961058030277}
{"round": 10, "loss": 0.18285289964675902, "accuracy": 0.5001, "preccision": 0.4965234563588915, "recall": 0.5001, "f1": 0.49531889631704096}
{"round": 11, "loss": 0.27285291385650634, "accuracy": 0.4842, "preccision": 0.48449681164335573, "recall": 0.4842, "f1": 0.4813363528671627}
{"round": 12, "loss": 0.40029077892303466, "accuracy": 0.4718, "preccision": 0.47509482753948495, "recall": 0.4718, "f1": 0.46998025224172535}
{"round": 13, "loss": 0.5744962743759155, "accuracy": 0.4565, "preccision": 0.46119966140955876, "recall": 0.4565, "f1": 0.455128248002234}
{"round": 14, "loss": 0.8058272789955139, "accuracy": 0.4441, "preccision": 0.4494829620558894, "recall": 0.4441, "f1": 0.4427526925842178}
{"round": 15, "loss": 1.1070155614852906, "accuracy": 0.4357, "preccision": 0.44180933082208346, "recall": 0.4357, "f1": 0.43467227497863176}
{"round": 16, "loss": 1.4942565599441529, "accuracy": 0.4296, "preccision": 0.43597762682873453, "recall": 0.4296, "f1": 0.42839687593399955}
{"round": 17, "loss": 1.9806260931015014, "accuracy": 0.4261, "preccision": 0.4331846937520142, "recall": 0.4261, "f1": 0.4253962938577589}
{"round": 18, "loss": 2.5917711847305296, "accuracy": 0.42, "preccision": 0.4276234171778496, "recall": 0.42, "f1": 0.41959070731635395}
{"round": 19, "loss": 3.3478513580322264, "accuracy": 0.4129, "preccision": 0.4216858363405299, "recall": 0.4129, "f1": 0.41295066215887744}
{"round": 20, "loss": 4.264189060974121, "accuracy": 0.4087, "preccision": 0.4174790552063542, "recall": 0.4087, "f1": 0.40891516233312386}
