{"loss": 0.07626505482196806, "accuracy": 0.19166666666666668}
{"loss": 0.07535862823327383, "accuracy": 0.3096666666666666}
{"loss": 0.07337063316504161, "accuracy": 0.3713333333333332}
{"loss": 0.06905354402683397, "accuracy": 0.4722222222222223}
{"loss": 0.060968301892280585, "accuracy": 0.5246666666666666}
{"loss": 0.05015078608194986, "accuracy": 0.5713333333333334}
{"loss": 0.04122267378369966, "accuracy": 0.6044999999999999}
{"loss": 0.03676942473649978, "accuracy": 0.6333333333333333}
{"loss": 0.03619322777787844, "accuracy": 0.6583333333333333}
{"loss": 0.03923179826140403, "accuracy": 0.6679999999999999}
{"loss": 0.04569974616666636, "accuracy": 0.6753333333333333}
{"loss": 0.05587654851873714, "accuracy": 0.6673333333333332}
{"loss": 0.07006840676069259, "accuracy": 0.6638333333333332}
{"loss": 0.08909682544072471, "accuracy": 0.6533333333333333}
{"loss": 0.11354362602035206, "accuracy": 0.6415000000000001}
{"loss": 0.1443734273513159, "accuracy": 0.6298333333333335}
{"loss": 0.1822616313099861, "accuracy": 0.6163333333333333}
{"loss": 0.2283325604597728, "accuracy": 0.6048333333333333}
{"loss": 0.28343250624338784, "accuracy": 0.5913333333333332}
{"loss": 0.34932246061166133, "accuracy": 0.5833333333333333}
