{"round": 0, "loss": 0.07218380236625671, "accuracy": 0.0859, "preccision": 0.017529694651803568, "recall": 0.0859, "f1": 0.019027111094346374}
{"round": 1, "loss": 0.07160039765834808, "accuracy": 0.1974, "preccision": 0.15367765128498218, "recall": 0.1974, "f1": 0.1187422080629605}
{"round": 2, "loss": 0.07073744406700135, "accuracy": 0.3105, "preccision": 0.3370503597840807, "recall": 0.3105, "f1": 0.20224954823302538}
{"round": 3, "loss": 0.06883396527767181, "accuracy": 0.3672, "preccision": 0.4200727611865975, "recall": 0.3672, "f1": 0.2946224950665073}
{"round": 4, "loss": 0.06472387603521347, "accuracy": 0.4694, "preccision": 0.5565684868024744, "recall": 0.4694, "f1": 0.419452892578029}
{"round": 5, "loss": 0.05693035832643509, "accuracy": 0.5299, "preccision": 0.5831538754579683, "recall": 0.5299, "f1": 0.5024427053999981}
{"round": 6, "loss": 0.046522416174411774, "accuracy": 0.5826, "preccision": 0.6053796312210699, "recall": 0.5826, "f1": 0.5603357926005623}
{"round": 7, "loss": 0.03783001360297203, "accuracy": 0.6126, "preccision": 0.6206846650173363, "recall": 0.6126, "f1": 0.5896014545046874}
{"round": 8, "loss": 0.03345410489439964, "accuracy": 0.6438, "preccision": 0.6427009869245865, "recall": 0.6438, "f1": 0.6234157885411732}
{"round": 9, "loss": 0.03287599022984505, "accuracy": 0.6717, "preccision": 0.6648084324106692, "recall": 0.6717, "f1": 0.6566287726294513}
{"round": 10, "loss": 0.035574621367454526, "accuracy": 0.6791, "preccision": 0.6702345395761548, "recall": 0.6791, "f1": 0.6681330204674011}
{"round": 11, "loss": 0.0414121315330267, "accuracy": 0.678, "preccision": 0.6699155807650268, "recall": 0.678, "f1": 0.670318147191302}
{"round": 12, "loss": 0.05074385612308979, "accuracy": 0.6739, "preccision": 0.6666590648230862, "recall": 0.6739, "f1": 0.6679975345625043}
{"round": 13, "loss": 0.06397509496212006, "accuracy": 0.6671, "preccision": 0.6614170582376152, "recall": 0.6671, "f1": 0.6627748770202936}
{"round": 14, "loss": 0.08184561121463775, "accuracy": 0.6555, "preccision": 0.651460149109348, "recall": 0.6555, "f1": 0.6521947418044478}
{"round": 15, "loss": 0.10505827236175537, "accuracy": 0.6416, "preccision": 0.6385293400716865, "recall": 0.6416, "f1": 0.6387817172259461}
{"round": 16, "loss": 0.1344725089609623, "accuracy": 0.6285, "preccision": 0.6262252874591917, "recall": 0.6285, "f1": 0.6261934528575629}
{"round": 17, "loss": 0.17071036546230317, "accuracy": 0.616, "preccision": 0.6155276255288636, "recall": 0.616, "f1": 0.6145602187623369}
{"round": 18, "loss": 0.21473930755853654, "accuracy": 0.6056, "preccision": 0.6061475547577782, "recall": 0.6056, "f1": 0.6045139259420407}
{"round": 19, "loss": 0.26764424986839297, "accuracy": 0.5944, "preccision": 0.5962266487294122, "recall": 0.5944, "f1": 0.5939936031778368}
{"round": 20, "loss": 0.33046033842563627, "accuracy": 0.5845, "preccision": 0.5871507600460448, "recall": 0.5845, "f1": 0.5845157332489249}
