{"loss": 0.0761508289972941, "accuracy": 0.22124999999999995}
{"loss": 0.07527682463328046, "accuracy": 0.40458333333333335}
{"loss": 0.07372761676708858, "accuracy": 0.46333333333333326}
{"loss": 0.07117568393548328, "accuracy": 0.48125}
{"loss": 0.06745249723394713, "accuracy": 0.5054166666666666}
{"loss": 0.062385326375563946, "accuracy": 0.5354166666666667}
{"loss": 0.05615019559860229, "accuracy": 0.5774999999999999}
{"loss": 0.05016895050803821, "accuracy": 0.5845833333333333}
{"loss": 0.04493353774150212, "accuracy": 0.6099999999999999}
{"loss": 0.040483985940615336, "accuracy": 0.6316666666666666}
{"loss": 0.0364696151514848, "accuracy": 0.6650000000000001}
{"loss": 0.03328760432700316, "accuracy": 0.6741666666666668}
{"loss": 0.03059596220652263, "accuracy": 0.7020833333333334}
{"loss": 0.028393186902006474, "accuracy": 0.7154166666666666}
{"loss": 0.02625722948461771, "accuracy": 0.7341666666666666}
{"loss": 0.02512198788424333, "accuracy": 0.7424999999999999}
{"loss": 0.02423481217275063, "accuracy": 0.745}
{"loss": 0.02266130847235521, "accuracy": 0.7695833333333332}
{"loss": 0.021321033500134944, "accuracy": 0.7887500000000001}
{"loss": 0.02108202350636323, "accuracy": 0.7900000000000001}
