{"round": 0, "loss": 0.07204539165496826, "accuracy": 0.1096}
{"round": 1, "loss": 0.07151626875400544, "accuracy": 0.2143}
{"round": 2, "loss": 0.07067674565315246, "accuracy": 0.4101}
{"round": 3, "loss": 0.06918371758460999, "accuracy": 0.4701}
{"round": 4, "loss": 0.06674488241672516, "accuracy": 0.4912}
{"round": 5, "loss": 0.06315934188365936, "accuracy": 0.514}
{"round": 6, "loss": 0.05832775731086731, "accuracy": 0.5415}
{"round": 7, "loss": 0.05238649832010269, "accuracy": 0.5829}
{"round": 8, "loss": 0.04667284778356552, "accuracy": 0.5909}
{"round": 9, "loss": 0.041559500962495804, "accuracy": 0.6212}
{"round": 10, "loss": 0.0372398520052433, "accuracy": 0.6375}
{"round": 11, "loss": 0.03332593121528626, "accuracy": 0.6815}
{"round": 12, "loss": 0.03030271911621094, "accuracy": 0.6858}
{"round": 13, "loss": 0.02772486410737038, "accuracy": 0.7159}
{"round": 14, "loss": 0.02577870789170265, "accuracy": 0.7222}
{"round": 15, "loss": 0.02380701895058155, "accuracy": 0.742}
{"round": 16, "loss": 0.02278218592107296, "accuracy": 0.7502}
{"round": 17, "loss": 0.021972746667265893, "accuracy": 0.7567}
{"round": 18, "loss": 0.02051677843630314, "accuracy": 0.7805}
{"round": 19, "loss": 0.019299345967173576, "accuracy": 0.7997}
{"round": 20, "loss": 0.019084887462854385, "accuracy": 0.7977}
