{"loss": 0.0764663451910019, "accuracy": 0.14}
{"loss": 0.07611095905303955, "accuracy": 0.22416666666666668}
{"loss": 0.07559642791748046, "accuracy": 0.24333333333333335}
{"loss": 0.07469318787256876, "accuracy": 0.3416666666666667}
{"loss": 0.07321744640668235, "accuracy": 0.4833333333333334}
{"loss": 0.07107494254906972, "accuracy": 0.6008333333333333}
{"loss": 0.06748216470082599, "accuracy": 0.6483333333333334}
{"loss": 0.06259748349587121, "accuracy": 0.6441666666666667}
{"loss": 0.056528958380222316, "accuracy": 0.6216666666666667}
{"loss": 0.05052430560191473, "accuracy": 0.6408333333333334}
{"loss": 0.045204175412654875, "accuracy": 0.6316666666666667}
{"loss": 0.039970334321260445, "accuracy": 0.6408333333333334}
{"loss": 0.03581690828005473, "accuracy": 0.6566666666666666}
{"loss": 0.03319974462191264, "accuracy": 0.6516666666666667}
{"loss": 0.030115489661693574, "accuracy": 0.6958333333333333}
{"loss": 0.02826612554490566, "accuracy": 0.6991666666666667}
{"loss": 0.026548878476023673, "accuracy": 0.715}
{"loss": 0.026026881486177444, "accuracy": 0.7241666666666667}
{"loss": 0.024538568730155624, "accuracy": 0.7475}
{"loss": 0.023621893674135207, "accuracy": 0.7625000000000001}
