{"round": 0, "loss": 0.07214015040397644, "accuracy": 0.0988}
{"round": 1, "loss": 0.07188440587520599, "accuracy": 0.1191}
{"round": 2, "loss": 0.07152917411327363, "accuracy": 0.2077}
{"round": 3, "loss": 0.07102800238132477, "accuracy": 0.2322}
{"round": 4, "loss": 0.07014567322731018, "accuracy": 0.3401}
{"round": 5, "loss": 0.06873192565441132, "accuracy": 0.4847}
{"round": 6, "loss": 0.06661269836425782, "accuracy": 0.6077}
{"round": 7, "loss": 0.06313730535507202, "accuracy": 0.6433}
{"round": 8, "loss": 0.058383102703094485, "accuracy": 0.6452}
{"round": 9, "loss": 0.05245379067659378, "accuracy": 0.6248}
{"round": 10, "loss": 0.0466114778637886, "accuracy": 0.651}
{"round": 11, "loss": 0.04153412173390388, "accuracy": 0.6346}
{"round": 12, "loss": 0.03662447029352188, "accuracy": 0.6493}
{"round": 13, "loss": 0.032826439023017885, "accuracy": 0.6679}
{"round": 14, "loss": 0.030447502738237382, "accuracy": 0.6532}
{"round": 15, "loss": 0.027604743003845213, "accuracy": 0.6969}
{"round": 16, "loss": 0.02621285594403744, "accuracy": 0.6963}
{"round": 17, "loss": 0.02465774305164814, "accuracy": 0.7184}
{"round": 18, "loss": 0.024482688948512077, "accuracy": 0.7185}
{"round": 19, "loss": 0.023135529735684394, "accuracy": 0.7373}
{"round": 20, "loss": 0.022125247654318808, "accuracy": 0.7584}
